Date,vix,treasury_10y,treasury_2y,fed_funds_rate,cpi_all_items,cpi_yoy,unemployment_rate,recession_indicator,term_spread_10y_2y
1854-12-01,,,,,,,,1.0,
1855-01-01,,,,,,,,0.0,
1855-02-01,,,,,,,,0.0,
1855-03-01,,,,,,,,0.0,
1855-04-01,,,,,,,,0.0,
1855-05-01,,,,,,,,0.0,
1855-06-01,,,,,,,,0.0,
1855-07-01,,,,,,,,0.0,
1855-08-01,,,,,,,,0.0,
1855-09-01,,,,,,,,0.0,
1855-10-01,,,,,,,,0.0,
1855-11-01,,,,,,,,0.0,
1855-12-01,,,,,,,,0.0,
1856-01-01,,,,,,,,0.0,
1856-02-01,,,,,,,,0.0,
1856-03-01,,,,,,,,0.0,
1856-04-01,,,,,,,,0.0,
1856-05-01,,,,,,,,0.0,
1856-06-01,,,,,,,,0.0,
1856-07-01,,,,,,,,0.0,
1856-08-01,,,,,,,,0.0,
1856-09-01,,,,,,,,0.0,
1856-10-01,,,,,,,,0.0,
1856-11-01,,,,,,,,0.0,
1856-12-01,,,,,,,,0.0,
1857-01-01,,,,,,,,0.0,
1857-02-01,,,,,,,,0.0,
1857-03-01,,,,,,,,0.0,
1857-04-01,,,,,,,,0.0,
1857-05-01,,,,,,,,0.0,
1857-06-01,,,,,,,,0.0,
1857-07-01,,,,,,,,1.0,
1857-08-01,,,,,,,,1.0,
1857-09-01,,,,,,,,1.0,
1857-10-01,,,,,,,,1.0,
1857-11-01,,,,,,,,1.0,
1857-12-01,,,,,,,,1.0,
1858-01-01,,,,,,,,1.0,
1858-02-01,,,,,,,,1.0,
1858-03-01,,,,,,,,1.0,
1858-04-01,,,,,,,,1.0,
1858-05-01,,,,,,,,1.0,
1858-06-01,,,,,,,,1.0,
1858-07-01,,,,,,,,1.0,
1858-08-01,,,,,,,,1.0,
1858-09-01,,,,,,,,1.0,
1858-10-01,,,,,,,,1.0,
1858-11-01,,,,,,,,1.0,
1858-12-01,,,,,,,,1.0,
1859-01-01,,,,,,,,0.0,
1859-02-01,,,,,,,,0.0,
1859-03-01,,,,,,,,0.0,
1859-04-01,,,,,,,,0.0,
1859-05-01,,,,,,,,0.0,
1859-06-01,,,,,,,,0.0,
1859-07-01,,,,,,,,0.0,
1859-08-01,,,,,,,,0.0,
1859-09-01,,,,,,,,0.0,
1859-10-01,,,,,,,,0.0,
1859-11-01,,,,,,,,0.0,
1859-12-01,,,,,,,,0.0,
1860-01-01,,,,,,,,0.0,
1860-02-01,,,,,,,,0.0,
1860-03-01,,,,,,,,0.0,
1860-04-01,,,,,,,,0.0,
1860-05-01,,,,,,,,0.0,
1860-06-01,,,,,,,,0.0,
1860-07-01,,,,,,,,0.0,
1860-08-01,,,,,,,,0.0,
1860-09-01,,,,,,,,0.0,
1860-10-01,,,,,,,,0.0,
1860-11-01,,,,,,,,1.0,
1860-12-01,,,,,,,,1.0,
1861-01-01,,,,,,,,1.0,
1861-02-01,,,,,,,,1.0,
1861-03-01,,,,,,,,1.0,
1861-04-01,,,,,,,,1.0,
1861-05-01,,,,,,,,1.0,
1861-06-01,,,,,,,,1.0,
1861-07-01,,,,,,,,0.0,
1861-08-01,,,,,,,,0.0,
1861-09-01,,,,,,,,0.0,
1861-10-01,,,,,,,,0.0,
1861-11-01,,,,,,,,0.0,
1861-12-01,,,,,,,,0.0,
1862-01-01,,,,,,,,0.0,
1862-02-01,,,,,,,,0.0,
1862-03-01,,,,,,,,0.0,
1862-04-01,,,,,,,,0.0,
1862-05-01,,,,,,,,0.0,
1862-06-01,,,,,,,,0.0,
1862-07-01,,,,,,,,0.0,
1862-08-01,,,,,,,,0.0,
1862-09-01,,,,,,,,0.0,
1862-10-01,,,,,,,,0.0,
1862-11-01,,,,,,,,0.0,
1862-12-01,,,,,,,,0.0,
1863-01-01,,,,,,,,0.0,
1863-02-01,,,,,,,,0.0,
1863-03-01,,,,,,,,0.0,
1863-04-01,,,,,,,,0.0,
1863-05-01,,,,,,,,0.0,
1863-06-01,,,,,,,,0.0,
1863-07-01,,,,,,,,0.0,
1863-08-01,,,,,,,,0.0,
1863-09-01,,,,,,,,0.0,
1863-10-01,,,,,,,,0.0,
1863-11-01,,,,,,,,0.0,
1863-12-01,,,,,,,,0.0,
1864-01-01,,,,,,,,0.0,
1864-02-01,,,,,,,,0.0,
1864-03-01,,,,,,,,0.0,
1864-04-01,,,,,,,,0.0,
1864-05-01,,,,,,,,0.0,
1864-06-01,,,,,,,,0.0,
1864-07-01,,,,,,,,0.0,
1864-08-01,,,,,,,,0.0,
1864-09-01,,,,,,,,0.0,
1864-10-01,,,,,,,,0.0,
1864-11-01,,,,,,,,0.0,
1864-12-01,,,,,,,,0.0,
1865-01-01,,,,,,,,0.0,
1865-02-01,,,,,,,,0.0,
1865-03-01,,,,,,,,0.0,
1865-04-01,,,,,,,,0.0,
1865-05-01,,,,,,,,1.0,
1865-06-01,,,,,,,,1.0,
1865-07-01,,,,,,,,1.0,
1865-08-01,,,,,,,,1.0,
1865-09-01,,,,,,,,1.0,
1865-10-01,,,,,,,,1.0,
1865-11-01,,,,,,,,1.0,
1865-12-01,,,,,,,,1.0,
1866-01-01,,,,,,,,1.0,
1866-02-01,,,,,,,,1.0,
1866-03-01,,,,,,,,1.0,
1866-04-01,,,,,,,,1.0,
1866-05-01,,,,,,,,1.0,
1866-06-01,,,,,,,,1.0,
1866-07-01,,,,,,,,1.0,
1866-08-01,,,,,,,,1.0,
1866-09-01,,,,,,,,1.0,
1866-10-01,,,,,,,,1.0,
1866-11-01,,,,,,,,1.0,
1866-12-01,,,,,,,,1.0,
1867-01-01,,,,,,,,1.0,
1867-02-01,,,,,,,,1.0,
1867-03-01,,,,,,,,1.0,
1867-04-01,,,,,,,,1.0,
1867-05-01,,,,,,,,1.0,
1867-06-01,,,,,,,,1.0,
1867-07-01,,,,,,,,1.0,
1867-08-01,,,,,,,,1.0,
1867-09-01,,,,,,,,1.0,
1867-10-01,,,,,,,,1.0,
1867-11-01,,,,,,,,1.0,
1867-12-01,,,,,,,,1.0,
1868-01-01,,,,,,,,0.0,
1868-02-01,,,,,,,,0.0,
1868-03-01,,,,,,,,0.0,
1868-04-01,,,,,,,,0.0,
1868-05-01,,,,,,,,0.0,
1868-06-01,,,,,,,,0.0,
1868-07-01,,,,,,,,0.0,
1868-08-01,,,,,,,,0.0,
1868-09-01,,,,,,,,0.0,
1868-10-01,,,,,,,,0.0,
1868-11-01,,,,,,,,0.0,
1868-12-01,,,,,,,,0.0,
1869-01-01,,,,,,,,0.0,
1869-02-01,,,,,,,,0.0,
1869-03-01,,,,,,,,0.0,
1869-04-01,,,,,,,,0.0,
1869-05-01,,,,,,,,0.0,
1869-06-01,,,,,,,,0.0,
1869-07-01,,,,,,,,1.0,
1869-08-01,,,,,,,,1.0,
1869-09-01,,,,,,,,1.0,
1869-10-01,,,,,,,,1.0,
1869-11-01,,,,,,,,1.0,
1869-12-01,,,,,,,,1.0,
1870-01-01,,,,,,,,1.0,
1870-02-01,,,,,,,,1.0,
1870-03-01,,,,,,,,1.0,
1870-04-01,,,,,,,,1.0,
1870-05-01,,,,,,,,1.0,
1870-06-01,,,,,,,,1.0,
1870-07-01,,,,,,,,1.0,
1870-08-01,,,,,,,,1.0,
1870-09-01,,,,,,,,1.0,
1870-10-01,,,,,,,,1.0,
1870-11-01,,,,,,,,1.0,
1870-12-01,,,,,,,,1.0,
1871-01-01,,,,,,,,0.0,
1871-02-01,,,,,,,,0.0,
1871-03-01,,,,,,,,0.0,
1871-04-01,,,,,,,,0.0,
1871-05-01,,,,,,,,0.0,
1871-06-01,,,,,,,,0.0,
1871-07-01,,,,,,,,0.0,
1871-08-01,,,,,,,,0.0,
1871-09-01,,,,,,,,0.0,
1871-10-01,,,,,,,,0.0,
1871-11-01,,,,,,,,0.0,
1871-12-01,,,,,,,,0.0,
1872-01-01,,,,,,,,0.0,
1872-02-01,,,,,,,,0.0,
1872-03-01,,,,,,,,0.0,
1872-04-01,,,,,,,,0.0,
1872-05-01,,,,,,,,0.0,
1872-06-01,,,,,,,,0.0,
1872-07-01,,,,,,,,0.0,
1872-08-01,,,,,,,,0.0,
1872-09-01,,,,,,,,0.0,
1872-10-01,,,,,,,,0.0,
1872-11-01,,,,,,,,0.0,
1872-12-01,,,,,,,,0.0,
1873-01-01,,,,,,,,0.0,
1873-02-01,,,,,,,,0.0,
1873-03-01,,,,,,,,0.0,
1873-04-01,,,,,,,,0.0,
1873-05-01,,,,,,,,0.0,
1873-06-01,,,,,,,,0.0,
1873-07-01,,,,,,,,0.0,
1873-08-01,,,,,,,,0.0,
1873-09-01,,,,,,,,0.0,
1873-10-01,,,,,,,,0.0,
1873-11-01,,,,,,,,1.0,
1873-12-01,,,,,,,,1.0,
1874-01-01,,,,,,,,1.0,
1874-02-01,,,,,,,,1.0,
1874-03-01,,,,,,,,1.0,
1874-04-01,,,,,,,,1.0,
1874-05-01,,,,,,,,1.0,
1874-06-01,,,,,,,,1.0,
1874-07-01,,,,,,,,1.0,
1874-08-01,,,,,,,,1.0,
1874-09-01,,,,,,,,1.0,
1874-10-01,,,,,,,,1.0,
1874-11-01,,,,,,,,1.0,
1874-12-01,,,,,,,,1.0,
1875-01-01,,,,,,,,1.0,
1875-02-01,,,,,,,,1.0,
1875-03-01,,,,,,,,1.0,
1875-04-01,,,,,,,,1.0,
1875-05-01,,,,,,,,1.0,
1875-06-01,,,,,,,,1.0,
1875-07-01,,,,,,,,1.0,
1875-08-01,,,,,,,,1.0,
1875-09-01,,,,,,,,1.0,
1875-10-01,,,,,,,,1.0,
1875-11-01,,,,,,,,1.0,
1875-12-01,,,,,,,,1.0,
1876-01-01,,,,,,,,1.0,
1876-02-01,,,,,,,,1.0,
1876-03-01,,,,,,,,1.0,
1876-04-01,,,,,,,,1.0,
1876-05-01,,,,,,,,1.0,
1876-06-01,,,,,,,,1.0,
1876-07-01,,,,,,,,1.0,
1876-08-01,,,,,,,,1.0,
1876-09-01,,,,,,,,1.0,
1876-10-01,,,,,,,,1.0,
1876-11-01,,,,,,,,1.0,
1876-12-01,,,,,,,,1.0,
1877-01-01,,,,,,,,1.0,
1877-02-01,,,,,,,,1.0,
1877-03-01,,,,,,,,1.0,
1877-04-01,,,,,,,,1.0,
1877-05-01,,,,,,,,1.0,
1877-06-01,,,,,,,,1.0,
1877-07-01,,,,,,,,1.0,
1877-08-01,,,,,,,,1.0,
1877-09-01,,,,,,,,1.0,
1877-10-01,,,,,,,,1.0,
1877-11-01,,,,,,,,1.0,
1877-12-01,,,,,,,,1.0,
1878-01-01,,,,,,,,1.0,
1878-02-01,,,,,,,,1.0,
1878-03-01,,,,,,,,1.0,
1878-04-01,,,,,,,,1.0,
1878-05-01,,,,,,,,1.0,
1878-06-01,,,,,,,,1.0,
1878-07-01,,,,,,,,1.0,
1878-08-01,,,,,,,,1.0,
1878-09-01,,,,,,,,1.0,
1878-10-01,,,,,,,,1.0,
1878-11-01,,,,,,,,1.0,
1878-12-01,,,,,,,,1.0,
1879-01-01,,,,,,,,1.0,
1879-02-01,,,,,,,,1.0,
1879-03-01,,,,,,,,1.0,
1879-04-01,,,,,,,,0.0,
1879-05-01,,,,,,,,0.0,
1879-06-01,,,,,,,,0.0,
1879-07-01,,,,,,,,0.0,
1879-08-01,,,,,,,,0.0,
1879-09-01,,,,,,,,0.0,
1879-10-01,,,,,,,,0.0,
1879-11-01,,,,,,,,0.0,
1879-12-01,,,,,,,,0.0,
1880-01-01,,,,,,,,0.0,
1880-02-01,,,,,,,,0.0,
1880-03-01,,,,,,,,0.0,
1880-04-01,,,,,,,,0.0,
1880-05-01,,,,,,,,0.0,
1880-06-01,,,,,,,,0.0,
1880-07-01,,,,,,,,0.0,
1880-08-01,,,,,,,,0.0,
1880-09-01,,,,,,,,0.0,
1880-10-01,,,,,,,,0.0,
1880-11-01,,,,,,,,0.0,
1880-12-01,,,,,,,,0.0,
1881-01-01,,,,,,,,0.0,
1881-02-01,,,,,,,,0.0,
1881-03-01,,,,,,,,0.0,
1881-04-01,,,,,,,,0.0,
1881-05-01,,,,,,,,0.0,
1881-06-01,,,,,,,,0.0,
1881-07-01,,,,,,,,0.0,
1881-08-01,,,,,,,,0.0,
1881-09-01,,,,,,,,0.0,
1881-10-01,,,,,,,,0.0,
1881-11-01,,,,,,,,0.0,
1881-12-01,,,,,,,,0.0,
1882-01-01,,,,,,,,0.0,
1882-02-01,,,,,,,,0.0,
1882-03-01,,,,,,,,0.0,
1882-04-01,,,,,,,,1.0,
1882-05-01,,,,,,,,1.0,
1882-06-01,,,,,,,,1.0,
1882-07-01,,,,,,,,1.0,
1882-08-01,,,,,,,,1.0,
1882-09-01,,,,,,,,1.0,
1882-10-01,,,,,,,,1.0,
1882-11-01,,,,,,,,1.0,
1882-12-01,,,,,,,,1.0,
1883-01-01,,,,,,,,1.0,
1883-02-01,,,,,,,,1.0,
1883-03-01,,,,,,,,1.0,
1883-04-01,,,,,,,,1.0,
1883-05-01,,,,,,,,1.0,
1883-06-01,,,,,,,,1.0,
1883-07-01,,,,,,,,1.0,
1883-08-01,,,,,,,,1.0,
1883-09-01,,,,,,,,1.0,
1883-10-01,,,,,,,,1.0,
1883-11-01,,,,,,,,1.0,
1883-12-01,,,,,,,,1.0,
1884-01-01,,,,,,,,1.0,
1884-02-01,,,,,,,,1.0,
1884-03-01,,,,,,,,1.0,
1884-04-01,,,,,,,,1.0,
1884-05-01,,,,,,,,1.0,
1884-06-01,,,,,,,,1.0,
1884-07-01,,,,,,,,1.0,
1884-08-01,,,,,,,,1.0,
1884-09-01,,,,,,,,1.0,
1884-10-01,,,,,,,,1.0,
1884-11-01,,,,,,,,1.0,
1884-12-01,,,,,,,,1.0,
1885-01-01,,,,,,,,1.0,
1885-02-01,,,,,,,,1.0,
1885-03-01,,,,,,,,1.0,
1885-04-01,,,,,,,,1.0,
1885-05-01,,,,,,,,1.0,
1885-06-01,,,,,,,,0.0,
1885-07-01,,,,,,,,0.0,
1885-08-01,,,,,,,,0.0,
1885-09-01,,,,,,,,0.0,
1885-10-01,,,,,,,,0.0,
1885-11-01,,,,,,,,0.0,
1885-12-01,,,,,,,,0.0,
1886-01-01,,,,,,,,0.0,
1886-02-01,,,,,,,,0.0,
1886-03-01,,,,,,,,0.0,
1886-04-01,,,,,,,,0.0,
1886-05-01,,,,,,,,0.0,
1886-06-01,,,,,,,,0.0,
1886-07-01,,,,,,,,0.0,
1886-08-01,,,,,,,,0.0,
1886-09-01,,,,,,,,0.0,
1886-10-01,,,,,,,,0.0,
1886-11-01,,,,,,,,0.0,
1886-12-01,,,,,,,,0.0,
1887-01-01,,,,,,,,0.0,
1887-02-01,,,,,,,,0.0,
1887-03-01,,,,,,,,0.0,
1887-04-01,,,,,,,,1.0,
1887-05-01,,,,,,,,1.0,
1887-06-01,,,,,,,,1.0,
1887-07-01,,,,,,,,1.0,
1887-08-01,,,,,,,,1.0,
1887-09-01,,,,,,,,1.0,
1887-10-01,,,,,,,,1.0,
1887-11-01,,,,,,,,1.0,
1887-12-01,,,,,,,,1.0,
1888-01-01,,,,,,,,1.0,
1888-02-01,,,,,,,,1.0,
1888-03-01,,,,,,,,1.0,
1888-04-01,,,,,,,,1.0,
1888-05-01,,,,,,,,0.0,
1888-06-01,,,,,,,,0.0,
1888-07-01,,,,,,,,0.0,
1888-08-01,,,,,,,,0.0,
1888-09-01,,,,,,,,0.0,
1888-10-01,,,,,,,,0.0,
1888-11-01,,,,,,,,0.0,
1888-12-01,,,,,,,,0.0,
1889-01-01,,,,,,,,0.0,
1889-02-01,,,,,,,,0.0,
1889-03-01,,,,,,,,0.0,
1889-04-01,,,,,,,,0.0,
1889-05-01,,,,,,,,0.0,
1889-06-01,,,,,,,,0.0,
1889-07-01,,,,,,,,0.0,
1889-08-01,,,,,,,,0.0,
1889-09-01,,,,,,,,0.0,
1889-10-01,,,,,,,,0.0,
1889-11-01,,,,,,,,0.0,
1889-12-01,,,,,,,,0.0,
1890-01-01,,,,,,,,0.0,
1890-02-01,,,,,,,,0.0,
1890-03-01,,,,,,,,0.0,
1890-04-01,,,,,,,,0.0,
1890-05-01,,,,,,,,0.0,
1890-06-01,,,,,,,,0.0,
1890-07-01,,,,,,,,0.0,
1890-08-01,,,,,,,,1.0,
1890-09-01,,,,,,,,1.0,
1890-10-01,,,,,,,,1.0,
1890-11-01,,,,,,,,1.0,
1890-12-01,,,,,,,,1.0,
1891-01-01,,,,,,,,1.0,
1891-02-01,,,,,,,,1.0,
1891-03-01,,,,,,,,1.0,
1891-04-01,,,,,,,,1.0,
1891-05-01,,,,,,,,1.0,
1891-06-01,,,,,,,,0.0,
1891-07-01,,,,,,,,0.0,
1891-08-01,,,,,,,,0.0,
1891-09-01,,,,,,,,0.0,
1891-10-01,,,,,,,,0.0,
1891-11-01,,,,,,,,0.0,
1891-12-01,,,,,,,,0.0,
1892-01-01,,,,,,,,0.0,
1892-02-01,,,,,,,,0.0,
1892-03-01,,,,,,,,0.0,
1892-04-01,,,,,,,,0.0,
1892-05-01,,,,,,,,0.0,
1892-06-01,,,,,,,,0.0,
1892-07-01,,,,,,,,0.0,
1892-08-01,,,,,,,,0.0,
1892-09-01,,,,,,,,0.0,
1892-10-01,,,,,,,,0.0,
1892-11-01,,,,,,,,0.0,
1892-12-01,,,,,,,,0.0,
1893-01-01,,,,,,,,0.0,
1893-02-01,,,,,,,,1.0,
1893-03-01,,,,,,,,1.0,
1893-04-01,,,,,,,,1.0,
1893-05-01,,,,,,,,1.0,
1893-06-01,,,,,,,,1.0,
1893-07-01,,,,,,,,1.0,
1893-08-01,,,,,,,,1.0,
1893-09-01,,,,,,,,1.0,
1893-10-01,,,,,,,,1.0,
1893-11-01,,,,,,,,1.0,
1893-12-01,,,,,,,,1.0,
1894-01-01,,,,,,,,1.0,
1894-02-01,,,,,,,,1.0,
1894-03-01,,,,,,,,1.0,
1894-04-01,,,,,,,,1.0,
1894-05-01,,,,,,,,1.0,
1894-06-01,,,,,,,,1.0,
1894-07-01,,,,,,,,0.0,
1894-08-01,,,,,,,,0.0,
1894-09-01,,,,,,,,0.0,
1894-10-01,,,,,,,,0.0,
1894-11-01,,,,,,,,0.0,
1894-12-01,,,,,,,,0.0,
1895-01-01,,,,,,,,0.0,
1895-02-01,,,,,,,,0.0,
1895-03-01,,,,,,,,0.0,
1895-04-01,,,,,,,,0.0,
1895-05-01,,,,,,,,0.0,
1895-06-01,,,,,,,,0.0,
1895-07-01,,,,,,,,0.0,
1895-08-01,,,,,,,,0.0,
1895-09-01,,,,,,,,0.0,
1895-10-01,,,,,,,,0.0,
1895-11-01,,,,,,,,0.0,
1895-12-01,,,,,,,,0.0,
1896-01-01,,,,,,,,1.0,
1896-02-01,,,,,,,,1.0,
1896-03-01,,,,,,,,1.0,
1896-04-01,,,,,,,,1.0,
1896-05-01,,,,,,,,1.0,
1896-06-01,,,,,,,,1.0,
1896-07-01,,,,,,,,1.0,
1896-08-01,,,,,,,,1.0,
1896-09-01,,,,,,,,1.0,
1896-10-01,,,,,,,,1.0,
1896-11-01,,,,,,,,1.0,
1896-12-01,,,,,,,,1.0,
1897-01-01,,,,,,,,1.0,
1897-02-01,,,,,,,,1.0,
1897-03-01,,,,,,,,1.0,
1897-04-01,,,,,,,,1.0,
1897-05-01,,,,,,,,1.0,
1897-06-01,,,,,,,,1.0,
1897-07-01,,,,,,,,0.0,
1897-08-01,,,,,,,,0.0,
1897-09-01,,,,,,,,0.0,
1897-10-01,,,,,,,,0.0,
1897-11-01,,,,,,,,0.0,
1897-12-01,,,,,,,,0.0,
1898-01-01,,,,,,,,0.0,
1898-02-01,,,,,,,,0.0,
1898-03-01,,,,,,,,0.0,
1898-04-01,,,,,,,,0.0,
1898-05-01,,,,,,,,0.0,
1898-06-01,,,,,,,,0.0,
1898-07-01,,,,,,,,0.0,
1898-08-01,,,,,,,,0.0,
1898-09-01,,,,,,,,0.0,
1898-10-01,,,,,,,,0.0,
1898-11-01,,,,,,,,0.0,
1898-12-01,,,,,,,,0.0,
1899-01-01,,,,,,,,0.0,
1899-02-01,,,,,,,,0.0,
1899-03-01,,,,,,,,0.0,
1899-04-01,,,,,,,,0.0,
1899-05-01,,,,,,,,0.0,
1899-06-01,,,,,,,,0.0,
1899-07-01,,,,,,,,1.0,
1899-08-01,,,,,,,,1.0,
1899-09-01,,,,,,,,1.0,
1899-10-01,,,,,,,,1.0,
1899-11-01,,,,,,,,1.0,
1899-12-01,,,,,,,,1.0,
1900-01-01,,,,,,,,1.0,
1900-02-01,,,,,,,,1.0,
1900-03-01,,,,,,,,1.0,
1900-04-01,,,,,,,,1.0,
1900-05-01,,,,,,,,1.0,
1900-06-01,,,,,,,,1.0,
1900-07-01,,,,,,,,1.0,
1900-08-01,,,,,,,,1.0,
1900-09-01,,,,,,,,1.0,
1900-10-01,,,,,,,,1.0,
1900-11-01,,,,,,,,1.0,
1900-12-01,,,,,,,,1.0,
1901-01-01,,,,,,,,0.0,
1901-02-01,,,,,,,,0.0,
1901-03-01,,,,,,,,0.0,
1901-04-01,,,,,,,,0.0,
1901-05-01,,,,,,,,0.0,
1901-06-01,,,,,,,,0.0,
1901-07-01,,,,,,,,0.0,
1901-08-01,,,,,,,,0.0,
1901-09-01,,,,,,,,0.0,
1901-10-01,,,,,,,,0.0,
1901-11-01,,,,,,,,0.0,
1901-12-01,,,,,,,,0.0,
1902-01-01,,,,,,,,0.0,
1902-02-01,,,,,,,,0.0,
1902-03-01,,,,,,,,0.0,
1902-04-01,,,,,,,,0.0,
1902-05-01,,,,,,,,0.0,
1902-06-01,,,,,,,,0.0,
1902-07-01,,,,,,,,0.0,
1902-08-01,,,,,,,,0.0,
1902-09-01,,,,,,,,0.0,
1902-10-01,,,,,,,,1.0,
1902-11-01,,,,,,,,1.0,
1902-12-01,,,,,,,,1.0,
1903-01-01,,,,,,,,1.0,
1903-02-01,,,,,,,,1.0,
1903-03-01,,,,,,,,1.0,
1903-04-01,,,,,,,,1.0,
1903-05-01,,,,,,,,1.0,
1903-06-01,,,,,,,,1.0,
1903-07-01,,,,,,,,1.0,
1903-08-01,,,,,,,,1.0,
1903-09-01,,,,,,,,1.0,
1903-10-01,,,,,,,,1.0,
1903-11-01,,,,,,,,1.0,
1903-12-01,,,,,,,,1.0,
1904-01-01,,,,,,,,1.0,
1904-02-01,,,,,,,,1.0,
1904-03-01,,,,,,,,1.0,
1904-04-01,,,,,,,,1.0,
1904-05-01,,,,,,,,1.0,
1904-06-01,,,,,,,,1.0,
1904-07-01,,,,,,,,1.0,
1904-08-01,,,,,,,,1.0,
1904-09-01,,,,,,,,0.0,
1904-10-01,,,,,,,,0.0,
1904-11-01,,,,,,,,0.0,
1904-12-01,,,,,,,,0.0,
1905-01-01,,,,,,,,0.0,
1905-02-01,,,,,,,,0.0,
1905-03-01,,,,,,,,0.0,
1905-04-01,,,,,,,,0.0,
1905-05-01,,,,,,,,0.0,
1905-06-01,,,,,,,,0.0,
1905-07-01,,,,,,,,0.0,
1905-08-01,,,,,,,,0.0,
1905-09-01,,,,,,,,0.0,
1905-10-01,,,,,,,,0.0,
1905-11-01,,,,,,,,0.0,
1905-12-01,,,,,,,,0.0,
1906-01-01,,,,,,,,0.0,
1906-02-01,,,,,,,,0.0,
1906-03-01,,,,,,,,0.0,
1906-04-01,,,,,,,,0.0,
1906-05-01,,,,,,,,0.0,
1906-06-01,,,,,,,,0.0,
1906-07-01,,,,,,,,0.0,
1906-08-01,,,,,,,,0.0,
1906-09-01,,,,,,,,0.0,
1906-10-01,,,,,,,,0.0,
1906-11-01,,,,,,,,0.0,
1906-12-01,,,,,,,,0.0,
1907-01-01,,,,,,,,0.0,
1907-02-01,,,,,,,,0.0,
1907-03-01,,,,,,,,0.0,
1907-04-01,,,,,,,,0.0,
1907-05-01,,,,,,,,0.0,
1907-06-01,,,,,,,,1.0,
1907-07-01,,,,,,,,1.0,
1907-08-01,,,,,,,,1.0,
1907-09-01,,,,,,,,1.0,
1907-10-01,,,,,,,,1.0,
1907-11-01,,,,,,,,1.0,
1907-12-01,,,,,,,,1.0,
1908-01-01,,,,,,,,1.0,
1908-02-01,,,,,,,,1.0,
1908-03-01,,,,,,,,1.0,
1908-04-01,,,,,,,,1.0,
1908-05-01,,,,,,,,1.0,
1908-06-01,,,,,,,,1.0,
1908-07-01,,,,,,,,0.0,
1908-08-01,,,,,,,,0.0,
1908-09-01,,,,,,,,0.0,
1908-10-01,,,,,,,,0.0,
1908-11-01,,,,,,,,0.0,
1908-12-01,,,,,,,,0.0,
1909-01-01,,,,,,,,0.0,
1909-02-01,,,,,,,,0.0,
1909-03-01,,,,,,,,0.0,
1909-04-01,,,,,,,,0.0,
1909-05-01,,,,,,,,0.0,
1909-06-01,,,,,,,,0.0,
1909-07-01,,,,,,,,0.0,
1909-08-01,,,,,,,,0.0,
1909-09-01,,,,,,,,0.0,
1909-10-01,,,,,,,,0.0,
1909-11-01,,,,,,,,0.0,
1909-12-01,,,,,,,,0.0,
1910-01-01,,,,,,,,0.0,
1910-02-01,,,,,,,,1.0,
1910-03-01,,,,,,,,1.0,
1910-04-01,,,,,,,,1.0,
1910-05-01,,,,,,,,1.0,
1910-06-01,,,,,,,,1.0,
1910-07-01,,,,,,,,1.0,
1910-08-01,,,,,,,,1.0,
1910-09-01,,,,,,,,1.0,
1910-10-01,,,,,,,,1.0,
1910-11-01,,,,,,,,1.0,
1910-12-01,,,,,,,,1.0,
1911-01-01,,,,,,,,1.0,
1911-02-01,,,,,,,,1.0,
1911-03-01,,,,,,,,1.0,
1911-04-01,,,,,,,,1.0,
1911-05-01,,,,,,,,1.0,
1911-06-01,,,,,,,,1.0,
1911-07-01,,,,,,,,1.0,
1911-08-01,,,,,,,,1.0,
1911-09-01,,,,,,,,1.0,
1911-10-01,,,,,,,,1.0,
1911-11-01,,,,,,,,1.0,
1911-12-01,,,,,,,,1.0,
1912-01-01,,,,,,,,1.0,
1912-02-01,,,,,,,,0.0,
1912-03-01,,,,,,,,0.0,
1912-04-01,,,,,,,,0.0,
1912-05-01,,,,,,,,0.0,
1912-06-01,,,,,,,,0.0,
1912-07-01,,,,,,,,0.0,
1912-08-01,,,,,,,,0.0,
1912-09-01,,,,,,,,0.0,
1912-10-01,,,,,,,,0.0,
1912-11-01,,,,,,,,0.0,
1912-12-01,,,,,,,,0.0,
1913-01-01,,,,,,,,0.0,
1913-02-01,,,,,,,,1.0,
1913-03-01,,,,,,,,1.0,
1913-04-01,,,,,,,,1.0,
1913-05-01,,,,,,,,1.0,
1913-06-01,,,,,,,,1.0,
1913-07-01,,,,,,,,1.0,
1913-08-01,,,,,,,,1.0,
1913-09-01,,,,,,,,1.0,
1913-10-01,,,,,,,,1.0,
1913-11-01,,,,,,,,1.0,
1913-12-01,,,,,,,,1.0,
1914-01-01,,,,,,,,1.0,
1914-02-01,,,,,,,,1.0,
1914-03-01,,,,,,,,1.0,
1914-04-01,,,,,,,,1.0,
1914-05-01,,,,,,,,1.0,
1914-06-01,,,,,,,,1.0,
1914-07-01,,,,,,,,1.0,
1914-08-01,,,,,,,,1.0,
1914-09-01,,,,,,,,1.0,
1914-10-01,,,,,,,,1.0,
1914-11-01,,,,,,,,1.0,
1914-12-01,,,,,,,,1.0,
1915-01-01,,,,,,,,0.0,
1915-02-01,,,,,,,,0.0,
1915-03-01,,,,,,,,0.0,
1915-04-01,,,,,,,,0.0,
1915-05-01,,,,,,,,0.0,
1915-06-01,,,,,,,,0.0,
1915-07-01,,,,,,,,0.0,
1915-08-01,,,,,,,,0.0,
1915-09-01,,,,,,,,0.0,
1915-10-01,,,,,,,,0.0,
1915-11-01,,,,,,,,0.0,
1915-12-01,,,,,,,,0.0,
1916-01-01,,,,,,,,0.0,
1916-02-01,,,,,,,,0.0,
1916-03-01,,,,,,,,0.0,
1916-04-01,,,,,,,,0.0,
1916-05-01,,,,,,,,0.0,
1916-06-01,,,,,,,,0.0,
1916-07-01,,,,,,,,0.0,
1916-08-01,,,,,,,,0.0,
1916-09-01,,,,,,,,0.0,
1916-10-01,,,,,,,,0.0,
1916-11-01,,,,,,,,0.0,
1916-12-01,,,,,,,,0.0,
1917-01-01,,,,,,,,0.0,
1917-02-01,,,,,,,,0.0,
1917-03-01,,,,,,,,0.0,
1917-04-01,,,,,,,,0.0,
1917-05-01,,,,,,,,0.0,
1917-06-01,,,,,,,,0.0,
1917-07-01,,,,,,,,0.0,
1917-08-01,,,,,,,,0.0,
1917-09-01,,,,,,,,0.0,
1917-10-01,,,,,,,,0.0,
1917-11-01,,,,,,,,0.0,
1917-12-01,,,,,,,,0.0,
1918-01-01,,,,,,,,0.0,
1918-02-01,,,,,,,,0.0,
1918-03-01,,,,,,,,0.0,
1918-04-01,,,,,,,,0.0,
1918-05-01,,,,,,,,0.0,
1918-06-01,,,,,,,,0.0,
1918-07-01,,,,,,,,0.0,
1918-08-01,,,,,,,,0.0,
1918-09-01,,,,,,,,1.0,
1918-10-01,,,,,,,,1.0,
1918-11-01,,,,,,,,1.0,
1918-12-01,,,,,,,,1.0,
1919-01-01,,,,,,,,1.0,
1919-02-01,,,,,,,,1.0,
1919-03-01,,,,,,,,1.0,
1919-04-01,,,,,,,,0.0,
1919-05-01,,,,,,,,0.0,
1919-06-01,,,,,,,,0.0,
1919-07-01,,,,,,,,0.0,
1919-08-01,,,,,,,,0.0,
1919-09-01,,,,,,,,0.0,
1919-10-01,,,,,,,,0.0,
1919-11-01,,,,,,,,0.0,
1919-12-01,,,,,,,,0.0,
1920-01-01,,,,,,,,0.0,
1920-02-01,,,,,,,,1.0,
1920-03-01,,,,,,,,1.0,
1920-04-01,,,,,,,,1.0,
1920-05-01,,,,,,,,1.0,
1920-06-01,,,,,,,,1.0,
1920-07-01,,,,,,,,1.0,
1920-08-01,,,,,,,,1.0,
1920-09-01,,,,,,,,1.0,
1920-10-01,,,,,,,,1.0,
1920-11-01,,,,,,,,1.0,
1920-12-01,,,,,,,,1.0,
1921-01-01,,,,,,,,1.0,
1921-02-01,,,,,,,,1.0,
1921-03-01,,,,,,,,1.0,
1921-04-01,,,,,,,,1.0,
1921-05-01,,,,,,,,1.0,
1921-06-01,,,,,,,,1.0,
1921-07-01,,,,,,,,1.0,
1921-08-01,,,,,,,,0.0,
1921-09-01,,,,,,,,0.0,
1921-10-01,,,,,,,,0.0,
1921-11-01,,,,,,,,0.0,
1921-12-01,,,,,,,,0.0,
1922-01-01,,,,,,,,0.0,
1922-02-01,,,,,,,,0.0,
1922-03-01,,,,,,,,0.0,
1922-04-01,,,,,,,,0.0,
1922-05-01,,,,,,,,0.0,
1922-06-01,,,,,,,,0.0,
1922-07-01,,,,,,,,0.0,
1922-08-01,,,,,,,,0.0,
1922-09-01,,,,,,,,0.0,
1922-10-01,,,,,,,,0.0,
1922-11-01,,,,,,,,0.0,
1922-12-01,,,,,,,,0.0,
1923-01-01,,,,,,,,0.0,
1923-02-01,,,,,,,,0.0,
1923-03-01,,,,,,,,0.0,
1923-04-01,,,,,,,,0.0,
1923-05-01,,,,,,,,0.0,
1923-06-01,,,,,,,,1.0,
1923-07-01,,,,,,,,1.0,
1923-08-01,,,,,,,,1.0,
1923-09-01,,,,,,,,1.0,
1923-10-01,,,,,,,,1.0,
1923-11-01,,,,,,,,1.0,
1923-12-01,,,,,,,,1.0,
1924-01-01,,,,,,,,1.0,
1924-02-01,,,,,,,,1.0,
1924-03-01,,,,,,,,1.0,
1924-04-01,,,,,,,,1.0,
1924-05-01,,,,,,,,1.0,
1924-06-01,,,,,,,,1.0,
1924-07-01,,,,,,,,1.0,
1924-08-01,,,,,,,,0.0,
1924-09-01,,,,,,,,0.0,
1924-10-01,,,,,,,,0.0,
1924-11-01,,,,,,,,0.0,
1924-12-01,,,,,,,,0.0,
1925-01-01,,,,,,,,0.0,
1925-02-01,,,,,,,,0.0,
1925-03-01,,,,,,,,0.0,
1925-04-01,,,,,,,,0.0,
1925-05-01,,,,,,,,0.0,
1925-06-01,,,,,,,,0.0,
1925-07-01,,,,,,,,0.0,
1925-08-01,,,,,,,,0.0,
1925-09-01,,,,,,,,0.0,
1925-10-01,,,,,,,,0.0,
1925-11-01,,,,,,,,0.0,
1925-12-01,,,,,,,,0.0,
1926-01-01,,,,,,,,0.0,
1926-02-01,,,,,,,,0.0,
1926-03-01,,,,,,,,0.0,
1926-04-01,,,,,,,,0.0,
1926-05-01,,,,,,,,0.0,
1926-06-01,,,,,,,,0.0,
1926-07-01,,,,,,,,0.0,
1926-08-01,,,,,,,,0.0,
1926-09-01,,,,,,,,0.0,
1926-10-01,,,,,,,,0.0,
1926-11-01,,,,,,,,1.0,
1926-12-01,,,,,,,,1.0,
1927-01-01,,,,,,,,1.0,
1927-02-01,,,,,,,,1.0,
1927-03-01,,,,,,,,1.0,
1927-04-01,,,,,,,,1.0,
1927-05-01,,,,,,,,1.0,
1927-06-01,,,,,,,,1.0,
1927-07-01,,,,,,,,1.0,
1927-08-01,,,,,,,,1.0,
1927-09-01,,,,,,,,1.0,
1927-10-01,,,,,,,,1.0,
1927-11-01,,,,,,,,1.0,
1927-12-01,,,,,,,,0.0,
1928-01-01,,,,,,,,0.0,
1928-02-01,,,,,,,,0.0,
1928-03-01,,,,,,,,0.0,
1928-04-01,,,,,,,,0.0,
1928-05-01,,,,,,,,0.0,
1928-06-01,,,,,,,,0.0,
1928-07-01,,,,,,,,0.0,
1928-08-01,,,,,,,,0.0,
1928-09-01,,,,,,,,0.0,
1928-10-01,,,,,,,,0.0,
1928-11-01,,,,,,,,0.0,
1928-12-01,,,,,,,,0.0,
1929-01-01,,,,,,,,0.0,
1929-02-01,,,,,,,,0.0,
1929-03-01,,,,,,,,0.0,
1929-04-01,,,,,,,,0.0,
1929-05-01,,,,,,,,0.0,
1929-06-01,,,,,,,,0.0,
1929-07-01,,,,,,,,0.0,
1929-08-01,,,,,,,,0.0,
1929-09-01,,,,,,,,1.0,
1929-10-01,,,,,,,,1.0,
1929-11-01,,,,,,,,1.0,
1929-12-01,,,,,,,,1.0,
1930-01-01,,,,,,,,1.0,
1930-02-01,,,,,,,,1.0,
1930-03-01,,,,,,,,1.0,
1930-04-01,,,,,,,,1.0,
1930-05-01,,,,,,,,1.0,
1930-06-01,,,,,,,,1.0,
1930-07-01,,,,,,,,1.0,
1930-08-01,,,,,,,,1.0,
1930-09-01,,,,,,,,1.0,
1930-10-01,,,,,,,,1.0,
1930-11-01,,,,,,,,1.0,
1930-12-01,,,,,,,,1.0,
1931-01-01,,,,,,,,1.0,
1931-02-01,,,,,,,,1.0,
1931-03-01,,,,,,,,1.0,
1931-04-01,,,,,,,,1.0,
1931-05-01,,,,,,,,1.0,
1931-06-01,,,,,,,,1.0,
1931-07-01,,,,,,,,1.0,
1931-08-01,,,,,,,,1.0,
1931-09-01,,,,,,,,1.0,
1931-10-01,,,,,,,,1.0,
1931-11-01,,,,,,,,1.0,
1931-12-01,,,,,,,,1.0,
1932-01-01,,,,,,,,1.0,
1932-02-01,,,,,,,,1.0,
1932-03-01,,,,,,,,1.0,
1932-04-01,,,,,,,,1.0,
1932-05-01,,,,,,,,1.0,
1932-06-01,,,,,,,,1.0,
1932-07-01,,,,,,,,1.0,
1932-08-01,,,,,,,,1.0,
1932-09-01,,,,,,,,1.0,
1932-10-01,,,,,,,,1.0,
1932-11-01,,,,,,,,1.0,
1932-12-01,,,,,,,,1.0,
1933-01-01,,,,,,,,1.0,
1933-02-01,,,,,,,,1.0,
1933-03-01,,,,,,,,1.0,
1933-04-01,,,,,,,,0.0,
1933-05-01,,,,,,,,0.0,
1933-06-01,,,,,,,,0.0,
1933-07-01,,,,,,,,0.0,
1933-08-01,,,,,,,,0.0,
1933-09-01,,,,,,,,0.0,
1933-10-01,,,,,,,,0.0,
1933-11-01,,,,,,,,0.0,
1933-12-01,,,,,,,,0.0,
1934-01-01,,,,,,,,0.0,
1934-02-01,,,,,,,,0.0,
1934-03-01,,,,,,,,0.0,
1934-04-01,,,,,,,,0.0,
1934-05-01,,,,,,,,0.0,
1934-06-01,,,,,,,,0.0,
1934-07-01,,,,,,,,0.0,
1934-08-01,,,,,,,,0.0,
1934-09-01,,,,,,,,0.0,
1934-10-01,,,,,,,,0.0,
1934-11-01,,,,,,,,0.0,
1934-12-01,,,,,,,,0.0,
1935-01-01,,,,,,,,0.0,
1935-02-01,,,,,,,,0.0,
1935-03-01,,,,,,,,0.0,
1935-04-01,,,,,,,,0.0,
1935-05-01,,,,,,,,0.0,
1935-06-01,,,,,,,,0.0,
1935-07-01,,,,,,,,0.0,
1935-08-01,,,,,,,,0.0,
1935-09-01,,,,,,,,0.0,
1935-10-01,,,,,,,,0.0,
1935-11-01,,,,,,,,0.0,
1935-12-01,,,,,,,,0.0,
1936-01-01,,,,,,,,0.0,
1936-02-01,,,,,,,,0.0,
1936-03-01,,,,,,,,0.0,
1936-04-01,,,,,,,,0.0,
1936-05-01,,,,,,,,0.0,
1936-06-01,,,,,,,,0.0,
1936-07-01,,,,,,,,0.0,
1936-08-01,,,,,,,,0.0,
1936-09-01,,,,,,,,0.0,
1936-10-01,,,,,,,,0.0,
1936-11-01,,,,,,,,0.0,
1936-12-01,,,,,,,,0.0,
1937-01-01,,,,,,,,0.0,
1937-02-01,,,,,,,,0.0,
1937-03-01,,,,,,,,0.0,
1937-04-01,,,,,,,,0.0,
1937-05-01,,,,,,,,0.0,
1937-06-01,,,,,,,,1.0,
1937-07-01,,,,,,,,1.0,
1937-08-01,,,,,,,,1.0,
1937-09-01,,,,,,,,1.0,
1937-10-01,,,,,,,,1.0,
1937-11-01,,,,,,,,1.0,
1937-12-01,,,,,,,,1.0,
1938-01-01,,,,,,,,1.0,
1938-02-01,,,,,,,,1.0,
1938-03-01,,,,,,,,1.0,
1938-04-01,,,,,,,,1.0,
1938-05-01,,,,,,,,1.0,
1938-06-01,,,,,,,,1.0,
1938-07-01,,,,,,,,0.0,
1938-08-01,,,,,,,,0.0,
1938-09-01,,,,,,,,0.0,
1938-10-01,,,,,,,,0.0,
1938-11-01,,,,,,,,0.0,
1938-12-01,,,,,,,,0.0,
1939-01-01,,,,,,,,0.0,
1939-02-01,,,,,,,,0.0,
1939-03-01,,,,,,,,0.0,
1939-04-01,,,,,,,,0.0,
1939-05-01,,,,,,,,0.0,
1939-06-01,,,,,,,,0.0,
1939-07-01,,,,,,,,0.0,
1939-08-01,,,,,,,,0.0,
1939-09-01,,,,,,,,0.0,
1939-10-01,,,,,,,,0.0,
1939-11-01,,,,,,,,0.0,
1939-12-01,,,,,,,,0.0,
1940-01-01,,,,,,,,0.0,
1940-02-01,,,,,,,,0.0,
1940-03-01,,,,,,,,0.0,
1940-04-01,,,,,,,,0.0,
1940-05-01,,,,,,,,0.0,
1940-06-01,,,,,,,,0.0,
1940-07-01,,,,,,,,0.0,
1940-08-01,,,,,,,,0.0,
1940-09-01,,,,,,,,0.0,
1940-10-01,,,,,,,,0.0,
1940-11-01,,,,,,,,0.0,
1940-12-01,,,,,,,,0.0,
1941-01-01,,,,,,,,0.0,
1941-02-01,,,,,,,,0.0,
1941-03-01,,,,,,,,0.0,
1941-04-01,,,,,,,,0.0,
1941-05-01,,,,,,,,0.0,
1941-06-01,,,,,,,,0.0,
1941-07-01,,,,,,,,0.0,
1941-08-01,,,,,,,,0.0,
1941-09-01,,,,,,,,0.0,
1941-10-01,,,,,,,,0.0,
1941-11-01,,,,,,,,0.0,
1941-12-01,,,,,,,,0.0,
1942-01-01,,,,,,,,0.0,
1942-02-01,,,,,,,,0.0,
1942-03-01,,,,,,,,0.0,
1942-04-01,,,,,,,,0.0,
1942-05-01,,,,,,,,0.0,
1942-06-01,,,,,,,,0.0,
1942-07-01,,,,,,,,0.0,
1942-08-01,,,,,,,,0.0,
1942-09-01,,,,,,,,0.0,
1942-10-01,,,,,,,,0.0,
1942-11-01,,,,,,,,0.0,
1942-12-01,,,,,,,,0.0,
1943-01-01,,,,,,,,0.0,
1943-02-01,,,,,,,,0.0,
1943-03-01,,,,,,,,0.0,
1943-04-01,,,,,,,,0.0,
1943-05-01,,,,,,,,0.0,
1943-06-01,,,,,,,,0.0,
1943-07-01,,,,,,,,0.0,
1943-08-01,,,,,,,,0.0,
1943-09-01,,,,,,,,0.0,
1943-10-01,,,,,,,,0.0,
1943-11-01,,,,,,,,0.0,
1943-12-01,,,,,,,,0.0,
1944-01-01,,,,,,,,0.0,
1944-02-01,,,,,,,,0.0,
1944-03-01,,,,,,,,0.0,
1944-04-01,,,,,,,,0.0,
1944-05-01,,,,,,,,0.0,
1944-06-01,,,,,,,,0.0,
1944-07-01,,,,,,,,0.0,
1944-08-01,,,,,,,,0.0,
1944-09-01,,,,,,,,0.0,
1944-10-01,,,,,,,,0.0,
1944-11-01,,,,,,,,0.0,
1944-12-01,,,,,,,,0.0,
1945-01-01,,,,,,,,0.0,
1945-02-01,,,,,,,,0.0,
1945-03-01,,,,,,,,1.0,
1945-04-01,,,,,,,,1.0,
1945-05-01,,,,,,,,1.0,
1945-06-01,,,,,,,,1.0,
1945-07-01,,,,,,,,1.0,
1945-08-01,,,,,,,,1.0,
1945-09-01,,,,,,,,1.0,
1945-10-01,,,,,,,,1.0,
1945-11-01,,,,,,,,0.0,
1945-12-01,,,,,,,,0.0,
1946-01-01,,,,,,,,0.0,
1946-02-01,,,,,,,,0.0,
1946-03-01,,,,,,,,0.0,
1946-04-01,,,,,,,,0.0,
1946-05-01,,,,,,,,0.0,
1946-06-01,,,,,,,,0.0,
1946-07-01,,,,,,,,0.0,
1946-08-01,,,,,,,,0.0,
1946-09-01,,,,,,,,0.0,
1946-10-01,,,,,,,,0.0,
1946-11-01,,,,,,,,0.0,
1946-12-01,,,,,,,,0.0,
1947-01-01,,,,,21.48,,,0.0,
1947-02-01,,,,,21.62,,,0.0,
1947-03-01,,,,,22.0,,,0.0,
1947-04-01,,,,,22.0,,,0.0,
1947-05-01,,,,,21.95,,,0.0,
1947-06-01,,,,,22.08,,,0.0,
1947-07-01,,,,,22.23,,,0.0,
1947-08-01,,,,,22.4,,,0.0,
1947-09-01,,,,,22.84,,,0.0,
1947-10-01,,,,,22.91,,,0.0,
1947-11-01,,,,,23.06,,,0.0,
1947-12-01,,,,,23.41,,,0.0,
1948-01-01,,,,,23.68,0.10242085661080069,3.4,0.0,
1948-02-01,,,,,23.67,0.09481961147086038,3.8,0.0,
1948-03-01,,,,,23.5,0.06818181818181812,4.0,0.0,
1948-04-01,,,,,23.82,0.08272727272727276,3.9,0.0,
1948-05-01,,,,,24.01,0.09384965831435088,3.5,0.0,
1948-06-01,,,,,24.15,0.09375,3.6,0.0,
1948-07-01,,,,,24.4,0.09761583445793964,3.6,0.0,
1948-08-01,,,,,24.43,0.09062499999999996,3.9,0.0,
1948-09-01,,,,,24.36,0.06654991243432562,3.8,0.0,
1948-10-01,,,,,24.31,0.061108686163247494,3.7,0.0,
1948-11-01,,,,,24.16,0.047701647875108444,3.8,0.0,
1948-12-01,,,,,24.05,0.02733874412644166,4.0,1.0,
1949-01-01,,,,,24.01,0.013935810810810967,4.3,1.0,
1949-02-01,,,,,23.91,0.010139416983523386,4.7,1.0,
1949-03-01,,,,,23.91,0.01744680851063829,5.0,1.0,
1949-04-01,,,,,23.92,0.004198152812762368,5.3,1.0,
1949-05-01,,,,,23.91,-0.004164931278633932,6.1,1.0,
1949-06-01,,,,,23.92,-0.009523809523809379,6.2,1.0,
1949-07-01,,,,,23.7,-0.02868852459016391,6.7,1.0,
1949-08-01,,,,,23.7,-0.02988129349160873,6.8,1.0,
1949-09-01,,,,,23.75,-0.02504105090311981,6.6,1.0,
1949-10-01,,,,,23.67,-0.026326614561908546,7.9,1.0,
1949-11-01,,,,,23.7,-0.019039735099337762,6.4,0.0,
1949-12-01,,,,,23.61,-0.018295218295218296,6.6,0.0,
1950-01-01,,,,,23.51,-0.02082465639316955,6.5,0.0,
1950-02-01,,,,,23.61,-0.012547051442910906,6.4,0.0,
1950-03-01,,,,,23.64,-0.01129234629861986,6.3,0.0,
1950-04-01,,,,,23.65,-0.011287625418060276,5.8,0.0,
1950-05-01,,,,,23.77,-0.0058552906733584376,5.5,0.0,
1950-06-01,,,,,23.88,-0.0016722408026756952,5.4,0.0,
1950-07-01,,,,,24.07,0.01561181434599157,5.0,0.0,
1950-08-01,,,,,24.2,0.021097046413502074,4.5,0.0,
1950-09-01,,,,,24.34,0.024842105263158,4.4,0.0,
1950-10-01,,,,,24.5,0.0350654837346851,4.2,0.0,
1950-11-01,,,,,24.6,0.03797468354430378,4.2,0.0,
1950-12-01,,,,,24.98,0.0580262600592969,4.3,0.0,
1951-01-01,,,,,25.38,0.07954062101233506,3.7,0.0,
1951-02-01,,,,,25.83,0.09402795425667088,3.4,0.0,
1951-03-01,,,,,25.88,0.09475465313028764,3.4,0.0,
1951-04-01,,,,,25.92,0.09598308668076116,3.1,0.0,
1951-05-01,,,,,25.99,0.09339503575936048,3.0,0.0,
1951-06-01,,,,,25.93,0.08584589614740379,3.2,0.0,
1951-07-01,,,,,25.91,0.07644370585791438,3.1,0.0,
1951-08-01,,,,,25.86,0.06859504132231398,3.1,0.0,
1951-09-01,,,,,26.03,0.06943303204601481,3.3,0.0,
1951-10-01,,,,,26.16,0.06775510204081625,3.5,0.0,
1951-11-01,,,,,26.32,0.06991869918699178,3.5,0.0,
1951-12-01,,,,,26.47,0.05964771817453962,3.1,0.0,
1952-01-01,,,,,26.45,0.042159180457052914,3.2,0.0,
1952-02-01,,,,,26.41,0.02245451025938827,3.1,0.0,
1952-03-01,,,,,26.39,0.019706336939721902,2.9,0.0,
1952-04-01,,,,,26.46,0.02083333333333326,2.9,0.0,
1952-05-01,,,,,26.47,0.018468641785302164,3.0,0.0,
1952-06-01,,,,,26.53,0.02313922097956045,3.0,0.0,
1952-07-01,,,,,26.68,0.029718255499807,3.2,0.0,
1952-08-01,,,,,26.69,0.03209590100541382,3.4,0.0,
1952-09-01,,,,,26.63,0.023050326546292688,3.1,0.0,
1952-10-01,,,,,26.69,0.020259938837920544,3.0,0.0,
1952-11-01,,,,,26.69,0.014057750759878473,2.8,0.0,
1952-12-01,,,,,26.71,0.009066868152625585,2.7,0.0,
1953-01-01,,,,,26.64,0.007183364839319584,2.9,0.0,
1953-02-01,,,,,26.59,0.006815600151457879,2.6,0.0,
1953-03-01,,,,,26.63,0.009094353921940135,2.6,0.0,
1953-04-01,,,,,26.69,0.008692365835222926,2.7,0.0,
1953-05-01,,,,,26.7,0.0086890819795995,2.5,0.0,
1953-06-01,,,,,26.77,0.009046362608367886,2.5,0.0,
1953-07-01,,,,,26.79,0.004122938530734643,2.6,0.0,
1953-08-01,,,,,26.85,0.005994754589734086,2.7,1.0,
1953-09-01,,,,,26.89,0.009763424708974844,2.9,1.0,
1953-10-01,,,,,26.95,0.009741476208317668,3.1,1.0,
1953-11-01,,,,,26.85,0.005994754589734086,3.5,1.0,
1953-12-01,,,,,26.87,0.005990265818045737,4.5,1.0,
1954-01-01,,,,,26.94,0.011261261261261257,4.9,1.0,
1954-02-01,,,,,26.99,0.015043249341857745,5.2,1.0,
1954-03-01,,,,,26.93,0.011265490048817162,5.7,1.0,
1954-04-01,,,,,26.86,0.006369426751592355,5.9,1.0,
1954-05-01,,,,,26.93,0.008614232209737782,5.9,1.0,
1954-06-01,,,,,26.94,0.00635039223010847,5.6,0.0,
1954-07-01,,,,0.8,26.86,0.0026129152668905586,5.8,0.0,
1954-08-01,,,,1.22,26.85,0.0,6.0,0.0,
1954-09-01,,,,1.07,26.81,-0.002975083674228385,6.1,0.0,
1954-10-01,,,,0.85,26.72,-0.008534322820037077,5.7,0.0,
1954-11-01,,,,0.83,26.78,-0.0026070763500931626,5.3,0.0,
1954-12-01,,,,1.28,26.77,-0.0037216226274656705,5.0,0.0,
1955-01-01,,,,1.39,26.77,-0.006310319227913919,4.9,0.0,
1955-02-01,,,,1.29,26.82,-0.006298629121896937,4.7,0.0,
1955-03-01,,,,1.35,26.79,-0.00519866320089124,4.6,0.0,
1955-04-01,,,,1.43,26.79,-0.002606105733432673,4.7,0.0,
1955-05-01,,,,1.43,26.77,-0.005941329372447068,4.3,0.0,
1955-06-01,,,,1.64,26.71,-0.008537490720118779,4.2,0.0,
1955-07-01,,,,1.68,26.76,-0.0037230081906179935,4.0,0.0,
1955-08-01,,,,1.96,26.72,-0.00484171322160154,4.2,0.0,
1955-09-01,,,,2.18,26.85,0.0014919806042521522,4.1,0.0,
1955-10-01,,,,2.24,26.82,0.0037425149700598404,4.3,0.0,
1955-11-01,,,,2.35,26.88,0.0037341299477220424,4.2,0.0,
1955-12-01,,,,2.48,26.87,0.0037355248412402897,4.2,0.0,
1956-01-01,,,,2.45,26.83,0.002241314904743996,4.0,0.0,
1956-02-01,,,,2.5,26.86,0.001491424310216205,3.9,0.0,
1956-03-01,,,,2.5,26.89,0.0037327360955581312,4.2,0.0,
1956-04-01,,,,2.62,26.93,0.005225830533781339,4.0,0.0,
1956-05-01,,,,2.75,27.03,0.009712364587224576,4.3,0.0,
1956-06-01,,,,2.71,27.15,0.01647323099962561,4.3,0.0,
1956-07-01,,,,2.75,27.29,0.019805680119581393,4.4,0.0,
1956-08-01,,,,2.73,27.31,0.02208083832335328,4.1,0.0,
1956-09-01,,,,2.95,27.35,0.01862197392923659,3.9,0.0,
1956-10-01,,,,2.96,27.51,0.02572706935123037,3.9,0.0,
1956-11-01,,,,2.88,27.51,0.0234375,4.3,0.0,
1956-12-01,,,,2.94,27.63,0.028284331968738252,4.2,0.0,
1957-01-01,,,,2.84,27.67,0.03130823704808061,4.2,0.0,
1957-02-01,,,,3.0,27.8,0.034996276991809516,3.9,0.0,
1957-03-01,,,,2.96,27.86,0.03607288955001864,3.7,0.0,
1957-04-01,,,,3.0,27.93,0.03713330857779429,3.9,0.0,
1957-05-01,,,,3.0,28.0,0.03588605253422128,4.1,0.0,
1957-06-01,,,,3.0,28.11,0.0353591160220994,4.3,0.0,
1957-07-01,,,,2.99,28.19,0.03297911322828884,4.2,0.0,
1957-08-01,,,,3.24,28.28,0.03551812522885389,4.1,0.0,
1957-09-01,,,,3.47,28.32,0.03546617915904937,4.4,1.0,
1957-10-01,,,,3.5,28.32,0.02944383860414379,4.5,1.0,
1957-11-01,,,,3.28,28.41,0.03271537622682663,5.1,1.0,
1957-12-01,,,,2.98,28.47,0.030401737242128135,5.2,1.0,
1958-01-01,,,,2.72,28.64,0.035056017347307566,5.8,1.0,
1958-02-01,,,,1.67,28.7,0.03237410071942448,6.4,1.0,
1958-03-01,,,,1.2,28.87,0.03625269203158665,6.7,1.0,
1958-04-01,,,,1.26,28.94,0.036161833154314316,7.4,1.0,
1958-05-01,,,,0.63,28.94,0.033571428571428585,7.4,0.0,
1958-06-01,,,,0.93,28.91,0.028459622909996485,7.3,0.0,
1958-07-01,,,,0.68,28.89,0.02483150053210359,7.5,0.0,
1958-08-01,,,,1.53,28.94,0.023338048090523422,7.4,0.0,
1958-09-01,,,,1.76,28.91,0.02083333333333326,7.1,0.0,
1958-10-01,,,,1.8,28.91,0.02083333333333326,6.7,0.0,
1958-11-01,,,,2.27,28.95,0.019007391763463444,6.2,0.0,
1958-12-01,,,,2.42,28.97,0.017562346329469625,6.2,0.0,
1959-01-01,,,,2.48,29.01,0.012918994413407825,6.0,0.0,
1959-02-01,,,,2.43,29.0,0.010452961672473782,5.9,0.0,
1959-03-01,,,,2.8,28.97,0.003463803255975062,5.6,0.0,
1959-04-01,,,,2.96,28.98,0.0013821700069107656,5.2,0.0,
1959-05-01,,,,2.9,29.04,0.003455425017277136,5.1,0.0,
1959-06-01,,,,3.39,29.11,0.006918021445866396,5.0,0.0,
1959-07-01,,,,3.47,29.15,0.008999653859466772,5.1,0.0,
1959-08-01,,,,3.5,29.18,0.008293020041465038,5.2,0.0,
1959-09-01,,,,3.76,29.25,0.011760636457972984,5.5,0.0,
1959-10-01,,,,3.98,29.35,0.015219647180906293,5.7,0.0,
1959-11-01,,,,4.0,29.35,0.013816925734024155,5.8,0.0,
1959-12-01,,,,3.99,29.41,0.015188125647221273,5.3,0.0,
1960-01-01,,,,3.99,29.37,0.012409513960703222,5.2,0.0,
1960-02-01,,,,3.97,29.41,0.014137931034482687,4.8,0.0,
1960-03-01,,,,3.84,29.41,0.015188125647221273,5.4,0.0,
1960-04-01,,,,3.92,29.54,0.019323671497584405,5.2,0.0,
1960-05-01,,,,3.85,29.57,0.018250688705234275,5.1,1.0,
1960-06-01,,,,3.32,29.61,0.017176228100309165,5.4,1.0,
1960-07-01,,,,3.23,29.55,0.013722126929674117,5.5,1.0,
1960-08-01,,,,2.98,29.61,0.01473612063056895,5.6,1.0,
1960-09-01,,,,2.6,29.61,0.012307692307692353,5.5,1.0,
1960-10-01,,,,2.47,29.75,0.013628620102214661,6.1,1.0,
1960-11-01,,,,2.44,29.78,0.014650766609880739,6.1,1.0,
1960-12-01,,,,1.98,29.81,0.013600816048962905,6.6,1.0,
1961-01-01,,,,1.45,29.84,0.016002723867892366,6.6,1.0,
1961-02-01,,,,2.54,29.84,0.014620877252635056,6.9,1.0,
1961-03-01,,,,2.02,29.84,0.014620877252635056,6.9,0.0,
1961-04-01,,,,1.49,29.81,0.009140148950575577,7.0,0.0,
1961-05-01,,,,1.98,29.84,0.009130875887723988,7.1,0.0,
1961-06-01,,,,1.73,29.84,0.0077676460655184965,6.9,0.0,
1961-07-01,,,,1.17,29.92,0.012521150592216701,7.0,0.0,
1961-08-01,,,,2.0,29.94,0.011144883485309176,6.6,0.0,
1961-09-01,,,,1.88,29.98,0.012495778453225359,6.7,0.0,
1961-10-01,,,,2.26,29.98,0.007731092436974896,6.5,0.0,
1961-11-01,,,,2.61,29.98,0.00671591672263272,6.1,0.0,
1961-12-01,,,,2.33,30.01,0.006709158000671067,6.0,0.0,
1962-01-01,,,,2.15,30.04,0.006702412868632601,5.8,0.0,
1962-01-02,,4.06,,,,,,,
1962-01-03,,4.03,,,,,,,
1962-01-04,,3.99,,,,,,,
1962-01-05,,4.02,,,,,,,
1962-01-08,,4.03,,,,,,,
1962-01-09,,4.05,,,,,,,
1962-01-10,,4.07,,,,,,,
1962-01-11,,4.08,,,,,,,
1962-01-12,,4.08,,,,,,,
1962-01-15,,4.1,,,,,,,
1962-01-16,,4.13,,,,,,,
1962-01-17,,4.12,,,,,,,
1962-01-18,,4.11,,,,,,,
1962-01-19,,4.11,,,,,,,
1962-01-22,,4.09,,,,,,,
1962-01-23,,4.11,,,,,,,
1962-01-24,,4.1,,,,,,,
1962-01-25,,4.11,,,,,,,
1962-01-26,,4.11,,,,,,,
1962-01-29,,4.12,,,,,,,
1962-01-30,,4.11,,,,,,,
1962-01-31,,4.1,,,,,,,
1962-02-01,,4.09,,2.37,30.11,0.009048257372654245,5.5,0.0,
1962-02-02,,4.08,,,,,,,
1962-02-05,,4.07,,,,,,,
1962-02-06,,4.06,,,,,,,
1962-02-07,,4.07,,,,,,,
1962-02-08,,4.07,,,,,,,
1962-02-09,,4.05,,,,,,,
1962-02-12,,,,,,,,,
1962-02-13,,4.03,,,,,,,
1962-02-14,,4.03,,,,,,,
1962-02-15,,4.02,,,,,,,
1962-02-16,,4.02,,,,,,,
1962-02-19,,4.01,,,,,,,
1962-02-20,,4.05,,,,,,,
1962-02-21,,4.03,,,,,,,
1962-02-22,,,,,,,,,
1962-02-23,,4.02,,,,,,,
1962-02-26,,4.0,,,,,,,
1962-02-27,,4.01,,,,,,,
1962-02-28,,4.0,,,,,,,
1962-03-01,,3.98,,2.85,30.17,0.011058981233244003,5.6,0.0,
1962-03-02,,3.98,,,,,,,
1962-03-05,,4.0,,,,,,,
1962-03-06,,4.01,,,,,,,
1962-03-07,,4.0,,,,,,,
1962-03-08,,3.98,,,,,,,
1962-03-09,,3.96,,,,,,,
1962-03-12,,3.94,,,,,,,
1962-03-13,,3.92,,,,,,,
1962-03-14,,3.93,,,,,,,
1962-03-15,,3.96,,,,,,,
1962-03-16,,3.96,,,,,,,
1962-03-19,,3.93,,,,,,,
1962-03-20,,3.91,,,,,,,
1962-03-21,,3.86,,,,,,,
1962-03-22,,3.83,,,,,,,
1962-03-23,,3.87,,,,,,,
1962-03-26,,3.89,,,,,,,
1962-03-27,,3.9,,,,,,,
1962-03-28,,3.9,,,,,,,
1962-03-29,,3.9,,,,,,,
1962-03-30,,3.86,,,,,,,
1962-04-01,,,,2.78,30.21,0.013418316001341912,5.6,0.0,
1962-04-02,,3.86,,,,,,,
1962-04-03,,3.83,,,,,,,
1962-04-04,,3.78,,,,,,,
1962-04-05,,3.84,,,,,,,
1962-04-06,,3.81,,,,,,,
1962-04-09,,3.83,,,,,,,
1962-04-10,,3.83,,,,,,,
1962-04-11,,3.87,,,,,,,
1962-04-12,,3.86,,,,,,,
1962-04-13,,3.85,,,,,,,
1962-04-16,,3.83,,,,,,,
1962-04-17,,3.82,,,,,,,
1962-04-18,,3.81,,,,,,,
1962-04-19,,3.82,,,,,,,
1962-04-20,,,,,,,,,
1962-04-23,,3.86,,,,,,,
1962-04-24,,3.87,,,,,,,
1962-04-25,,3.88,,,,,,,
1962-04-26,,3.89,,,,,,,
1962-04-27,,3.86,,,,,,,
1962-04-30,,3.86,,,,,,,
1962-05-01,,3.85,,2.36,30.24,0.013404825737265424,5.5,0.0,
1962-05-02,,3.86,,,,,,,
1962-05-03,,3.86,,,,,,,
1962-05-04,,3.87,,,,,,,
1962-05-07,,3.86,,,,,,,
1962-05-08,,3.85,,,,,,,
1962-05-09,,3.82,,,,,,,
1962-05-10,,3.83,,,,,,,
1962-05-11,,3.82,,,,,,,
1962-05-14,,3.85,,,,,,,
1962-05-15,,3.87,,,,,,,
1962-05-16,,3.86,,,,,,,
1962-05-17,,3.87,,,,,,,
1962-05-18,,3.93,,,,,,,
1962-05-21,,3.94,,,,,,,
1962-05-22,,3.93,,,,,,,
1962-05-23,,3.91,,,,,,,
1962-05-24,,3.9,,,,,,,
1962-05-25,,3.88,,,,,,,
1962-05-28,,3.87,,,,,,,
1962-05-29,,3.89,,,,,,,
1962-05-30,,,,,,,,,
1962-05-31,,3.9,,,,,,,
1962-06-01,,3.89,,2.68,30.21,0.012399463806970434,5.5,0.0,
1962-06-04,,3.88,,,,,,,
1962-06-05,,3.89,,,,,,,
1962-06-06,,3.89,,,,,,,
1962-06-07,,3.87,,,,,,,
1962-06-08,,3.86,,,,,,,
1962-06-11,,3.87,,,,,,,
1962-06-12,,3.86,,,,,,,
1962-06-13,,3.87,,,,,,,
1962-06-14,,3.9,,,,,,,
1962-06-15,,3.89,,,,,,,
1962-06-18,,3.91,,,,,,,
1962-06-19,,3.93,,,,,,,
1962-06-20,,3.92,,,,,,,
1962-06-21,,3.9,,,,,,,
1962-06-22,,3.9,,,,,,,
1962-06-25,,3.95,,,,,,,
1962-06-26,,3.97,,,,,,,
1962-06-27,,3.96,,,,,,,
1962-06-28,,3.98,,,,,,,
1962-06-29,,4.0,,,,,,,
1962-07-01,,,,2.71,30.22,0.010026737967914423,5.4,0.0,
1962-07-02,,4.0,,,,,,,
1962-07-03,,4.0,,,,,,,
1962-07-04,,,,,,,,,
1962-07-05,,4.0,,,,,,,
1962-07-06,,4.02,,,,,,,
1962-07-09,,4.05,,,,,,,
1962-07-10,,4.02,,,,,,,
1962-07-11,,3.99,,,,,,,
1962-07-12,,4.0,,,,,,,
1962-07-13,,4.0,,,,,,,
1962-07-16,,4.01,,,,,,,
1962-07-17,,4.03,,,,,,,
1962-07-18,,4.02,,,,,,,
1962-07-19,,4.02,,,,,,,
1962-07-20,,4.01,,,,,,,
1962-07-23,,4.0,,,,,,,
1962-07-24,,4.01,,,,,,,
1962-07-25,,4.02,,,,,,,
1962-07-26,,4.01,,,,,,,
1962-07-27,,4.02,,,,,,,
1962-07-30,,4.03,,,,,,,
1962-07-31,,4.04,,,,,,,
1962-08-01,,4.03,,2.93,30.28,0.011356045424181671,5.7,0.0,
1962-08-02,,4.0,,,,,,,
1962-08-03,,4.01,,,,,,,
1962-08-06,,4.01,,,,,,,
1962-08-07,,4.02,,,,,,,
1962-08-08,,4.01,,,,,,,
1962-08-09,,3.99,,,,,,,
1962-08-10,,3.99,,,,,,,
1962-08-13,,3.99,,,,,,,
1962-08-14,,3.98,,,,,,,
1962-08-15,,3.98,,,,,,,
1962-08-16,,3.96,,,,,,,
1962-08-17,,3.96,,,,,,,
1962-08-20,,3.94,,,,,,,
1962-08-21,,3.94,,,,,,,
1962-08-22,,3.95,,,,,,,
1962-08-23,,3.95,,,,,,,
1962-08-24,,3.95,,,,,,,
1962-08-27,,3.95,,,,,,,
1962-08-28,,3.96,,,,,,,
1962-08-29,,3.96,,,,,,,
1962-08-30,,3.95,,,,,,,
1962-08-31,,3.96,,,,,,,
1962-09-01,,,,2.9,30.42,0.014676450967311627,5.6,0.0,
1962-09-03,,,,,,,,,
1962-09-04,,3.96,,,,,,,
1962-09-05,,3.97,,,,,,,
1962-09-06,,3.99,,,,,,,
1962-09-07,,4.01,,,,,,,
1962-09-10,,4.0,,,,,,,
1962-09-11,,4.0,,,,,,,
1962-09-12,,4.0,,,,,,,
1962-09-13,,3.99,,,,,,,
1962-09-14,,3.99,,,,,,,
1962-09-17,,3.99,,,,,,,
1962-09-18,,3.98,,,,,,,
1962-09-19,,3.99,,,,,,,
1962-09-20,,3.98,,,,,,,
1962-09-21,,3.98,,,,,,,
1962-09-24,,3.97,,,,,,,
1962-09-25,,3.96,,,,,,,
1962-09-26,,3.95,,,,,,,
1962-09-27,,3.95,,,,,,,
1962-09-28,,3.94,,,,,,,
1962-10-01,,3.93,,2.9,30.38,0.013342228152101399,5.4,0.0,
1962-10-02,,3.92,,,,,,,
1962-10-03,,3.9,,,,,,,
1962-10-04,,3.9,,,,,,,
1962-10-05,,3.92,,,,,,,
1962-10-08,,3.93,,,,,,,
1962-10-09,,3.95,,,,,,,
1962-10-10,,3.93,,,,,,,
1962-10-11,,3.94,,,,,,,
1962-10-12,,,,,,,,,
1962-10-15,,3.94,,,,,,,
1962-10-16,,3.94,,,,,,,
1962-10-17,,3.94,,,,,,,
1962-10-18,,3.92,,,,,,,
1962-10-19,,3.88,,,,,,,
1962-10-22,,3.91,,,,,,,
1962-10-23,,3.94,,,,,,,
1962-10-24,,3.94,,,,,,,
1962-10-25,,3.94,,,,,,,
1962-10-26,,3.93,,,,,,,
1962-10-29,,3.92,,,,,,,
1962-10-30,,3.92,,,,,,,
1962-10-31,,3.92,,,,,,,
1962-11-01,,3.92,,2.94,30.38,0.013342228152101399,5.7,0.0,
1962-11-02,,3.91,,,,,,,
1962-11-05,,3.91,,,,,,,
1962-11-06,,,,,,,,,
1962-11-07,,3.91,,,,,,,
1962-11-08,,3.9,,,,,,,
1962-11-09,,3.89,,,,,,,
1962-11-12,,,,,,,,,
1962-11-13,,3.9,,,,,,,
1962-11-14,,3.91,,,,,,,
1962-11-15,,3.91,,,,,,,
1962-11-16,,3.93,,,,,,,
1962-11-19,,3.93,,,,,,,
1962-11-20,,3.93,,,,,,,
1962-11-21,,3.92,,,,,,,
1962-11-22,,,,,,,,,
1962-11-23,,3.92,,,,,,,
1962-11-26,,3.93,,,,,,,
1962-11-27,,3.92,,,,,,,
1962-11-28,,3.92,,,,,,,
1962-11-29,,3.92,,,,,,,
1962-11-30,,3.92,,,,,,,
1962-12-01,,,,2.93,30.38,0.012329223592135952,5.5,0.0,
1962-12-03,,3.93,,,,,,,
1962-12-04,,3.94,,,,,,,
1962-12-05,,3.93,,,,,,,
1962-12-06,,3.92,,,,,,,
1962-12-07,,3.91,,,,,,,
1962-12-10,,3.9,,,,,,,
1962-12-11,,3.89,,,,,,,
1962-12-12,,3.88,,,,,,,
1962-12-13,,3.88,,,,,,,
1962-12-14,,3.87,,,,,,,
1962-12-17,,3.85,,,,,,,
1962-12-18,,3.83,,,,,,,
1962-12-19,,3.84,,,,,,,
1962-12-20,,3.83,,,,,,,
1962-12-21,,3.81,,,,,,,
1962-12-24,,3.79,,,,,,,
1962-12-25,,,,,,,,,
1962-12-26,,3.79,,,,,,,
1962-12-27,,3.81,,,,,,,
1962-12-28,,3.84,,,,,,,
1962-12-31,,3.85,,,,,,,
1963-01-01,,,,2.92,30.44,0.013315579227696439,5.7,0.0,
1963-01-02,,3.82,,,,,,,
1963-01-03,,3.81,,,,,,,
1963-01-04,,3.84,,,,,,,
1963-01-07,,3.83,,,,,,,
1963-01-08,,3.81,,,,,,,
1963-01-09,,3.82,,,,,,,
1963-01-10,,3.81,,,,,,,
1963-01-11,,3.8,,,,,,,
1963-01-14,,3.81,,,,,,,
1963-01-15,,3.8,,,,,,,
1963-01-16,,3.8,,,,,,,
1963-01-17,,3.82,,,,,,,
1963-01-18,,3.84,,,,,,,
1963-01-21,,3.85,,,,,,,
1963-01-22,,3.86,,,,,,,
1963-01-23,,3.86,,,,,,,
1963-01-24,,3.86,,,,,,,
1963-01-25,,3.85,,,,,,,
1963-01-28,,3.86,,,,,,,
1963-01-29,,3.86,,,,,,,
1963-01-30,,3.86,,,,,,,
1963-01-31,,3.87,,,,,,,
1963-02-01,,3.88,,3.0,30.48,0.012288276320159497,5.9,0.0,
1963-02-04,,3.89,,,,,,,
1963-02-05,,3.9,,,,,,,
1963-02-06,,3.91,,,,,,,
1963-02-07,,3.91,,,,,,,
1963-02-08,,3.91,,,,,,,
1963-02-11,,3.92,,,,,,,
1963-02-12,,,,,,,,,
1963-02-13,,3.92,,,,,,,
1963-02-14,,3.91,,,,,,,
1963-02-15,,3.91,,,,,,,
1963-02-18,,3.91,,,,,,,
1963-02-19,,3.93,,,,,,,
1963-02-20,,3.94,,,,,,,
1963-02-21,,3.95,,,,,,,
1963-02-22,,,,,,,,,
1963-02-25,,3.95,,,,,,,
1963-02-26,,3.95,,,,,,,
1963-02-27,,3.95,,,,,,,
1963-02-28,,3.94,,,,,,,
1963-03-01,,3.93,,2.98,30.51,0.011269472986410234,5.7,0.0,
1963-03-04,,3.92,,,,,,,
1963-03-05,,3.92,,,,,,,
1963-03-06,,3.91,,,,,,,
1963-03-07,,3.92,,,,,,,
1963-03-08,,3.92,,,,,,,
1963-03-11,,3.92,,,,,,,
1963-03-12,,3.92,,,,,,,
1963-03-13,,3.92,,,,,,,
1963-03-14,,3.92,,,,,,,
1963-03-15,,3.92,,,,,,,
1963-03-18,,3.92,,,,,,,
1963-03-19,,3.92,,,,,,,
1963-03-20,,3.92,,,,,,,
1963-03-21,,3.92,,,,,,,
1963-03-22,,3.93,,,,,,,
1963-03-25,,3.94,,,,,,,
1963-03-26,,3.96,,,,,,,
1963-03-27,,3.96,,,,,,,
1963-03-28,,3.96,,,,,,,
1963-03-29,,3.95,,,,,,,
1963-04-01,,3.95,,2.9,30.48,0.00893743793445867,5.7,0.0,
1963-04-02,,3.96,,,,,,,
1963-04-03,,3.96,,,,,,,
1963-04-04,,3.95,,,,,,,
1963-04-05,,3.95,,,,,,,
1963-04-08,,3.97,,,,,,,
1963-04-09,,3.98,,,,,,,
1963-04-10,,4.0,,,,,,,
1963-04-11,,4.0,,,,,,,
1963-04-12,,,,,,,,,
1963-04-15,,4.01,,,,,,,
1963-04-16,,4.0,,,,,,,
1963-04-17,,4.0,,,,,,,
1963-04-18,,3.99,,,,,,,
1963-04-19,,3.97,,,,,,,
1963-04-22,,3.97,,,,,,,
1963-04-23,,3.97,,,,,,,
1963-04-24,,3.96,,,,,,,
1963-04-25,,3.95,,,,,,,
1963-04-26,,3.95,,,,,,,
1963-04-29,,3.95,,,,,,,
1963-04-30,,3.95,,,,,,,
1963-05-01,,3.94,,3.0,30.51,0.008928571428571619,5.9,0.0,
1963-05-02,,3.94,,,,,,,
1963-05-03,,3.93,,,,,,,
1963-05-06,,3.92,,,,,,,
1963-05-07,,3.91,,,,,,,
1963-05-08,,3.92,,,,,,,
1963-05-09,,3.93,,,,,,,
1963-05-10,,3.93,,,,,,,
1963-05-13,,3.92,,,,,,,
1963-05-14,,3.91,,,,,,,
1963-05-15,,3.91,,,,,,,
1963-05-16,,3.9,,,,,,,
1963-05-17,,3.92,,,,,,,
1963-05-20,,3.93,,,,,,,
1963-05-21,,3.92,,,,,,,
1963-05-22,,3.92,,,,,,,
1963-05-23,,3.93,,,,,,,
1963-05-24,,3.95,,,,,,,
1963-05-27,,3.95,,,,,,,
1963-05-28,,3.96,,,,,,,
1963-05-29,,3.96,,,,,,,
1963-05-30,,,,,,,,,
1963-05-31,,3.96,,,,,,,
1963-06-01,,,,2.99,30.61,0.013240648791790655,5.6,0.0,
1963-06-03,,3.98,,,,,,,
1963-06-04,,3.98,,,,,,,
1963-06-05,,3.98,,,,,,,
1963-06-06,,3.99,,,,,,,
1963-06-07,,3.99,,,,,,,
1963-06-10,,3.99,,,,,,,
1963-06-11,,3.98,,,,,,,
1963-06-12,,3.99,,,,,,,
1963-06-13,,3.99,,,,,,,
1963-06-14,,3.99,,,,,,,
1963-06-17,,4.0,,,,,,,
1963-06-18,,4.0,,,,,,,
1963-06-19,,4.0,,,,,,,
1963-06-20,,4.0,,,,,,,
1963-06-21,,4.0,,,,,,,
1963-06-24,,4.0,,,,,,,
1963-06-25,,4.0,,,,,,,
1963-06-26,,4.0,,,,,,,
1963-06-27,,4.0,,,,,,,
1963-06-28,,4.0,,,,,,,
1963-07-01,,4.01,,3.02,30.69,0.015552614162806178,5.6,0.0,
1963-07-02,,4.03,,,,,,,
1963-07-03,,4.03,,,,,,,
1963-07-04,,,,,,,,,
1963-07-05,,4.04,,,,,,,
1963-07-08,,4.05,,,,,,,
1963-07-09,,4.04,,,,,,,
1963-07-10,,4.03,,,,,,,
1963-07-11,,4.04,,,,,,,
1963-07-12,,4.03,,,,,,,
1963-07-15,,4.02,,,,,,,
1963-07-16,,4.02,,,,,,,
1963-07-17,,4.03,,,,,,,
1963-07-18,,4.02,,,,,,,
1963-07-19,,4.02,,,,,,,
1963-07-22,,4.02,,,,,,,
1963-07-23,,4.02,,,,,,,
1963-07-24,,4.01,,,,,,,
1963-07-25,,4.01,,,,,,,
1963-07-26,,3.99,,,,,,,
1963-07-29,,3.99,,,,,,,
1963-07-30,,4.0,,,,,,,
1963-07-31,,4.0,,,,,,,
1963-08-01,,3.99,,3.49,30.75,0.015521796565389767,5.4,0.0,
1963-08-02,,3.99,,,,,,,
1963-08-05,,3.99,,,,,,,
1963-08-06,,4.0,,,,,,,
1963-08-07,,4.01,,,,,,,
1963-08-08,,4.0,,,,,,,
1963-08-09,,4.0,,,,,,,
1963-08-12,,4.01,,,,,,,
1963-08-13,,4.02,,,,,,,
1963-08-14,,4.02,,,,,,,
1963-08-15,,4.01,,,,,,,
1963-08-16,,4.0,,,,,,,
1963-08-19,,3.99,,,,,,,
1963-08-20,,3.99,,,,,,,
1963-08-21,,4.0,,,,,,,
1963-08-22,,4.0,,,,,,,
1963-08-23,,4.0,,,,,,,
1963-08-26,,4.0,,,,,,,
1963-08-27,,4.0,,,,,,,
1963-08-28,,4.0,,,,,,,
1963-08-29,,4.01,,,,,,,
1963-08-30,,4.02,,,,,,,
1963-09-01,,,,3.48,30.72,0.009861932938855844,5.5,0.0,
1963-09-02,,,,,,,,,
1963-09-03,,4.03,,,,,,,
1963-09-04,,4.04,,,,,,,
1963-09-05,,4.08,,,,,,,
1963-09-06,,4.09,,,,,,,
1963-09-09,,4.09,,,,,,,
1963-09-10,,4.09,,,,,,,
1963-09-11,,4.09,,,,,,,
1963-09-12,,4.09,,,,,,,
1963-09-13,,4.09,,,,,,,
1963-09-16,,4.09,,,,,,,
1963-09-17,,4.09,,,,,,,
1963-09-18,,4.08,,,,,,,
1963-09-19,,4.08,,,,,,,
1963-09-20,,4.07,,,,,,,
1963-09-23,,4.07,,,,,,,
1963-09-24,,4.08,,,,,,,
1963-09-25,,4.08,,,,,,,
1963-09-26,,4.08,,,,,,,
1963-09-27,,4.07,,,,,,,
1963-09-30,,4.07,,,,,,,
1963-10-01,,4.07,,3.5,30.75,0.012179065174456882,5.5,0.0,
1963-10-02,,4.07,,,,,,,
1963-10-03,,4.07,,,,,,,
1963-10-04,,4.08,,,,,,,
1963-10-07,,4.08,,,,,,,
1963-10-08,,4.09,,,,,,,
1963-10-09,,4.1,,,,,,,
1963-10-10,,4.1,,,,,,,
1963-10-11,,4.1,,,,,,,
1963-10-14,,4.1,,,,,,,
1963-10-15,,4.11,,,,,,,
1963-10-16,,4.11,,,,,,,
1963-10-17,,4.12,,,,,,,
1963-10-18,,4.12,,,,,,,
1963-10-21,,4.12,,,,,,,
1963-10-22,,4.11,,,,,,,
1963-10-23,,4.12,,,,,,,
1963-10-24,,4.11,,,,,,,
1963-10-25,,4.12,,,,,,,
1963-10-28,,4.12,,,,,,,
1963-10-29,,4.13,,,,,,,
1963-10-30,,4.14,,,,,,,
1963-10-31,,4.15,,,,,,,
1963-11-01,,4.15,,3.48,30.78,0.013166556945358954,5.7,0.0,
1963-11-04,,4.15,,,,,,,
1963-11-05,,,,,,,,,
1963-11-06,,4.17,,,,,,,
1963-11-07,,4.17,,,,,,,
1963-11-08,,4.16,,,,,,,
1963-11-11,,,,,,,,,
1963-11-12,,4.16,,,,,,,
1963-11-13,,4.15,,,,,,,
1963-11-14,,4.12,,,,,,,
1963-11-15,,4.11,,,,,,,
1963-11-18,,4.11,,,,,,,
1963-11-19,,4.1,,,,,,,
1963-11-20,,4.09,,,,,,,
1963-11-21,,4.1,,,,,,,
1963-11-22,,4.09,,,,,,,
1963-11-25,,,,,,,,,
1963-11-26,,4.08,,,,,,,
1963-11-27,,4.08,,,,,,,
1963-11-28,,,,,,,,,
1963-11-29,,4.08,,,,,,,
1963-12-01,,,,3.38,30.88,0.016458196181698526,5.5,0.0,
1963-12-02,,4.09,,,,,,,
1963-12-03,,4.1,,,,,,,
1963-12-04,,4.1,,,,,,,
1963-12-05,,4.11,,,,,,,
1963-12-06,,4.11,,,,,,,
1963-12-09,,4.1,,,,,,,
1963-12-10,,4.1,,,,,,,
1963-12-11,,4.12,,,,,,,
1963-12-12,,4.12,,,,,,,
1963-12-13,,4.13,,,,,,,
1963-12-16,,4.15,,,,,,,
1963-12-17,,4.15,,,,,,,
1963-12-18,,4.15,,,,,,,
1963-12-19,,4.14,,,,,,,
1963-12-20,,4.15,,,,,,,
1963-12-23,,4.15,,,,,,,
1963-12-24,,4.15,,,,,,,
1963-12-25,,,,,,,,,
1963-12-26,,4.15,,,,,,,
1963-12-27,,4.15,,,,,,,
1963-12-30,,4.14,,,,,,,
1963-12-31,,4.14,,,,,,,
1964-01-01,,,,3.48,30.94,0.016425755584756896,5.6,0.0,
1964-01-02,,4.14,,,,,,,
1964-01-03,,4.15,,,,,,,
1964-01-06,,4.16,,,,,,,
1964-01-07,,4.15,,,,,,,
1964-01-08,,4.18,,,,,,,
1964-01-09,,4.18,,,,,,,
1964-01-10,,4.18,,,,,,,
1964-01-13,,4.18,,,,,,,
1964-01-14,,4.18,,,,,,,
1964-01-15,,4.18,,,,,,,
1964-01-16,,4.17,,,,,,,
1964-01-17,,4.17,,,,,,,
1964-01-20,,4.16,,,,,,,
1964-01-21,,4.16,,,,,,,
1964-01-22,,4.16,,,,,,,
1964-01-23,,4.16,,,,,,,
1964-01-24,,4.18,,,,,,,
1964-01-27,,4.18,,,,,,,
1964-01-28,,4.17,,,,,,,
1964-01-29,,4.17,,,,,,,
1964-01-30,,4.16,,,,,,,
1964-01-31,,4.15,,,,,,,
1964-02-01,,,,3.48,30.91,0.014107611548556331,5.4,0.0,
1964-02-03,,4.15,,,,,,,
1964-02-04,,4.15,,,,,,,
1964-02-05,,4.15,,,,,,,
1964-02-06,,4.14,,,,,,,
1964-02-07,,4.14,,,,,,,
1964-02-10,,4.14,,,,,,,
1964-02-11,,4.14,,,,,,,
1964-02-12,,,,,,,,,
1964-02-13,,4.13,,,,,,,
1964-02-14,,4.13,,,,,,,
1964-02-17,,4.13,,,,,,,
1964-02-18,,4.14,,,,,,,
1964-02-19,,4.14,,,,,,,
1964-02-20,,4.14,,,,,,,
1964-02-21,,,,,,,,,
1964-02-24,,4.15,,,,,,,
1964-02-25,,4.15,,,,,,,
1964-02-26,,4.15,,,,,,,
1964-02-27,,4.17,,,,,,,
1964-02-28,,4.18,,,,,,,
1964-03-01,,,,3.43,30.94,0.014093739757456536,5.4,0.0,
1964-03-02,,4.17,,,,,,,
1964-03-03,,4.18,,,,,,,
1964-03-04,,4.19,,,,,,,
1964-03-05,,4.19,,,,,,,
1964-03-06,,4.19,,,,,,,
1964-03-09,,4.2,,,,,,,
1964-03-10,,4.2,,,,,,,
1964-03-11,,4.21,,,,,,,
1964-03-12,,4.21,,,,,,,
1964-03-13,,4.22,,,,,,,
1964-03-16,,4.21,,,,,,,
1964-03-17,,4.22,,,,,,,
1964-03-18,,4.23,,,,,,,
1964-03-19,,4.24,,,,,,,
1964-03-20,,4.25,,,,,,,
1964-03-23,,4.25,,,,,,,
1964-03-24,,4.26,,,,,,,
1964-03-25,,4.26,,,,,,,
1964-03-26,,4.25,,,,,,,
1964-03-27,,,,,,,,,
1964-03-30,,4.25,,,,,,,
1964-03-31,,4.23,,,,,,,
1964-04-01,,4.23,,3.47,30.95,0.015419947506561726,5.3,0.0,
1964-04-02,,4.24,,,,,,,
1964-04-03,,4.25,,,,,,,
1964-04-06,,4.25,,,,,,,
1964-04-07,,4.25,,,,,,,
1964-04-08,,4.22,,,,,,,
1964-04-09,,4.22,,,,,,,
1964-04-10,,4.22,,,,,,,
1964-04-13,,4.23,,,,,,,
1964-04-14,,4.24,,,,,,,
1964-04-15,,4.23,,,,,,,
1964-04-16,,4.23,,,,,,,
1964-04-17,,4.24,,,,,,,
1964-04-20,,4.24,,,,,,,
1964-04-21,,4.23,,,,,,,
1964-04-22,,4.23,,,,,,,
1964-04-23,,4.23,,,,,,,
1964-04-24,,4.23,,,,,,,
1964-04-27,,4.23,,,,,,,
1964-04-28,,4.23,,,,,,,
1964-04-29,,4.22,,,,,,,
1964-04-30,,4.22,,,,,,,
1964-05-01,,4.22,,3.5,30.98,0.015404785316289749,5.1,0.0,
1964-05-04,,4.22,,,,,,,
1964-05-05,,4.22,,,,,,,
1964-05-06,,4.22,,,,,,,
1964-05-07,,4.22,,,,,,,
1964-05-08,,4.2,,,,,,,
1964-05-11,,4.19,,,,,,,
1964-05-12,,4.19,,,,,,,
1964-05-13,,4.19,,,,,,,
1964-05-14,,4.19,,,,,,,
1964-05-15,,4.19,,,,,,,
1964-05-18,,4.19,,,,,,,
1964-05-19,,4.19,,,,,,,
1964-05-20,,4.2,,,,,,,
1964-05-21,,4.2,,,,,,,
1964-05-22,,4.2,,,,,,,
1964-05-25,,4.19,,,,,,,
1964-05-26,,4.19,,,,,,,
1964-05-27,,4.2,,,,,,,
1964-05-28,,4.19,,,,,,,
1964-05-29,,,,,,,,,
1964-06-01,,4.19,,3.5,31.01,0.013067624959163693,5.2,0.0,
1964-06-02,,4.19,,,,,,,
1964-06-03,,4.19,,,,,,,
1964-06-04,,4.19,,,,,,,
1964-06-05,,4.18,,,,,,,
1964-06-08,,4.18,,,,,,,
1964-06-09,,4.17,,,,,,,
1964-06-10,,4.17,,,,,,,
1964-06-11,,4.18,,,,,,,
1964-06-12,,4.18,,,,,,,
1964-06-15,,4.18,,,,,,,
1964-06-16,,4.18,,,,,,,
1964-06-17,,4.18,,,,,,,
1964-06-18,,4.17,,,,,,,
1964-06-19,,4.16,,,,,,,
1964-06-22,,4.15,,,,,,,
1964-06-23,,4.15,,,,,,,
1964-06-24,,4.15,,,,,,,
1964-06-25,,4.15,,,,,,,
1964-06-26,,4.15,,,,,,,
1964-06-29,,4.15,,,,,,,
1964-06-30,,4.15,,,,,,,
1964-07-01,,4.15,,3.42,31.02,0.010752688172043001,4.9,0.0,
1964-07-02,,4.15,,,,,,,
1964-07-03,,,,,,,,,
1964-07-06,,4.16,,,,,,,
1964-07-07,,4.15,,,,,,,
1964-07-08,,4.15,,,,,,,
1964-07-09,,4.18,,,,,,,
1964-07-10,,4.19,,,,,,,
1964-07-13,,4.19,,,,,,,
1964-07-14,,4.19,,,,,,,
1964-07-15,,4.19,,,,,,,
1964-07-16,,4.19,,,,,,,
1964-07-17,,4.2,,,,,,,
1964-07-20,,4.21,,,,,,,
1964-07-21,,4.2,,,,,,,
1964-07-22,,4.21,,,,,,,
1964-07-23,,4.2,,,,,,,
1964-07-24,,4.2,,,,,,,
1964-07-27,,4.2,,,,,,,
1964-07-28,,4.2,,,,,,,
1964-07-29,,4.2,,,,,,,
1964-07-30,,4.19,,,,,,,
1964-07-31,,4.19,,,,,,,
1964-08-01,,,,3.5,31.05,0.009756097560975618,5.0,0.0,
1964-08-03,,4.19,,,,,,,
1964-08-04,,4.19,,,,,,,
1964-08-05,,4.19,,,,,,,
1964-08-06,,4.18,,,,,,,
1964-08-07,,4.19,,,,,,,
1964-08-10,,4.19,,,,,,,
1964-08-11,,4.2,,,,,,,
1964-08-12,,4.2,,,,,,,
1964-08-13,,4.19,,,,,,,
1964-08-14,,4.19,,,,,,,
1964-08-17,,4.19,,,,,,,
1964-08-18,,4.19,,,,,,,
1964-08-19,,4.19,,,,,,,
1964-08-20,,4.19,,,,,,,
1964-08-21,,4.19,,,,,,,
1964-08-24,,4.19,,,,,,,
1964-08-25,,4.2,,,,,,,
1964-08-26,,4.2,,,,,,,
1964-08-27,,4.2,,,,,,,
1964-08-28,,4.21,,,,,,,
1964-08-31,,4.21,,,,,,,
1964-09-01,,4.21,,3.45,31.08,0.01171875,5.1,0.0,
1964-09-02,,4.22,,,,,,,
1964-09-03,,4.22,,,,,,,
1964-09-04,,4.22,,,,,,,
1964-09-07,,,,,,,,,
1964-09-08,,4.22,,,,,,,
1964-09-09,,4.22,,,,,,,
1964-09-10,,4.22,,,,,,,
1964-09-11,,4.22,,,,,,,
1964-09-14,,4.22,,,,,,,
1964-09-15,,4.22,,,,,,,
1964-09-16,,4.21,,,,,,,
1964-09-17,,4.2,,,,,,,
1964-09-18,,4.2,,,,,,,
1964-09-21,,4.19,,,,,,,
1964-09-22,,4.19,,,,,,,
1964-09-23,,4.19,,,,,,,
1964-09-24,,4.19,,,,,,,
1964-09-25,,4.19,,,,,,,
1964-09-28,,4.17,,,,,,,
1964-09-29,,4.18,,,,,,,
1964-09-30,,4.18,,,,,,,
1964-10-01,,4.18,,3.36,31.12,0.012032520325203189,5.1,0.0,
1964-10-02,,4.18,,,,,,,
1964-10-05,,4.2,,,,,,,
1964-10-06,,4.19,,,,,,,
1964-10-07,,4.19,,,,,,,
1964-10-08,,4.19,,,,,,,
1964-10-09,,4.19,,,,,,,
1964-10-12,,,,,,,,,
1964-10-13,,4.19,,,,,,,
1964-10-14,,4.19,,,,,,,
1964-10-15,,4.2,,,,,,,
1964-10-16,,4.21,,,,,,,
1964-10-19,,4.21,,,,,,,
1964-10-20,,4.2,,,,,,,
1964-10-21,,4.19,,,,,,,
1964-10-22,,4.19,,,,,,,
1964-10-23,,4.19,,,,,,,
1964-10-26,,4.19,,,,,,,
1964-10-27,,4.18,,,,,,,
1964-10-28,,4.17,,,,,,,
1964-10-29,,4.16,,,,,,,
1964-10-30,,4.16,,,,,,,
1964-11-01,,,,3.52,31.21,0.013970110461338558,4.8,0.0,
1964-11-02,,4.15,,,,,,,
1964-11-03,,,,,,,,,
1964-11-04,,4.15,,,,,,,
1964-11-05,,4.15,,,,,,,
1964-11-06,,4.15,,,,,,,
1964-11-09,,4.15,,,,,,,
1964-11-10,,4.14,,,,,,,
1964-11-11,,,,,,,,,
1964-11-12,,4.12,,,,,,,
1964-11-13,,4.13,,,,,,,
1964-11-16,,4.13,,,,,,,
1964-11-17,,4.14,,,,,,,
1964-11-18,,4.14,,,,,,,
1964-11-19,,4.13,,,,,,,
1964-11-20,,4.13,,,,,,,
1964-11-23,,4.18,,,,,,,
1964-11-24,,4.18,,,,,,,
1964-11-25,,4.19,,,,,,,
1964-11-26,,,,,,,,,
1964-11-27,,4.19,,,,,,,
1964-11-30,,4.2,,,,,,,
1964-12-01,,4.2,,3.85,31.25,0.011981865284974136,5.0,0.0,
1964-12-02,,4.19,,,,,,,
1964-12-03,,4.18,,,,,,,
1964-12-04,,4.18,,,,,,,
1964-12-07,,4.17,,,,,,,
1964-12-08,,4.16,,,,,,,
1964-12-09,,4.16,,,,,,,
1964-12-10,,4.15,,,,,,,
1964-12-11,,4.15,,,,,,,
1964-12-14,,4.16,,,,,,,
1964-12-15,,4.17,,,,,,,
1964-12-16,,4.18,,,,,,,
1964-12-17,,4.18,,,,,,,
1964-12-18,,4.19,,,,,,,
1964-12-21,,4.18,,,,,,,
1964-12-22,,4.18,,,,,,,
1964-12-23,,4.19,,,,,,,
1964-12-24,,4.19,,,,,,,
1964-12-25,,,,,,,,,
1964-12-28,,4.19,,,,,,,
1964-12-29,,4.19,,,,,,,
1964-12-30,,4.2,,,,,,,
1964-12-31,,4.21,,,,,,,
1965-01-01,,,,3.9,31.28,0.01098901098901095,4.9,0.0,
1965-01-04,,4.2,,,,,,,
1965-01-05,,4.2,,,,,,,
1965-01-06,,4.2,,,,,,,
1965-01-07,,4.2,,,,,,,
1965-01-08,,4.2,,,,,,,
1965-01-11,,4.2,,,,,,,
1965-01-12,,4.19,,,,,,,
1965-01-13,,4.19,,,,,,,
1965-01-14,,4.19,,,,,,,
1965-01-15,,4.19,,,,,,,
1965-01-18,,4.19,,,,,,,
1965-01-19,,4.18,,,,,,,
1965-01-20,,4.18,,,,,,,
1965-01-21,,4.17,,,,,,,
1965-01-22,,4.17,,,,,,,
1965-01-25,,4.18,,,,,,,
1965-01-26,,4.19,,,,,,,
1965-01-27,,4.19,,,,,,,
1965-01-28,,4.19,,,,,,,
1965-01-29,,4.19,,,,,,,
1965-02-01,,4.2,,3.98,31.28,0.011970236169524417,5.1,0.0,
1965-02-02,,4.2,,,,,,,
1965-02-03,,4.2,,,,,,,
1965-02-04,,4.21,,,,,,,
1965-02-05,,4.22,,,,,,,
1965-02-08,,4.21,,,,,,,
1965-02-09,,4.21,,,,,,,
1965-02-10,,4.21,,,,,,,
1965-02-11,,4.21,,,,,,,
1965-02-12,,,,,,,,,
1965-02-15,,4.22,,,,,,,
1965-02-16,,4.21,,,,,,,
1965-02-17,,4.21,,,,,,,
1965-02-18,,4.21,,,,,,,
1965-02-19,,4.22,,,,,,,
1965-02-22,,,,,,,,,
1965-02-23,,4.21,,,,,,,
1965-02-24,,4.22,,,,,,,
1965-02-25,,4.21,,,,,,,
1965-02-26,,4.22,,,,,,,
1965-03-01,,4.22,,4.05,31.31,0.011958629605688387,4.7,0.0,
1965-03-02,,4.24,,,,,,,
1965-03-03,,4.23,,,,,,,
1965-03-04,,4.22,,,,,,,
1965-03-05,,4.23,,,,,,,
1965-03-08,,4.23,,,,,,,
1965-03-09,,4.23,,,,,,,
1965-03-10,,4.23,,,,,,,
1965-03-11,,4.22,,,,,,,
1965-03-12,,4.22,,,,,,,
1965-03-15,,4.21,,,,,,,
1965-03-16,,4.21,,,,,,,
1965-03-17,,4.2,,,,,,,
1965-03-18,,4.2,,,,,,,
1965-03-19,,4.2,,,,,,,
1965-03-22,,4.19,,,,,,,
1965-03-23,,4.19,,,,,,,
1965-03-24,,4.18,,,,,,,
1965-03-25,,4.19,,,,,,,
1965-03-26,,4.2,,,,,,,
1965-03-29,,4.2,,,,,,,
1965-03-30,,4.2,,,,,,,
1965-03-31,,4.2,,,,,,,
1965-04-01,,4.2,,4.09,31.38,0.013893376413570246,4.8,0.0,
1965-04-02,,4.2,,,,,,,
1965-04-05,,4.2,,,,,,,
1965-04-06,,4.2,,,,,,,
1965-04-07,,4.2,,,,,,,
1965-04-08,,4.19,,,,,,,
1965-04-09,,4.2,,,,,,,
1965-04-12,,4.2,,,,,,,
1965-04-13,,4.2,,,,,,,
1965-04-14,,4.19,,,,,,,
1965-04-15,,4.2,,,,,,,
1965-04-16,,,,,,,,,
1965-04-19,,4.21,,,,,,,
1965-04-20,,4.21,,,,,,,
1965-04-21,,4.21,,,,,,,
1965-04-22,,4.21,,,,,,,
1965-04-23,,4.21,,,,,,,
1965-04-26,,4.21,,,,,,,
1965-04-27,,4.21,,,,,,,
1965-04-28,,4.21,,,,,,,
1965-04-29,,4.21,,,,,,,
1965-04-30,,4.21,,,,,,,
1965-05-01,,,,4.1,31.48,0.0161394448030987,4.6,0.0,
1965-05-03,,4.21,,,,,,,
1965-05-04,,4.2,,,,,,,
1965-05-05,,4.2,,,,,,,
1965-05-06,,4.2,,,,,,,
1965-05-07,,4.2,,,,,,,
1965-05-10,,4.2,,,,,,,
1965-05-11,,4.2,,,,,,,
1965-05-12,,4.2,,,,,,,
1965-05-13,,4.21,,,,,,,
1965-05-14,,4.21,,,,,,,
1965-05-17,,4.21,,,,,,,
1965-05-18,,4.22,,,,,,,
1965-05-19,,4.22,,,,,,,
1965-05-20,,4.22,,,,,,,
1965-05-21,,4.22,,,,,,,
1965-05-24,,4.22,,,,,,,
1965-05-25,,4.22,,,,,,,
1965-05-26,,4.22,,,,,,,
1965-05-27,,4.22,,,,,,,
1965-05-28,,4.23,,,,,,,
1965-05-31,,,,,,,,,
1965-06-01,,4.23,,4.05,31.61,0.019348597226700903,4.6,0.0,
1965-06-02,,4.23,,,,,,,
1965-06-03,,4.23,,,,,,,
1965-06-04,,4.23,,,,,,,
1965-06-07,,4.23,,,,,,,
1965-06-08,,4.23,,,,,,,
1965-06-09,,4.23,,,,,,,
1965-06-10,,4.23,,,,,,,
1965-06-11,,4.23,,,,,,,
1965-06-14,,4.21,,,,,,,
1965-06-15,,4.21,,,,,,,
1965-06-16,,4.21,,,,,,,
1965-06-17,,4.21,,,,,,,
1965-06-18,,4.21,,,,,,,
1965-06-21,,4.2,,,,,,,
1965-06-22,,4.2,,,,,,,
1965-06-23,,4.2,,,,,,,
1965-06-24,,4.19,,,,,,,
1965-06-25,,4.19,,,,,,,
1965-06-28,,4.19,,,,,,,
1965-06-29,,4.2,,,,,,,
1965-06-30,,4.2,,,,,,,
1965-07-01,,4.2,,4.09,31.58,0.01805286911669879,4.4,0.0,
1965-07-02,,4.21,,,,,,,
1965-07-05,,,,,,,,,
1965-07-06,,4.21,,,,,,,
1965-07-07,,4.21,,,,,,,
1965-07-08,,4.2,,,,,,,
1965-07-09,,4.21,,,,,,,
1965-07-12,,4.21,,,,,,,
1965-07-13,,4.21,,,,,,,
1965-07-14,,4.21,,,,,,,
1965-07-15,,4.2,,,,,,,
1965-07-16,,4.2,,,,,,,
1965-07-19,,4.2,,,,,,,
1965-07-20,,4.2,,,,,,,
1965-07-21,,4.2,,,,,,,
1965-07-22,,4.2,,,,,,,
1965-07-23,,4.2,,,,,,,
1965-07-26,,4.2,,,,,,,
1965-07-27,,4.2,,,,,,,
1965-07-28,,4.2,,,,,,,
1965-07-29,,4.21,,,,,,,
1965-07-30,,4.22,,,,,,,
1965-08-01,,,,4.12,31.55,0.016103059581320522,4.4,0.0,
1965-08-02,,4.22,,,,,,,
1965-08-03,,4.22,,,,,,,
1965-08-04,,4.23,,,,,,,
1965-08-05,,4.23,,,,,,,
1965-08-06,,4.24,,,,,,,
1965-08-09,,4.24,,,,,,,
1965-08-10,,4.24,,,,,,,
1965-08-11,,4.25,,,,,,,
1965-08-12,,4.25,,,,,,,
1965-08-13,,4.25,,,,,,,
1965-08-16,,4.26,,,,,,,
1965-08-17,,4.27,,,,,,,
1965-08-18,,4.26,,,,,,,
1965-08-19,,4.26,,,,,,,
1965-08-20,,4.26,,,,,,,
1965-08-23,,4.26,,,,,,,
1965-08-24,,4.27,,,,,,,
1965-08-25,,4.26,,,,,,,
1965-08-26,,4.27,,,,,,,
1965-08-27,,4.27,,,,,,,
1965-08-30,,4.27,,,,,,,
1965-08-31,,4.27,,,,,,,
1965-09-01,,4.28,,4.02,31.62,0.01737451737451745,4.3,0.0,
1965-09-02,,4.28,,,,,,,
1965-09-03,,4.27,,,,,,,
1965-09-06,,,,,,,,,
1965-09-07,,4.27,,,,,,,
1965-09-08,,4.27,,,,,,,
1965-09-09,,4.27,,,,,,,
1965-09-10,,4.28,,,,,,,
1965-09-13,,4.28,,,,,,,
1965-09-14,,4.28,,,,,,,
1965-09-15,,4.28,,,,,,,
1965-09-16,,4.27,,,,,,,
1965-09-17,,4.27,,,,,,,
1965-09-20,,4.27,,,,,,,
1965-09-21,,4.28,,,,,,,
1965-09-22,,4.29,,,,,,,
1965-09-23,,4.3,,,,,,,
1965-09-24,,4.31,,,,,,,
1965-09-27,,4.31,,,,,,,
1965-09-28,,4.33,,,,,,,
1965-09-29,,4.36,,,,,,,
1965-09-30,,4.35,,,,,,,
1965-10-01,,4.36,,4.08,31.65,0.017030848329048665,4.2,0.0,
1965-10-04,,4.35,,,,,,,
1965-10-05,,4.33,,,,,,,
1965-10-06,,4.32,,,,,,,
1965-10-07,,4.31,,,,,,,
1965-10-08,,4.32,,,,,,,
1965-10-11,,4.31,,,,,,,
1965-10-12,,,,,,,,,
1965-10-13,,4.3,,,,,,,
1965-10-14,,4.31,,,,,,,
1965-10-15,,4.34,,,,,,,
1965-10-18,,4.34,,,,,,,
1965-10-19,,4.35,,,,,,,
1965-10-20,,4.36,,,,,,,
1965-10-21,,4.37,,,,,,,
1965-10-22,,4.36,,,,,,,
1965-10-25,,4.38,,,,,,,
1965-10-26,,4.38,,,,,,,
1965-10-27,,4.39,,,,,,,
1965-10-28,,4.4,,,,,,,
1965-10-29,,4.41,,,,,,,
1965-11-01,,4.43,,4.1,31.75,0.017302146747837144,4.1,0.0,
1965-11-02,,,,,,,,,
1965-11-03,,4.43,,,,,,,
1965-11-04,,4.43,,,,,,,
1965-11-05,,4.43,,,,,,,
1965-11-08,,4.45,,,,,,,
1965-11-09,,4.47,,,,,,,
1965-11-10,,4.46,,,,,,,
1965-11-11,,,,,,,,,
1965-11-12,,4.44,,,,,,,
1965-11-15,,4.45,,,,,,,
1965-11-16,,4.44,,,,,,,
1965-11-17,,4.45,,,,,,,
1965-11-18,,4.45,,,,,,,
1965-11-19,,4.46,,,,,,,
1965-11-22,,4.45,,,,,,,
1965-11-23,,4.45,,,,,,,
1965-11-24,,4.45,,,,,,,
1965-11-25,,,,,,,,,
1965-11-26,,4.45,,,,,,,
1965-11-29,,4.46,,,,,,,
1965-11-30,,4.48,,,,,,,
1965-12-01,,4.52,,4.32,31.85,0.019200000000000106,4.0,0.0,
1965-12-02,,4.52,,,,,,,
1965-12-03,,4.52,,,,,,,
1965-12-06,,4.61,,,,,,,
1965-12-07,,4.59,,,,,,,
1965-12-08,,4.6,,,,,,,
1965-12-09,,4.6,,,,,,,
1965-12-10,,4.6,,,,,,,
1965-12-13,,4.65,,,,,,,
1965-12-14,,4.67,,,,,,,
1965-12-15,,4.67,,,,,,,
1965-12-16,,4.66,,,,,,,
1965-12-17,,4.65,,,,,,,
1965-12-20,,4.61,,,,,,,
1965-12-21,,4.64,,,,,,,
1965-12-22,,4.65,,,,,,,
1965-12-23,,4.65,,,,,,,
1965-12-24,,,,,,,,,
1965-12-27,,4.62,,,,,,,
1965-12-28,,4.61,,,,,,,
1965-12-29,,4.62,,,,,,,
1965-12-30,,4.63,,,,,,,
1965-12-31,,4.65,,,,,,,
1966-01-01,,,,4.42,31.88,0.019181585677749302,4.0,0.0,
1966-01-03,,4.63,,,,,,,
1966-01-04,,4.65,,,,,,,
1966-01-05,,4.63,,,,,,,
1966-01-06,,4.6,,,,,,,
1966-01-07,,4.6,,,,,,,
1966-01-10,,4.61,,,,,,,
1966-01-11,,4.6,,,,,,,
1966-01-12,,4.56,,,,,,,
1966-01-13,,4.58,,,,,,,
1966-01-14,,4.59,,,,,,,
1966-01-17,,4.61,,,,,,,
1966-01-18,,4.61,,,,,,,
1966-01-19,,4.61,,,,,,,
1966-01-20,,4.6,,,,,,,
1966-01-21,,4.59,,,,,,,
1966-01-24,,4.6,,,,,,,
1966-01-25,,4.61,,,,,,,
1966-01-26,,4.61,,,,,,,
1966-01-27,,4.63,,,,,,,
1966-01-28,,4.65,,,,,,,
1966-01-31,,4.69,,,,,,,
1966-02-01,,4.69,,4.6,32.08,0.025575447570332477,3.8,0.0,
1966-02-02,,4.7,,,,,,,
1966-02-03,,4.7,,,,,,,
1966-02-04,,4.71,,,,,,,
1966-02-07,,4.73,,,,,,,
1966-02-08,,4.72,,,,,,,
1966-02-09,,4.74,,,,,,,
1966-02-10,,4.78,,,,,,,
1966-02-11,,4.86,,,,,,,
1966-02-14,,4.87,,,,,,,
1966-02-15,,4.88,,,,,,,
1966-02-16,,4.89,,,,,,,
1966-02-17,,4.88,,,,,,,
1966-02-18,,4.9,,,,,,,
1966-02-21,,4.92,,,,,,,
1966-02-22,,,,,,,,,
1966-02-23,,4.92,,,,,,,
1966-02-24,,4.93,,,,,,,
1966-02-25,,4.97,,,,,,,
1966-02-28,,5.02,,,,,,,
1966-03-01,,5.01,,4.66,32.18,0.027786649632705274,3.8,0.0,
1966-03-02,,5.0,,,,,,,
1966-03-03,,5.0,,,,,,,
1966-03-04,,4.98,,,,,,,
1966-03-07,,4.96,,,,,,,
1966-03-08,,4.93,,,,,,,
1966-03-09,,4.93,,,,,,,
1966-03-10,,4.95,,,,,,,
1966-03-11,,4.96,,,,,,,
1966-03-14,,4.94,,,,,,,
1966-03-15,,4.91,,,,,,,
1966-03-16,,4.9,,,,,,,
1966-03-17,,4.86,,,,,,,
1966-03-18,,4.84,,,,,,,
1966-03-21,,4.81,,,,,,,
1966-03-22,,4.78,,,,,,,
1966-03-23,,4.73,,,,,,,
1966-03-24,,4.76,,,,,,,
1966-03-25,,4.82,,,,,,,
1966-03-28,,4.81,,,,,,,
1966-03-29,,4.8,,,,,,,
1966-03-30,,4.7,,,,,,,
1966-03-31,,4.71,,,,,,,
1966-04-01,,4.7,,4.67,32.28,0.028680688336520044,3.8,0.0,
1966-04-04,,4.69,,,,,,,
1966-04-05,,4.66,,,,,,,
1966-04-06,,4.71,,,,,,,
1966-04-07,,4.73,,,,,,,
1966-04-08,,,,,,,,,
1966-04-11,,4.73,,,,,,,
1966-04-12,,4.73,,,,,,,
1966-04-13,,4.74,,,,,,,
1966-04-14,,4.76,,,,,,,
1966-04-15,,4.77,,,,,,,
1966-04-18,,4.76,,,,,,,
1966-04-19,,4.76,,,,,,,
1966-04-20,,4.8,,,,,,,
1966-04-21,,4.77,,,,,,,
1966-04-22,,4.77,,,,,,,
1966-04-25,,4.78,,,,,,,
1966-04-26,,4.79,,,,,,,
1966-04-27,,4.78,,,,,,,
1966-04-28,,4.78,,,,,,,
1966-04-29,,4.79,,,,,,,
1966-05-01,,,,4.9,32.35,0.02763659466327839,3.9,0.0,
1966-05-02,,4.8,,,,,,,
1966-05-03,,4.81,,,,,,,
1966-05-04,,4.81,,,,,,,
1966-05-05,,4.81,,,,,,,
1966-05-06,,4.79,,,,,,,
1966-05-09,,4.75,,,,,,,
1966-05-10,,4.75,,,,,,,
1966-05-11,,4.77,,,,,,,
1966-05-12,,4.77,,,,,,,
1966-05-13,,4.77,,,,,,,
1966-05-16,,4.77,,,,,,,
1966-05-17,,4.75,,,,,,,
1966-05-18,,4.75,,,,,,,
1966-05-19,,4.75,,,,,,,
1966-05-20,,4.75,,,,,,,
1966-05-23,,4.77,,,,,,,
1966-05-24,,4.79,,,,,,,
1966-05-25,,4.78,,,,,,,
1966-05-26,,4.8,,,,,,,
1966-05-27,,4.81,,,,,,,
1966-05-30,,,,,,,,,
1966-05-31,,4.8,,,,,,,
1966-06-01,,4.79,,5.17,32.38,0.024359379943056148,3.8,0.0,
1966-06-02,,4.77,,,,,,,
1966-06-03,,4.78,,,,,,,
1966-06-06,,4.79,,,,,,,
1966-06-07,,4.81,,,,,,,
1966-06-08,,4.83,,,,,,,
1966-06-09,,4.83,,,,,,,
1966-06-10,,4.83,,,,,,,
1966-06-13,,4.83,,,,,,,
1966-06-14,,4.83,,,,,,,
1966-06-15,,4.79,,,,,,,
1966-06-16,,4.81,,,,,,,
1966-06-17,,4.8,,,,,,,
1966-06-20,,4.76,,,,,,,
1966-06-21,,4.75,,,,,,,
1966-06-22,,4.76,,,,,,,
1966-06-23,,4.77,,,,,,,
1966-06-24,,4.8,,,,,,,
1966-06-27,,4.83,,,,,,,
1966-06-28,,4.89,,,,,,,
1966-06-29,,4.9,,,,,,,
1966-06-30,,4.97,,,,,,,
1966-07-01,,4.99,,5.3,32.45,0.02754908169727699,3.8,0.0,
1966-07-04,,,,,,,,,
1966-07-05,,4.96,,,,,,,
1966-07-06,,4.95,,,,,,,
1966-07-07,,4.95,,,,,,,
1966-07-08,,4.97,,,,,,,
1966-07-11,,5.03,,,,,,,
1966-07-12,,5.05,,,,,,,
1966-07-13,,5.07,,,,,,,
1966-07-14,,5.1,,,,,,,
1966-07-15,,5.09,,,,,,,
1966-07-18,,5.04,,,,,,,
1966-07-19,,5.03,,,,,,,
1966-07-20,,5.02,,,,,,,
1966-07-21,,5.04,,,,,,,
1966-07-22,,5.02,,,,,,,
1966-07-25,,4.99,,,,,,,
1966-07-26,,4.99,,,,,,,
1966-07-27,,4.99,,,,,,,
1966-07-28,,5.03,,,,,,,
1966-07-29,,5.05,,,,,,,
1966-08-01,,5.05,,5.53,32.65,0.034865293185419866,3.8,0.0,
1966-08-02,,5.04,,,,,,,
1966-08-03,,5.06,,,,,,,
1966-08-04,,5.07,,,,,,,
1966-08-05,,5.07,,,,,,,
1966-08-08,,5.08,,,,,,,
1966-08-09,,5.1,,,,,,,
1966-08-10,,5.1,,,,,,,
1966-08-11,,5.11,,,,,,,
1966-08-12,,5.11,,,,,,,
1966-08-15,,5.15,,,,,,,
1966-08-16,,5.18,,,,,,,
1966-08-17,,5.24,,,,,,,
1966-08-18,,5.29,,,,,,,
1966-08-19,,5.31,,,,,,,
1966-08-22,,5.29,,,,,,,
1966-08-23,,5.33,,,,,,,
1966-08-24,,5.36,,,,,,,
1966-08-25,,5.39,,,,,,,
1966-08-26,,5.48,,,,,,,
1966-08-29,,5.51,,,,,,,
1966-08-30,,5.48,,,,,,,
1966-08-31,,5.36,,,,,,,
1966-09-01,,5.3,,5.4,32.75,0.035736875395319334,3.7,0.0,
1966-09-02,,5.23,,,,,,,
1966-09-05,,,,,,,,,
1966-09-06,,5.19,,,,,,,
1966-09-07,,5.2,,,,,,,
1966-09-08,,5.18,,,,,,,
1966-09-09,,5.17,,,,,,,
1966-09-12,,5.18,,,,,,,
1966-09-13,,5.16,,,,,,,
1966-09-14,,5.21,,,,,,,
1966-09-15,,5.25,,,,,,,
1966-09-16,,5.24,,,,,,,
1966-09-19,,5.32,,,,,,,
1966-09-20,,5.27,,,,,,,
1966-09-21,,5.21,,,,,,,
1966-09-22,,5.15,,,,,,,
1966-09-23,,5.17,,,,,,,
1966-09-26,,5.17,,,,,,,
1966-09-27,,5.13,,,,,,,
1966-09-28,,5.09,,,,,,,
1966-09-29,,4.99,,,,,,,
1966-09-30,,5.02,,,,,,,
1966-10-01,,,,5.53,32.85,0.03791469194312813,3.7,0.0,
1966-10-03,,5.08,,,,,,,
1966-10-04,,5.06,,,,,,,
1966-10-05,,5.05,,,,,,,
1966-10-06,,5.03,,,,,,,
1966-10-07,,5.02,,,,,,,
1966-10-10,,5.05,,,,,,,
1966-10-11,,5.05,,,,,,,
1966-10-12,,,,,,,,,
1966-10-13,,5.07,,,,,,,
1966-10-14,,5.06,,,,,,,
1966-10-17,,5.04,,,,,,,
1966-10-18,,4.99,,,,,,,
1966-10-19,,5.0,,,,,,,
1966-10-20,,5.02,,,,,,,
1966-10-21,,4.94,,,,,,,
1966-10-24,,4.94,,,,,,,
1966-10-25,,4.94,,,,,,,
1966-10-26,,4.96,,,,,,,
1966-10-27,,4.99,,,,,,,
1966-10-28,,4.97,,,,,,,
1966-10-31,,4.97,,,,,,,
1966-11-01,,4.99,,5.76,32.88,0.03559055118110255,3.6,0.0,
1966-11-02,,5.04,,,,,,,
1966-11-03,,5.06,,,,,,,
1966-11-04,,5.11,,,,,,,
1966-11-07,,5.11,,,,,,,
1966-11-08,,,,,,,,,
1966-11-09,,5.12,,,,,,,
1966-11-10,,5.17,,,,,,,
1966-11-11,,,,,,,,,
1966-11-14,,5.19,,,,,,,
1966-11-15,,5.21,,,,,,,
1966-11-16,,5.22,,,,,,,
1966-11-17,,5.23,,,,,,,
1966-11-18,,5.22,,,,,,,
1966-11-21,,5.17,,,,,,,
1966-11-22,,5.2,,,,,,,
1966-11-23,,5.22,,,,,,,
1966-11-24,,,,,,,,,
1966-11-25,,5.23,,,,,,,
1966-11-28,,5.19,,,,,,,
1966-11-29,,5.15,,,,,,,
1966-11-30,,5.12,,,,,,,
1966-12-01,,5.09,,5.4,32.92,0.033594976452119285,3.8,0.0,
1966-12-02,,5.03,,,,,,,
1966-12-05,,5.06,,,,,,,
1966-12-06,,5.07,,,,,,,
1966-12-07,,5.07,,,,,,,
1966-12-08,,5.1,,,,,,,
1966-12-09,,5.05,,,,,,,
1966-12-12,,4.93,,,,,,,
1966-12-13,,4.86,,,,,,,
1966-12-14,,4.83,,,,,,,
1966-12-15,,4.76,,,,,,,
1966-12-16,,4.78,,,,,,,
1966-12-19,,4.72,,,,,,,
1966-12-20,,4.69,,,,,,,
1966-12-21,,4.66,,,,,,,
1966-12-22,,4.68,,,,,,,
1966-12-23,,4.67,,,,,,,
1966-12-26,,,,,,,,,
1966-12-27,,4.71,,,,,,,
1966-12-28,,4.64,,,,,,,
1966-12-29,,4.66,,,,,,,
1966-12-30,,4.64,,,,,,,
1967-01-01,,,,4.94,32.9,0.0319949811794229,3.9,0.0,
1967-01-02,,,,,,,,,
1967-01-03,,4.69,,,,,,,
1967-01-04,,4.65,,,,,,,
1967-01-05,,4.63,,,,,,,
1967-01-06,,4.64,,,,,,,
1967-01-09,,4.71,,,,,,,
1967-01-10,,4.69,,,,,,,
1967-01-11,,4.54,,,,,,,
1967-01-12,,4.55,,,,,,,
1967-01-13,,4.51,,,,,,,
1967-01-16,,4.49,,,,,,,
1967-01-17,,4.51,,,,,,,
1967-01-18,,4.53,,,,,,,
1967-01-19,,4.58,,,,,,,
1967-01-20,,4.6,,,,,,,
1967-01-23,,4.6,,,,,,,
1967-01-24,,4.65,,,,,,,
1967-01-25,,4.62,,,,,,,
1967-01-26,,4.5,,,,,,,
1967-01-27,,4.47,,,,,,,
1967-01-30,,4.48,,,,,,,
1967-01-31,,4.52,,,,,,,
1967-02-01,,4.52,,5.0,33.0,0.028678304239401653,3.8,0.0,
1967-02-02,,4.51,,,,,,,
1967-02-03,,4.52,,,,,,,
1967-02-06,,4.53,,,,,,,
1967-02-07,,4.54,,,,,,,
1967-02-08,,4.54,,,,,,,
1967-02-09,,4.53,,,,,,,
1967-02-10,,4.59,,,,,,,
1967-02-13,,,,,,,,,
1967-02-14,,4.64,,,,,,,
1967-02-15,,4.69,,,,,,,
1967-02-16,,4.67,,,,,,,
1967-02-17,,4.68,,,,,,,
1967-02-20,,4.7,,,,,,,
1967-02-21,,4.71,,,,,,,
1967-02-22,,,,,,,,,
1967-02-23,,4.74,,,,,,,
1967-02-24,,4.73,,,,,,,
1967-02-27,,4.72,,,,,,,
1967-02-28,,4.72,,,,,,,
1967-03-01,,4.66,,4.53,33.0,0.025481665630826544,3.8,0.0,
1967-03-02,,4.63,,,,,,,
1967-03-03,,4.62,,,,,,,
1967-03-06,,4.61,,,,,,,
1967-03-07,,4.6,,,,,,,
1967-03-08,,4.61,,,,,,,
1967-03-09,,4.57,,,,,,,
1967-03-10,,4.58,,,,,,,
1967-03-13,,4.56,,,,,,,
1967-03-14,,4.53,,,,,,,
1967-03-15,,4.49,,,,,,,
1967-03-16,,4.45,,,,,,,
1967-03-17,,4.47,,,,,,,
1967-03-20,,4.45,,,,,,,
1967-03-21,,4.51,,,,,,,
1967-03-22,,4.52,,,,,,,
1967-03-23,,4.5,,,,,,,
1967-03-24,,,,,,,,,
1967-03-27,,4.52,,,,,,,
1967-03-28,,4.52,,,,,,,
1967-03-29,,4.52,,,,,,,
1967-03-30,,4.5,,,,,,,
1967-03-31,,4.5,,,,,,,
1967-04-01,,,,4.05,33.1,0.025402726146220633,3.8,0.0,
1967-04-03,,4.5,,,,,,,
1967-04-04,,4.49,,,,,,,
1967-04-05,,4.5,,,,,,,
1967-04-06,,4.49,,,,,,,
1967-04-07,,4.48,,,,,,,
1967-04-10,,4.5,,,,,,,
1967-04-11,,4.51,,,,,,,
1967-04-12,,4.51,,,,,,,
1967-04-13,,4.54,,,,,,,
1967-04-14,,4.56,,,,,,,
1967-04-17,,4.61,,,,,,,
1967-04-18,,4.63,,,,,,,
1967-04-19,,4.63,,,,,,,
1967-04-20,,4.63,,,,,,,
1967-04-21,,4.66,,,,,,,
1967-04-24,,4.68,,,,,,,
1967-04-25,,4.71,,,,,,,
1967-04-26,,4.73,,,,,,,
1967-04-27,,4.73,,,,,,,
1967-04-28,,4.78,,,,,,,
1967-05-01,,4.77,,3.94,33.1,0.023183925811437467,3.8,0.0,
1967-05-02,,4.75,,,,,,,
1967-05-03,,4.75,,,,,,,
1967-05-04,,4.76,,,,,,,
1967-05-05,,4.77,,,,,,,
1967-05-08,,4.83,,,,,,,
1967-05-09,,4.87,,,,,,,
1967-05-10,,4.87,,,,,,,
1967-05-11,,4.84,,,,,,,
1967-05-12,,4.82,,,,,,,
1967-05-15,,4.86,,,,,,,
1967-05-16,,4.87,,,,,,,
1967-05-17,,4.88,,,,,,,
1967-05-18,,4.88,,,,,,,
1967-05-19,,4.89,,,,,,,
1967-05-22,,4.94,,,,,,,
1967-05-23,,4.94,,,,,,,
1967-05-24,,4.93,,,,,,,
1967-05-25,,4.92,,,,,,,
1967-05-26,,4.86,,,,,,,
1967-05-29,,4.84,,,,,,,
1967-05-30,,,,,,,,,
1967-05-31,,4.81,,,,,,,
1967-06-01,,4.81,,3.98,33.3,0.028412600370598895,3.9,0.0,
1967-06-02,,4.82,,,,,,,
1967-06-05,,4.85,,,,,,,
1967-06-06,,4.84,,,,,,,
1967-06-07,,4.84,,,,,,,
1967-06-08,,4.86,,,,,,,
1967-06-09,,4.89,,,,,,,
1967-06-12,,4.94,,,,,,,
1967-06-13,,4.95,,,,,,,
1967-06-14,,5.02,,,,,,,
1967-06-15,,5.02,,,,,,,
1967-06-16,,5.07,,,,,,,
1967-06-19,,5.07,,,,,,,
1967-06-20,,5.14,,,,,,,
1967-06-21,,5.14,,,,,,,
1967-06-22,,5.13,,,,,,,
1967-06-23,,5.14,,,,,,,
1967-06-26,,5.16,,,,,,,
1967-06-27,,5.21,,,,,,,
1967-06-28,,5.18,,,,,,,
1967-06-29,,5.2,,,,,,,
1967-06-30,,5.22,,,,,,,
1967-07-01,,,,3.79,33.4,0.029275808936825687,3.8,0.0,
1967-07-03,,5.22,,,,,,,
1967-07-04,,,,,,,,,
1967-07-05,,5.17,,,,,,,
1967-07-06,,5.11,,,,,,,
1967-07-07,,5.15,,,,,,,
1967-07-10,,5.16,,,,,,,
1967-07-11,,5.09,,,,,,,
1967-07-12,,5.06,,,,,,,
1967-07-13,,5.08,,,,,,,
1967-07-14,,5.08,,,,,,,
1967-07-17,,5.09,,,,,,,
1967-07-18,,5.16,,,,,,,
1967-07-19,,5.18,,,,,,,
1967-07-20,,5.2,,,,,,,
1967-07-21,,5.2,,,,,,,
1967-07-24,,5.23,,,,,,,
1967-07-25,,5.23,,,,,,,
1967-07-26,,5.23,,,,,,,
1967-07-27,,5.2,,,,,,,
1967-07-28,,5.18,,,,,,,
1967-07-31,,5.16,,,,,,,
1967-08-01,,5.18,,3.9,33.5,0.026033690658499253,3.8,0.0,
1967-08-02,,5.21,,,,,,,
1967-08-03,,5.2,,,,,,,
1967-08-04,,5.26,,,,,,,
1967-08-07,,5.3,,,,,,,
1967-08-08,,5.28,,,,,,,
1967-08-09,,5.27,,,,,,,
1967-08-10,,5.28,,,,,,,
1967-08-11,,5.29,,,,,,,
1967-08-14,,5.29,,,,,,,
1967-08-15,,5.29,,,,,,,
1967-08-16,,5.28,,,,,,,
1967-08-17,,5.28,,,,,,,
1967-08-18,,5.28,,,,,,,
1967-08-21,,5.3,,,,,,,
1967-08-22,,5.3,,,,,,,
1967-08-23,,5.31,,,,,,,
1967-08-24,,5.31,,,,,,,
1967-08-25,,5.32,,,,,,,
1967-08-28,,5.29,,,,,,,
1967-08-29,,5.27,,,,,,,
1967-08-30,,5.28,,,,,,,
1967-08-31,,5.27,,,,,,,
1967-09-01,,5.25,,3.99,33.6,0.025954198473282508,3.8,0.0,
1967-09-04,,,,,,,,,
1967-09-05,,5.22,,,,,,,
1967-09-06,,5.2,,,,,,,
1967-09-07,,5.2,,,,,,,
1967-09-08,,5.26,,,,,,,
1967-09-11,,5.28,,,,,,,
1967-09-12,,5.29,,,,,,,
1967-09-13,,5.27,,,,,,,
1967-09-14,,5.28,,,,,,,
1967-09-15,,5.29,,,,,,,
1967-09-18,,5.3,,,,,,,
1967-09-19,,5.35,,,,,,,
1967-09-20,,5.34,,,,,,,
1967-09-21,,5.36,,,,,,,
1967-09-22,,5.36,,,,,,,
1967-09-25,,5.38,,,,,,,
1967-09-26,,5.37,,,,,,,
1967-09-27,,5.37,,,,,,,
1967-09-28,,5.36,,,,,,,
1967-09-29,,5.31,,,,,,,
1967-10-01,,,,3.88,33.7,0.025875190258751957,4.0,0.0,
1967-10-02,,5.35,,,,,,,
1967-10-03,,5.35,,,,,,,
1967-10-04,,5.37,,,,,,,
1967-10-05,,5.37,,,,,,,
1967-10-06,,5.37,,,,,,,
1967-10-09,,5.39,,,,,,,
1967-10-10,,5.42,,,,,,,
1967-10-11,,5.42,,,,,,,
1967-10-12,,,,,,,,,
1967-10-13,,5.45,,,,,,,
1967-10-16,,5.47,,,,,,,
1967-10-17,,5.49,,,,,,,
1967-10-18,,5.52,,,,,,,
1967-10-19,,5.53,,,,,,,
1967-10-20,,5.52,,,,,,,
1967-10-23,,5.56,,,,,,,
1967-10-24,,5.56,,,,,,,
1967-10-25,,5.57,,,,,,,
1967-10-26,,5.58,,,,,,,
1967-10-27,,5.57,,,,,,,
1967-10-30,,5.6,,,,,,,
1967-10-31,,5.64,,,,,,,
1967-11-01,,5.7,,4.13,33.9,0.0310218978102188,3.9,0.0,
1967-11-02,,5.71,,,,,,,
1967-11-03,,5.75,,,,,,,
1967-11-06,,5.77,,,,,,,
1967-11-07,,,,,,,,,
1967-11-08,,5.74,,,,,,,
1967-11-09,,5.78,,,,,,,
1967-11-10,,5.83,,,,,,,
1967-11-13,,5.87,,,,,,,
1967-11-14,,5.81,,,,,,,
1967-11-15,,5.78,,,,,,,
1967-11-16,,5.72,,,,,,,
1967-11-17,,5.75,,,,,,,
1967-11-20,,5.85,,,,,,,
1967-11-21,,5.71,,,,,,,
1967-11-22,,5.7,,,,,,,
1967-11-23,,,,,,,,,
1967-11-24,,5.78,,,,,,,
1967-11-27,,5.76,,,,,,,
1967-11-28,,5.65,,,,,,,
1967-11-29,,5.67,,,,,,,
1967-11-30,,5.74,,,,,,,
1967-12-01,,5.78,,4.51,34.0,0.03280680437424044,3.8,0.0,
1967-12-04,,5.76,,,,,,,
1967-12-05,,5.74,,,,,,,
1967-12-06,,5.69,,,,,,,
1967-12-07,,5.71,,,,,,,
1967-12-08,,5.72,,,,,,,
1967-12-11,,5.74,,,,,,,
1967-12-12,,5.75,,,,,,,
1967-12-13,,5.71,,,,,,,
1967-12-14,,5.7,,,,,,,
1967-12-15,,5.71,,,,,,,
1967-12-18,,5.68,,,,,,,
1967-12-19,,5.66,,,,,,,
1967-12-20,,5.62,,,,,,,
1967-12-21,,5.64,,,,,,,
1967-12-22,,5.69,,,,,,,
1967-12-25,,,,,,,,,
1967-12-26,,5.64,,,,,,,
1967-12-27,,5.64,,,,,,,
1967-12-28,,5.7,,,,,,,
1967-12-29,,5.7,,,,,,,
1968-01-01,,,,4.61,34.1,0.03647416413373872,3.7,0.0,
1968-01-02,,5.63,,,,,,,
1968-01-03,,5.63,,,,,,,
1968-01-04,,5.51,,,,,,,
1968-01-05,,5.48,,,,,,,
1968-01-08,,5.5,,,,,,,
1968-01-09,,5.52,,,,,,,
1968-01-10,,5.46,,,,,,,
1968-01-11,,5.46,,,,,,,
1968-01-12,,5.43,,,,,,,
1968-01-15,,5.49,,,,,,,
1968-01-16,,5.52,,,,,,,
1968-01-17,,5.48,,,,,,,
1968-01-18,,5.55,,,,,,,
1968-01-19,,5.59,,,,,,,
1968-01-22,,5.61,,,,,,,
1968-01-23,,5.56,,,,,,,
1968-01-24,,5.56,,,,,,,
1968-01-25,,5.52,,,,,,,
1968-01-26,,5.53,,,,,,,
1968-01-29,,5.53,,,,,,,
1968-01-30,,5.53,,,,,,,
1968-01-31,,5.54,,,,,,,
1968-02-01,,5.58,,4.71,34.2,0.036363636363636376,3.8,0.0,
1968-02-02,,5.58,,,,,,,
1968-02-05,,5.6,,,,,,,
1968-02-06,,5.61,,,,,,,
1968-02-07,,5.59,,,,,,,
1968-02-08,,5.6,,,,,,,
1968-02-09,,5.59,,,,,,,
1968-02-12,,,,,,,,,
1968-02-13,,5.55,,,,,,,
1968-02-14,,5.54,,,,,,,
1968-02-15,,5.51,,,,,,,
1968-02-16,,5.5,,,,,,,
1968-02-19,,5.53,,,,,,,
1968-02-20,,5.54,,,,,,,
1968-02-21,,5.54,,,,,,,
1968-02-22,,,,,,,,,
1968-02-23,,5.56,,,,,,,
1968-02-26,,5.58,,,,,,,
1968-02-27,,5.58,,,,,,,
1968-02-28,,5.57,,,,,,,
1968-02-29,,5.56,,,,,,,
1968-03-01,,5.56,,5.05,34.3,0.039393939393939315,3.7,0.0,
1968-03-04,,5.57,,,,,,,
1968-03-05,,5.59,,,,,,,
1968-03-06,,5.61,,,,,,,
1968-03-07,,5.67,,,,,,,
1968-03-08,,5.75,,,,,,,
1968-03-11,,5.75,,,,,,,
1968-03-12,,5.79,,,,,,,
1968-03-13,,5.86,,,,,,,
1968-03-14,,5.95,,,,,,,
1968-03-15,,5.84,,,,,,,
1968-03-18,,5.76,,,,,,,
1968-03-19,,5.77,,,,,,,
1968-03-20,,5.73,,,,,,,
1968-03-21,,5.76,,,,,,,
1968-03-22,,5.74,,,,,,,
1968-03-25,,5.74,,,,,,,
1968-03-26,,5.78,,,,,,,
1968-03-27,,5.78,,,,,,,
1968-03-28,,5.78,,,,,,,
1968-03-29,,5.76,,,,,,,
1968-04-01,,5.64,,5.76,34.4,0.0392749244712991,3.5,0.0,
1968-04-02,,5.62,,,,,,,
1968-04-03,,5.49,,,,,,,
1968-04-04,,5.52,,,,,,,
1968-04-05,,5.52,,,,,,,
1968-04-08,,5.54,,,,,,,
1968-04-09,,,,,,,,,
1968-04-10,,5.53,,,,,,,
1968-04-11,,5.54,,,,,,,
1968-04-12,,,,,,,,,
1968-04-15,,5.6,,,,,,,
1968-04-16,,5.62,,,,,,,
1968-04-17,,5.62,,,,,,,
1968-04-18,,5.64,,,,,,,
1968-04-19,,5.76,,,,,,,
1968-04-22,,5.78,,,,,,,
1968-04-23,,5.73,,,,,,,
1968-04-24,,5.72,,,,,,,
1968-04-25,,5.72,,,,,,,
1968-04-26,,5.71,,,,,,,
1968-04-29,,5.73,,,,,,,
1968-04-30,,5.74,,,,,,,
1968-05-01,,5.73,,6.12,34.5,0.04229607250755274,3.5,0.0,
1968-05-02,,5.76,,,,,,,
1968-05-03,,5.8,,,,,,,
1968-05-06,,5.78,,,,,,,
1968-05-07,,5.79,,,,,,,
1968-05-08,,5.8,,,,,,,
1968-05-09,,5.79,,,,,,,
1968-05-10,,5.79,,,,,,,
1968-05-13,,5.79,,,,,,,
1968-05-14,,5.82,,,,,,,
1968-05-15,,5.85,,,,,,,
1968-05-16,,5.9,,,,,,,
1968-05-17,,5.92,,,,,,,
1968-05-20,,5.96,,,,,,,
1968-05-21,,6.02,,,,,,,
1968-05-22,,6.02,,,,,,,
1968-05-23,,5.98,,,,,,,
1968-05-24,,5.96,,,,,,,
1968-05-27,,5.92,,,,,,,
1968-05-28,,5.94,,,,,,,
1968-05-29,,5.95,,,,,,,
1968-05-30,,,,,,,,,
1968-05-31,,5.86,,,,,,,
1968-06-01,,,,6.07,34.7,0.042042042042042205,3.7,0.0,
1968-06-03,,5.79,,,,,,,
1968-06-04,,5.78,,,,,,,
1968-06-05,,5.81,,,,,,,
1968-06-06,,5.83,,,,,,,
1968-06-07,,5.82,,,,,,,
1968-06-10,,5.8,,,,,,,
1968-06-11,,5.79,,,,,,,
1968-06-12,,5.77,,,,,,,
1968-06-13,,5.76,,,,,,,
1968-06-14,,5.72,,,,,,,
1968-06-17,,5.71,,,,,,,
1968-06-18,,5.71,,,,,,,
1968-06-19,,5.67,,,,,,,
1968-06-20,,5.62,,,,,,,
1968-06-21,,5.6,,,,,,,
1968-06-24,,5.61,,,,,,,
1968-06-25,,5.64,,,,,,,
1968-06-26,,5.64,,,,,,,
1968-06-27,,5.65,,,,,,,
1968-06-28,,5.64,,,,,,,
1968-07-01,,5.62,,6.03,34.9,0.04491017964071853,3.7,0.0,
1968-07-02,,5.58,,,,,,,
1968-07-03,,5.57,,,,,,,
1968-07-04,,,,,,,,,
1968-07-05,,5.56,,,,,,,
1968-07-08,,5.53,,,,,,,
1968-07-09,,5.51,,,,,,,
1968-07-10,,5.52,,,,,,,
1968-07-11,,5.52,,,,,,,
1968-07-12,,5.53,,,,,,,
1968-07-15,,5.56,,,,,,,
1968-07-16,,5.57,,,,,,,
1968-07-17,,5.55,,,,,,,
1968-07-18,,5.56,,,,,,,
1968-07-19,,5.53,,,,,,,
1968-07-22,,5.45,,,,,,,
1968-07-23,,5.38,,,,,,,
1968-07-24,,5.39,,,,,,,
1968-07-25,,5.37,,,,,,,
1968-07-26,,5.39,,,,,,,
1968-07-29,,5.41,,,,,,,
1968-07-30,,5.41,,,,,,,
1968-07-31,,5.39,,,,,,,
1968-08-01,,5.38,,6.03,35.0,0.04477611940298498,3.5,0.0,
1968-08-02,,5.34,,,,,,,
1968-08-05,,5.37,,,,,,,
1968-08-06,,5.38,,,,,,,
1968-08-07,,5.36,,,,,,,
1968-08-08,,5.37,,,,,,,
1968-08-09,,5.39,,,,,,,
1968-08-12,,5.42,,,,,,,
1968-08-13,,5.43,,,,,,,
1968-08-14,,5.43,,,,,,,
1968-08-15,,5.45,,,,,,,
1968-08-16,,5.42,,,,,,,
1968-08-19,,5.43,,,,,,,
1968-08-20,,5.43,,,,,,,
1968-08-21,,5.46,,,,,,,
1968-08-22,,5.5,,,,,,,
1968-08-23,,5.47,,,,,,,
1968-08-26,,5.46,,,,,,,
1968-08-27,,5.46,,,,,,,
1968-08-28,,5.45,,,,,,,
1968-08-29,,5.43,,,,,,,
1968-08-30,,5.42,,,,,,,
1968-09-01,,,,5.78,35.1,0.044642857142857206,3.4,0.0,
1968-09-02,,,,,,,,,
1968-09-03,,5.41,,,,,,,
1968-09-04,,5.43,,,,,,,
1968-09-05,,5.46,,,,,,,
1968-09-06,,5.48,,,,,,,
1968-09-09,,5.49,,,,,,,
1968-09-10,,5.51,,,,,,,
1968-09-11,,5.5,,,,,,,
1968-09-12,,5.49,,,,,,,
1968-09-13,,5.48,,,,,,,
1968-09-16,,5.46,,,,,,,
1968-09-17,,5.46,,,,,,,
1968-09-18,,5.42,,,,,,,
1968-09-19,,5.43,,,,,,,
1968-09-20,,5.45,,,,,,,
1968-09-23,,5.45,,,,,,,
1968-09-24,,5.44,,,,,,,
1968-09-25,,5.44,,,,,,,
1968-09-26,,5.45,,,,,,,
1968-09-27,,5.46,,,,,,,
1968-09-30,,5.49,,,,,,,
1968-10-01,,5.49,,5.91,35.3,0.047477744807121525,3.4,0.0,
1968-10-02,,5.49,,,,,,,
1968-10-03,,5.5,,,,,,,
1968-10-04,,5.52,,,,,,,
1968-10-07,,5.55,,,,,,,
1968-10-08,,5.57,,,,,,,
1968-10-09,,5.6,,,,,,,
1968-10-10,,5.61,,,,,,,
1968-10-11,,5.61,,,,,,,
1968-10-14,,5.62,,,,,,,
1968-10-15,,5.65,,,,,,,
1968-10-16,,5.62,,,,,,,
1968-10-17,,5.58,,,,,,,
1968-10-18,,5.57,,,,,,,
1968-10-21,,5.58,,,,,,,
1968-10-22,,5.58,,,,,,,
1968-10-23,,5.58,,,,,,,
1968-10-24,,5.61,,,,,,,
1968-10-25,,5.6,,,,,,,
1968-10-28,,5.61,,,,,,,
1968-10-29,,5.62,,,,,,,
1968-10-30,,5.63,,,,,,,
1968-10-31,,5.61,,,,,,,
1968-11-01,,5.61,,5.82,35.4,0.04424778761061954,3.4,0.0,
1968-11-04,,5.63,,,,,,,
1968-11-05,,,,,,,,,
1968-11-06,,5.62,,,,,,,
1968-11-07,,5.63,,,,,,,
1968-11-08,,5.65,,,,,,,
1968-11-11,,,,,,,,,
1968-11-12,,5.68,,,,,,,
1968-11-13,,5.66,,,,,,,
1968-11-14,,5.66,,,,,,,
1968-11-15,,5.68,,,,,,,
1968-11-18,,5.71,,,,,,,
1968-11-19,,5.74,,,,,,,
1968-11-20,,5.74,,,,,,,
1968-11-21,,5.73,,,,,,,
1968-11-22,,5.74,,,,,,,
1968-11-25,,5.75,,,,,,,
1968-11-26,,5.76,,,,,,,
1968-11-27,,5.76,,,,,,,
1968-11-28,,,,,,,,,
1968-11-29,,5.78,,,,,,,
1968-12-01,,,,6.02,35.6,0.04705882352941182,3.4,0.0,
1968-12-02,,5.89,,,,,,,
1968-12-03,,5.96,,,,,,,
1968-12-04,,5.95,,,,,,,
1968-12-05,,5.93,,,,,,,
1968-12-06,,5.91,,,,,,,
1968-12-09,,5.92,,,,,,,
1968-12-10,,5.93,,,,,,,
1968-12-11,,5.93,,,,,,,
1968-12-12,,5.94,,,,,,,
1968-12-13,,5.93,,,,,,,
1968-12-16,,5.96,,,,,,,
1968-12-17,,5.97,,,,,,,
1968-12-18,,6.0,,,,,,,
1968-12-19,,6.07,,,,,,,
1968-12-20,,6.14,,,,,,,
1968-12-23,,6.23,,,,,,,
1968-12-24,,6.27,,,,,,,
1968-12-25,,,,,,,,,
1968-12-26,,6.17,,,,,,,
1968-12-27,,6.2,,,,,,,
1968-12-30,,6.21,,,,,,,
1968-12-31,,6.16,,,,,,,
1969-01-01,,,,6.3,35.7,0.04692082111436946,3.4,0.0,
1969-01-02,,6.04,,,,,,,
1969-01-03,,6.01,,,,,,,
1969-01-06,,6.04,,,,,,,
1969-01-07,,6.14,,,,,,,
1969-01-08,,6.09,,,,,,,
1969-01-09,,6.04,,,,,,,
1969-01-10,,6.03,,,,,,,
1969-01-13,,6.04,,,,,,,
1969-01-14,,6.04,,,,,,,
1969-01-15,,6.02,,,,,,,
1969-01-16,,5.98,,,,,,,
1969-01-17,,5.97,,,,,,,
1969-01-20,,5.95,,,,,,,
1969-01-21,,5.97,,,,,,,
1969-01-22,,6.03,,,,,,,
1969-01-23,,6.02,,,,,,,
1969-01-24,,6.01,,,,,,,
1969-01-27,,6.03,,,,,,,
1969-01-28,,6.05,,,,,,,
1969-01-29,,6.09,,,,,,,
1969-01-30,,6.14,,,,,,,
1969-01-31,,6.19,,,,,,,
1969-02-01,,,,6.61,35.8,0.04678362573099393,3.4,0.0,
1969-02-03,,6.22,,,,,,,
1969-02-04,,6.2,,,,,,,
1969-02-05,,6.19,,,,,,,
1969-02-06,,6.2,,,,,,,
1969-02-07,,6.14,,,,,,,
1969-02-10,,6.14,,,,,,,
1969-02-11,,6.1,,,,,,,
1969-02-12,,,,,,,,,
1969-02-13,,6.09,,,,,,,
1969-02-14,,6.11,,,,,,,
1969-02-17,,6.14,,,,,,,
1969-02-18,,6.16,,,,,,,
1969-02-19,,6.2,,,,,,,
1969-02-20,,6.23,,,,,,,
1969-02-21,,6.24,,,,,,,
1969-02-24,,6.22,,,,,,,
1969-02-25,,6.24,,,,,,,
1969-02-26,,6.24,,,,,,,
1969-02-27,,6.27,,,,,,,
1969-02-28,,6.26,,,,,,,
1969-03-01,,,,6.79,36.1,0.05247813411078739,3.4,0.0,
1969-03-03,,6.25,,,,,,,
1969-03-04,,6.24,,,,,,,
1969-03-05,,6.24,,,,,,,
1969-03-06,,6.26,,,,,,,
1969-03-07,,6.27,,,,,,,
1969-03-10,,6.27,,,,,,,
1969-03-11,,6.3,,,,,,,
1969-03-12,,6.31,,,,,,,
1969-03-13,,6.32,,,,,,,
1969-03-14,,6.31,,,,,,,
1969-03-17,,6.35,,,,,,,
1969-03-18,,6.35,,,,,,,
1969-03-19,,6.32,,,,,,,
1969-03-20,,6.31,,,,,,,
1969-03-21,,6.29,,,,,,,
1969-03-24,,6.28,,,,,,,
1969-03-25,,6.3,,,,,,,
1969-03-26,,6.32,,,,,,,
1969-03-27,,6.33,,,,,,,
1969-03-28,,6.3,,,,,,,
1969-03-31,,,,,,,,,
1969-04-01,,6.25,,7.41,36.3,0.05523255813953476,3.4,0.0,
1969-04-02,,6.25,,,,,,,
1969-04-03,,6.26,,,,,,,
1969-04-04,,,,,,,,,
1969-04-07,,6.28,,,,,,,
1969-04-08,,6.25,,,,,,,
1969-04-09,,6.19,,,,,,,
1969-04-10,,6.18,,,,,,,
1969-04-11,,6.15,,,,,,,
1969-04-14,,6.06,,,,,,,
1969-04-15,,6.11,,,,,,,
1969-04-16,,6.1,,,,,,,
1969-04-17,,6.13,,,,,,,
1969-04-18,,6.16,,,,,,,
1969-04-21,,6.14,,,,,,,
1969-04-22,,6.12,,,,,,,
1969-04-23,,6.12,,,,,,,
1969-04-24,,6.14,,,,,,,
1969-04-25,,6.15,,,,,,,
1969-04-28,,6.19,,,,,,,
1969-04-29,,6.21,,,,,,,
1969-04-30,,6.2,,,,,,,
1969-05-01,,6.25,,8.67,36.4,0.05507246376811592,3.4,0.0,
1969-05-02,,6.23,,,,,,,
1969-05-05,,6.19,,,,,,,
1969-05-06,,6.22,,,,,,,
1969-05-07,,6.22,,,,,,,
1969-05-08,,6.2,,,,,,,
1969-05-09,,6.23,,,,,,,
1969-05-12,,6.27,,,,,,,
1969-05-13,,6.25,,,,,,,
1969-05-14,,6.24,,,,,,,
1969-05-15,,6.26,,,,,,,
1969-05-16,,6.31,,,,,,,
1969-05-19,,6.36,,,,,,,
1969-05-20,,6.36,,,,,,,
1969-05-21,,6.36,,,,,,,
1969-05-22,,6.36,,,,,,,
1969-05-23,,6.38,,,,,,,
1969-05-26,,6.44,,,,,,,
1969-05-27,,6.54,,,,,,,
1969-05-28,,6.56,,,,,,,
1969-05-29,,6.56,,,,,,,
1969-05-30,,,,,,,,,
1969-06-01,,,,8.9,36.6,0.054755043227665556,3.5,0.0,
1969-06-02,,6.56,,,,,,,
1969-06-03,,6.55,,,,,,,
1969-06-04,,6.56,,,,,,,
1969-06-05,,6.54,,,,,,,
1969-06-06,,6.52,,,,,,,
1969-06-09,,6.59,,,,,,,
1969-06-10,,6.56,,,,,,,
1969-06-11,,6.56,,,,,,,
1969-06-12,,6.54,,,,,,,
1969-06-13,,6.51,,,,,,,
1969-06-16,,6.49,,,,,,,
1969-06-17,,6.52,,,,,,,
1969-06-18,,6.53,,,,,,,
1969-06-19,,6.57,,,,,,,
1969-06-20,,6.59,,,,,,,
1969-06-23,,6.6,,,,,,,
1969-06-24,,6.63,,,,,,,
1969-06-25,,6.63,,,,,,,
1969-06-26,,6.62,,,,,,,
1969-06-27,,6.66,,,,,,,
1969-06-30,,6.73,,,,,,,
1969-07-01,,6.75,,8.61,36.8,0.054441260744985565,3.5,0.0,
1969-07-02,,6.77,,,,,,,
1969-07-03,,6.75,,,,,,,
1969-07-04,,,,,,,,,
1969-07-07,,6.76,,,,,,,
1969-07-08,,6.79,,,,,,,
1969-07-09,,6.82,,,,,,,
1969-07-10,,6.78,,,,,,,
1969-07-11,,6.64,,,,,,,
1969-07-14,,6.69,,,,,,,
1969-07-15,,6.72,,,,,,,
1969-07-16,,6.67,,,,,,,
1969-07-17,,6.69,,,,,,,
1969-07-18,,6.7,,,,,,,
1969-07-21,,,,,,,,,
1969-07-22,,6.66,,,,,,,
1969-07-23,,6.68,,,,,,,
1969-07-24,,6.7,,,,,,,
1969-07-25,,6.71,,,,,,,
1969-07-28,,6.73,,,,,,,
1969-07-29,,6.72,,,,,,,
1969-07-30,,6.72,,,,,,,
1969-07-31,,6.66,,,,,,,
1969-08-01,,6.66,,9.19,36.9,0.05428571428571427,3.5,0.0,
1969-08-04,,6.63,,,,,,,
1969-08-05,,6.6,,,,,,,
1969-08-06,,6.62,,,,,,,
1969-08-07,,6.63,,,,,,,
1969-08-08,,6.64,,,,,,,
1969-08-11,,6.69,,,,,,,
1969-08-12,,6.7,,,,,,,
1969-08-13,,6.7,,,,,,,
1969-08-14,,6.68,,,,,,,
1969-08-15,,6.68,,,,,,,
1969-08-18,,6.66,,,,,,,
1969-08-19,,6.65,,,,,,,
1969-08-20,,6.66,,,,,,,
1969-08-21,,6.68,,,,,,,
1969-08-22,,6.71,,,,,,,
1969-08-25,,6.72,,,,,,,
1969-08-26,,6.76,,,,,,,
1969-08-27,,6.79,,,,,,,
1969-08-28,,6.83,,,,,,,
1969-08-29,,6.83,,,,,,,
1969-09-01,,,,9.15,37.1,0.056980056980056926,3.7,0.0,
1969-09-02,,6.87,,,,,,,
1969-09-03,,6.94,,,,,,,
1969-09-04,,6.96,,,,,,,
1969-09-05,,6.99,,,,,,,
1969-09-08,,7.03,,,,,,,
1969-09-09,,7.04,,,,,,,
1969-09-10,,7.02,,,,,,,
1969-09-11,,7.05,,,,,,,
1969-09-12,,7.08,,,,,,,
1969-09-15,,7.09,,,,,,,
1969-09-16,,7.14,,,,,,,
1969-09-17,,7.14,,,,,,,
1969-09-18,,7.27,,,,,,,
1969-09-19,,7.28,,,,,,,
1969-09-22,,7.26,,,,,,,
1969-09-23,,7.26,,,,,,,
1969-09-24,,7.27,,,,,,,
1969-09-25,,7.3,,,,,,,
1969-09-26,,7.4,,,,,,,
1969-09-29,,7.45,,,,,,,
1969-09-30,,7.51,,,,,,,
1969-10-01,,7.52,,9.0,37.3,0.056657223796034106,3.7,0.0,
1969-10-02,,7.45,,,,,,,
1969-10-03,,7.38,,,,,,,
1969-10-06,,7.35,,,,,,,
1969-10-07,,7.31,,,,,,,
1969-10-08,,7.29,,,,,,,
1969-10-09,,7.3,,,,,,,
1969-10-10,,7.22,,,,,,,
1969-10-13,,,,,,,,,
1969-10-14,,7.1,,,,,,,
1969-10-15,,7.12,,,,,,,
1969-10-16,,7.04,,,,,,,
1969-10-17,,6.99,,,,,,,
1969-10-20,,6.83,,,,,,,
1969-10-21,,6.77,,,,,,,
1969-10-22,,6.8,,,,,,,
1969-10-23,,6.9,,,,,,,
1969-10-24,,6.9,,,,,,,
1969-10-27,,6.93,,,,,,,
1969-10-28,,7.0,,,,,,,
1969-10-29,,7.0,,,,,,,
1969-10-30,,6.96,,,,,,,
1969-10-31,,6.94,,,,,,,
1969-11-01,,,,8.85,37.5,0.05932203389830515,3.5,0.0,
1969-11-03,,6.9,,,,,,,
1969-11-04,,,,,,,,,
1969-11-05,,6.97,,,,,,,
1969-11-06,,7.01,,,,,,,
1969-11-07,,6.99,,,,,,,
1969-11-10,,6.99,,,,,,,
1969-11-11,,,,,,,,,
1969-11-12,,7.06,,,,,,,
1969-11-13,,7.12,,,,,,,
1969-11-14,,7.08,,,,,,,
1969-11-17,,7.13,,,,,,,
1969-11-18,,7.22,,,,,,,
1969-11-19,,7.25,,,,,,,
1969-11-20,,7.31,,,,,,,
1969-11-21,,7.28,,,,,,,
1969-11-24,,7.27,,,,,,,
1969-11-25,,7.28,,,,,,,
1969-11-26,,7.3,,,,,,,
1969-11-27,,,,,,,,,
1969-11-28,,7.29,,,,,,,
1969-12-01,,7.29,,8.97,37.7,0.0589887640449438,3.5,0.0,
1969-12-02,,7.35,,,,,,,
1969-12-03,,7.39,,,,,,,
1969-12-04,,7.35,,,,,,,
1969-12-05,,7.35,,,,,,,
1969-12-08,,7.4,,,,,,,
1969-12-09,,7.5,,,,,,,
1969-12-10,,7.59,,,,,,,
1969-12-11,,7.62,,,,,,,
1969-12-12,,7.6,,,,,,,
1969-12-15,,7.63,,,,,,,
1969-12-16,,7.72,,,,,,,
1969-12-17,,7.76,,,,,,,
1969-12-18,,7.81,,,,,,,
1969-12-19,,7.79,,,,,,,
1969-12-22,,7.76,,,,,,,
1969-12-23,,7.82,,,,,,,
1969-12-24,,7.89,,,,,,,
1969-12-25,,,,,,,,,
1969-12-26,,7.87,,,,,,,
1969-12-29,,8.05,,,,,,,
1969-12-30,,7.97,,,,,,,
1969-12-31,,7.88,,,,,,,
1970-01-01,,,,8.98,37.9,0.06162464985994376,3.9,1.0,
1970-01-02,,7.86,,,,,,,
1970-01-05,,7.88,,,,,,,
1970-01-06,,7.96,,,,,,,
1970-01-07,,7.99,,,,,,,
1970-01-08,,7.96,,,,,,,
1970-01-09,,7.86,,,,,,,
1970-01-12,,7.82,,,,,,,
1970-01-13,,7.81,,,,,,,
1970-01-14,,7.86,,,,,,,
1970-01-15,,7.85,,,,,,,
1970-01-16,,7.75,,,,,,,
1970-01-19,,7.69,,,,,,,
1970-01-20,,7.72,,,,,,,
1970-01-21,,7.69,,,,,,,
1970-01-22,,7.67,,,,,,,
1970-01-23,,7.69,,,,,,,
1970-01-26,,7.71,,,,,,,
1970-01-27,,7.7,,,,,,,
1970-01-28,,7.7,,,,,,,
1970-01-29,,7.77,,,,,,,
1970-01-30,,7.75,,,,,,,
1970-02-01,,,,8.98,38.1,0.06424581005586605,4.2,1.0,
1970-02-02,,7.65,,,,,,,
1970-02-03,,7.58,,,,,,,
1970-02-04,,7.5,,,,,,,
1970-02-05,,7.45,,,,,,,
1970-02-06,,7.36,,,,,,,
1970-02-09,,7.28,,,,,,,
1970-02-10,,7.32,,,,,,,
1970-02-11,,7.33,,,,,,,
1970-02-12,,,,,,,,,
1970-02-13,,7.15,,,,,,,
1970-02-16,,7.17,,,,,,,
1970-02-17,,7.15,,,,,,,
1970-02-18,,7.12,,,,,,,
1970-02-19,,7.09,,,,,,,
1970-02-20,,7.12,,,,,,,
1970-02-23,,,,,,,,,
1970-02-24,,7.14,,,,,,,
1970-02-25,,7.04,,,,,,,
1970-02-26,,6.94,,,,,,,
1970-02-27,,6.9,,,,,,,
1970-03-01,,,,7.76,38.3,0.06094182825484751,4.4,1.0,
1970-03-02,,6.95,,,,,,,
1970-03-03,,6.99,,,,,,,
1970-03-04,,6.97,,,,,,,
1970-03-05,,6.98,,,,,,,
1970-03-06,,6.96,,,,,,,
1970-03-09,,6.99,,,,,,,
1970-03-10,,7.04,,,,,,,
1970-03-11,,7.11,,,,,,,
1970-03-12,,7.16,,,,,,,
1970-03-13,,7.23,,,,,,,
1970-03-16,,7.24,,,,,,,
1970-03-17,,7.36,,,,,,,
1970-03-18,,7.28,,,,,,,
1970-03-19,,7.07,,,,,,,
1970-03-20,,7.06,,,,,,,
1970-03-23,,7.05,,,,,,,
1970-03-24,,7.02,,,,,,,
1970-03-25,,6.96,,,,,,,
1970-03-26,,6.98,,,,,,,
1970-03-27,,,,,,,,,
1970-03-30,,7.05,,,,,,,
1970-03-31,,7.08,,,,,,,
1970-04-01,,7.04,,8.1,38.5,0.060606060606060774,4.6,1.0,
1970-04-02,,7.08,,,,,,,
1970-04-03,,7.14,,,,,,,
1970-04-06,,7.17,,,,,,,
1970-04-07,,7.18,,,,,,,
1970-04-08,,7.17,,,,,,,
1970-04-09,,7.18,,,,,,,
1970-04-10,,7.17,,,,,,,
1970-04-13,,7.2,,,,,,,
1970-04-14,,7.22,,,,,,,
1970-04-15,,7.27,,,,,,,
1970-04-16,,7.34,,,,,,,
1970-04-17,,7.4,,,,,,,
1970-04-20,,7.44,,,,,,,
1970-04-21,,7.5,,,,,,,
1970-04-22,,7.61,,,,,,,
1970-04-23,,7.64,,,,,,,
1970-04-24,,7.72,,,,,,,
1970-04-27,,7.74,,,,,,,
1970-04-28,,7.79,,,,,,,
1970-04-29,,7.78,,,,,,,
1970-04-30,,7.82,,,,,,,
1970-05-01,,7.85,,7.95,38.6,0.06043956043956045,4.8,1.0,
1970-05-04,,7.94,,,,,,,
1970-05-05,,7.92,,,,,,,
1970-05-06,,7.86,,,,,,,
1970-05-07,,7.82,,,,,,,
1970-05-08,,7.78,,,,,,,
1970-05-11,,7.82,,,,,,,
1970-05-12,,7.84,,,,,,,
1970-05-13,,7.85,,,,,,,
1970-05-14,,7.86,,,,,,,
1970-05-15,,7.83,,,,,,,
1970-05-18,,7.8,,,,,,,
1970-05-19,,7.8,,,,,,,
1970-05-20,,7.85,,,,,,,
1970-05-21,,7.9,,,,,,,
1970-05-22,,7.99,,,,,,,
1970-05-25,,8.15,,,,,,,
1970-05-26,,8.22,,,,,,,
1970-05-27,,8.02,,,,,,,
1970-05-28,,7.98,,,,,,,
1970-05-29,,7.95,,,,,,,
1970-06-01,,7.84,,7.61,38.8,0.060109289617486183,4.9,1.0,
1970-06-02,,7.78,,,,,,,
1970-06-03,,7.76,,,,,,,
1970-06-04,,7.8,,,,,,,
1970-06-05,,7.88,,,,,,,
1970-06-08,,7.89,,,,,,,
1970-06-09,,7.88,,,,,,,
1970-06-10,,7.87,,,,,,,
1970-06-11,,7.92,,,,,,,
1970-06-12,,7.98,,,,,,,
1970-06-15,,7.98,,,,,,,
1970-06-16,,7.87,,,,,,,
1970-06-17,,7.9,,,,,,,
1970-06-18,,7.9,,,,,,,
1970-06-19,,7.9,,,,,,,
1970-06-22,,7.86,,,,,,,
1970-06-23,,7.79,,,,,,,
1970-06-24,,7.74,,,,,,,
1970-06-25,,7.76,,,,,,,
1970-06-26,,7.78,,,,,,,
1970-06-29,,7.76,,,,,,,
1970-06-30,,7.68,,,,,,,
1970-07-01,,7.64,,7.21,38.9,0.057065217391304435,5.0,1.0,
1970-07-02,,7.55,,,,,,,
1970-07-03,,,,,,,,,
1970-07-06,,7.49,,,,,,,
1970-07-07,,7.46,,,,,,,
1970-07-08,,7.49,,,,,,,
1970-07-09,,7.49,,,,,,,
1970-07-10,,7.54,,,,,,,
1970-07-13,,7.55,,,,,,,
1970-07-14,,7.53,,,,,,,
1970-07-15,,7.49,,,,,,,
1970-07-16,,7.46,,,,,,,
1970-07-17,,7.45,,,,,,,
1970-07-20,,7.46,,,,,,,
1970-07-21,,7.45,,,,,,,
1970-07-22,,7.43,,,,,,,
1970-07-23,,7.32,,,,,,,
1970-07-24,,7.34,,,,,,,
1970-07-27,,7.36,,,,,,,
1970-07-28,,7.41,,,,,,,
1970-07-29,,7.39,,,,,,,
1970-07-30,,7.38,,,,,,,
1970-07-31,,7.38,,,,,,,
1970-08-01,,,,6.62,39.0,0.05691056910569103,5.1,1.0,
1970-08-03,,7.39,,,,,,,
1970-08-04,,7.4,,,,,,,
1970-08-05,,7.42,,,,,,,
1970-08-06,,7.43,,,,,,,
1970-08-07,,7.45,,,,,,,
1970-08-10,,7.5,,,,,,,
1970-08-11,,7.54,,,,,,,
1970-08-12,,7.56,,,,,,,
1970-08-13,,7.58,,,,,,,
1970-08-14,,7.67,,,,,,,
1970-08-17,,7.71,,,,,,,
1970-08-18,,7.68,,,,,,,
1970-08-19,,7.65,,,,,,,
1970-08-20,,7.64,,,,,,,
1970-08-21,,7.6,,,,,,,
1970-08-24,,7.48,,,,,,,
1970-08-25,,7.46,,,,,,,
1970-08-26,,7.45,,,,,,,
1970-08-27,,7.48,,,,,,,
1970-08-28,,7.49,,,,,,,
1970-08-31,,7.49,,,,,,,
1970-09-01,,7.47,,6.29,39.2,0.05660377358490565,5.4,1.0,
1970-09-02,,7.48,,,,,,,
1970-09-03,,7.48,,,,,,,
1970-09-04,,7.47,,,,,,,
1970-09-07,,,,,,,,,
1970-09-08,,7.5,,,,,,,
1970-09-09,,7.54,,,,,,,
1970-09-10,,7.52,,,,,,,
1970-09-11,,7.5,,,,,,,
1970-09-14,,7.48,,,,,,,
1970-09-15,,7.46,,,,,,,
1970-09-16,,7.4,,,,,,,
1970-09-17,,7.32,,,,,,,
1970-09-18,,7.31,,,,,,,
1970-09-21,,7.29,,,,,,,
1970-09-22,,7.28,,,,,,,
1970-09-23,,7.24,,,,,,,
1970-09-24,,7.26,,,,,,,
1970-09-25,,7.28,,,,,,,
1970-09-28,,7.31,,,,,,,
1970-09-29,,7.3,,,,,,,
1970-09-30,,7.29,,,,,,,
1970-10-01,,7.29,,6.2,39.4,0.05630026809651478,5.5,1.0,
1970-10-02,,7.26,,,,,,,
1970-10-05,,7.26,,,,,,,
1970-10-06,,7.24,,,,,,,
1970-10-07,,7.23,,,,,,,
1970-10-08,,7.25,,,,,,,
1970-10-09,,7.25,,,,,,,
1970-10-12,,,,,,,,,
1970-10-13,,7.25,,,,,,,
1970-10-14,,7.3,,,,,,,
1970-10-15,,7.3,,,,,,,
1970-10-16,,7.31,,,,,,,
1970-10-19,,7.35,,,,,,,
1970-10-20,,7.37,,,,,,,
1970-10-21,,7.42,,,,,,,
1970-10-22,,7.46,,,,,,,
1970-10-23,,7.44,,,,,,,
1970-10-26,,7.44,,,,,,,
1970-10-27,,7.42,,,,,,,
1970-10-28,,7.38,,,,,,,
1970-10-29,,7.31,,,,,,,
1970-10-30,,7.33,,,,,,,
1970-11-01,,,,5.6,39.6,0.05600000000000005,5.9,1.0,
1970-11-02,,7.24,,,,,,,
1970-11-03,,,,,,,,,
1970-11-04,,7.23,,,,,,,
1970-11-05,,7.2,,,,,,,
1970-11-06,,7.15,,,,,,,
1970-11-09,,7.06,,,,,,,
1970-11-10,,7.06,,,,,,,
1970-11-11,,,,,,,,,
1970-11-12,,7.03,,,,,,,
1970-11-13,,7.0,,,,,,,
1970-11-16,,6.96,,,,,,,
1970-11-17,,6.93,,,,,,,
1970-11-18,,6.86,,,,,,,
1970-11-19,,6.72,,,,,,,
1970-11-20,,6.48,,,,,,,
1970-11-23,,6.32,,,,,,,
1970-11-24,,6.45,,,,,,,
1970-11-25,,6.48,,,,,,,
1970-11-26,,,,,,,,,
1970-11-27,,6.48,,,,,,,
1970-11-30,,6.49,,,,,,,
1970-12-01,,6.48,,4.9,39.8,0.055702917771883076,6.1,0.0,
1970-12-02,,6.41,,,,,,,
1970-12-03,,6.31,,,,,,,
1970-12-04,,6.21,,,,,,,
1970-12-07,,6.27,,,,,,,
1970-12-08,,6.29,,,,,,,
1970-12-09,,6.34,,,,,,,
1970-12-10,,6.34,,,,,,,
1970-12-11,,6.31,,,,,,,
1970-12-14,,6.26,,,,,,,
1970-12-15,,6.29,,,,,,,
1970-12-16,,6.29,,,,,,,
1970-12-17,,6.3,,,,,,,
1970-12-18,,6.33,,,,,,,
1970-12-21,,6.45,,,,,,,
1970-12-22,,6.52,,,,,,,
1970-12-23,,6.57,,,,,,,
1970-12-24,,6.53,,,,,,,
1970-12-25,,,,,,,,,
1970-12-28,,6.54,,,,,,,
1970-12-29,,6.56,,,,,,,
1970-12-30,,6.51,,,,,,,
1970-12-31,,6.5,,,,,,,
1971-01-01,,,,4.14,39.9,0.05277044854881274,5.9,0.0,
1971-01-04,,6.46,,,,,,,
1971-01-05,,6.47,,,,,,,
1971-01-06,,6.47,,,,,,,
1971-01-07,,6.45,,,,,,,
1971-01-08,,6.44,,,,,,,
1971-01-11,,6.39,,,,,,,
1971-01-12,,6.35,,,,,,,
1971-01-13,,6.29,,,,,,,
1971-01-14,,6.22,,,,,,,
1971-01-15,,6.22,,,,,,,
1971-01-18,,6.16,,,,,,,
1971-01-19,,6.17,,,,,,,
1971-01-20,,6.15,,,,,,,
1971-01-21,,6.09,,,,,,,
1971-01-22,,6.06,,,,,,,
1971-01-25,,6.05,,,,,,,
1971-01-26,,6.07,,,,,,,
1971-01-27,,6.09,,,,,,,
1971-01-28,,6.08,,,,,,,
1971-01-29,,6.09,,,,,,,
1971-02-01,,6.09,,3.72,39.9,0.04724409448818889,5.9,0.0,
1971-02-02,,6.11,,,,,,,
1971-02-03,,6.11,,,,,,,
1971-02-04,,6.1,,,,,,,
1971-02-05,,6.1,,,,,,,
1971-02-08,,6.09,,,,,,,
1971-02-09,,6.07,,,,,,,
1971-02-10,,6.08,,,,,,,
1971-02-11,,6.08,,,,,,,
1971-02-12,,,,,,,,,
1971-02-15,,,,,,,,,
1971-02-16,,6.11,,,,,,,
1971-02-17,,6.11,,,,,,,
1971-02-18,,6.11,,,,,,,
1971-02-19,,6.12,,,,,,,
1971-02-22,,6.15,,,,,,,
1971-02-23,,6.18,,,,,,,
1971-02-24,,6.16,,,,,,,
1971-02-25,,6.11,,,,,,,
1971-02-26,,6.14,,,,,,,
1971-03-01,,6.12,,3.71,40.0,0.044386422976501416,6.0,0.0,
1971-03-02,,6.09,,,,,,,
1971-03-03,,6.05,,,,,,,
1971-03-04,,6.05,,,,,,,
1971-03-05,,6.03,,,,,,,
1971-03-08,,5.99,,,,,,,
1971-03-09,,5.9,,,,,,,
1971-03-10,,5.8,,,,,,,
1971-03-11,,5.69,,,,,,,
1971-03-12,,5.72,,,,,,,
1971-03-15,,5.7,,,,,,,
1971-03-16,,5.68,,,,,,,
1971-03-17,,5.61,,,,,,,
1971-03-18,,5.55,,,,,,,
1971-03-19,,5.51,,,,,,,
1971-03-22,,5.42,,,,,,,
1971-03-23,,5.38,,,,,,,
1971-03-24,,5.41,,,,,,,
1971-03-25,,5.43,,,,,,,
1971-03-26,,5.48,,,,,,,
1971-03-29,,5.54,,,,,,,
1971-03-30,,5.5,,,,,,,
1971-03-31,,5.53,,,,,,,
1971-04-01,,5.58,,4.16,40.1,0.04155844155844157,5.9,0.0,
1971-04-02,,5.6,,,,,,,
1971-04-05,,5.63,,,,,,,
1971-04-06,,5.6,,,,,,,
1971-04-07,,5.58,,,,,,,
1971-04-08,,5.62,,,,,,,
1971-04-09,,,,,,,,,
1971-04-12,,5.73,,,,,,,
1971-04-13,,5.72,,,,,,,
1971-04-14,,5.77,,,,,,,
1971-04-15,,5.8,,,,,,,
1971-04-16,,5.82,,,,,,,
1971-04-19,,5.88,,,,,,,
1971-04-20,,5.97,,,,,,,
1971-04-21,,6.04,,,,,,,
1971-04-22,,6.02,,,,,,,
1971-04-23,,6.01,,,,,,,
1971-04-26,,6.0,,,,,,,
1971-04-27,,6.0,,,,,,,
1971-04-28,,5.99,,,,,,,
1971-04-29,,6.07,,,,,,,
1971-04-30,,6.08,,,,,,,
1971-05-01,,,,4.63,40.3,0.04404145077720201,5.9,0.0,
1971-05-03,,6.15,,,,,,,
1971-05-04,,6.25,,,,,,,
1971-05-05,,6.26,,,,,,,
1971-05-06,,6.28,,,,,,,
1971-05-07,,6.25,,,,,,,
1971-05-10,,6.22,,,,,,,
1971-05-11,,6.26,,,,,,,
1971-05-12,,6.35,,,,,,,
1971-05-13,,6.47,,,,,,,
1971-05-14,,6.49,,,,,,,
1971-05-17,,6.57,,,,,,,
1971-05-18,,6.65,,,,,,,
1971-05-19,,6.6,,,,,,,
1971-05-20,,6.49,,,,,,,
1971-05-21,,6.53,,,,,,,
1971-05-24,,6.49,,,,,,,
1971-05-25,,6.44,,,,,,,
1971-05-26,,6.37,,,,,,,
1971-05-27,,6.35,,,,,,,
1971-05-28,,6.38,,,,,,,
1971-05-31,,,,,,,,,
1971-06-01,,6.36,,4.91,40.5,0.04381443298969079,5.9,0.0,
1971-06-02,,6.24,,,,,,,
1971-06-03,,6.19,,,,,,,
1971-06-04,,6.26,,,,,,,
1971-06-07,,6.34,,,,,,,
1971-06-08,,6.38,,,,,,,
1971-06-09,,6.44,,,,,,,
1971-06-10,,6.48,,,,,,,
1971-06-11,,6.5,,,,,,,
1971-06-14,,6.63,,,,,,,
1971-06-15,,6.73,,,,,,,
1971-06-16,,6.68,,,,,,,
1971-06-17,,6.68,,,,,,,
1971-06-18,,6.58,,,,,,,
1971-06-21,,6.53,,,,,,,
1971-06-22,,6.62,,,,,,,
1971-06-23,,6.61,,,,,,,
1971-06-24,,6.61,,,,,,,
1971-06-25,,6.62,,,,,,,
1971-06-28,,6.64,,,,,,,
1971-06-29,,6.67,,,,,,,
1971-06-30,,6.7,,,,,,,
1971-07-01,,6.69,,5.31,40.6,0.04370179948586128,6.0,0.0,
1971-07-02,,6.69,,,,,,,
1971-07-05,,,,,,,,,
1971-07-06,,6.68,,,,,,,
1971-07-07,,6.66,,,,,,,
1971-07-08,,6.67,,,,,,,
1971-07-09,,6.68,,,,,,,
1971-07-12,,6.6,,,,,,,
1971-07-13,,6.61,,,,,,,
1971-07-14,,6.6,,,,,,,
1971-07-15,,6.59,,,,,,,
1971-07-16,,6.66,,,,,,,
1971-07-19,,6.71,,,,,,,
1971-07-20,,6.7,,,,,,,
1971-07-21,,6.7,,,,,,,
1971-07-22,,6.79,,,,,,,
1971-07-23,,6.84,,,,,,,
1971-07-26,,6.86,,,,,,,
1971-07-27,,6.91,,,,,,,
1971-07-28,,6.95,,,,,,,
1971-07-29,,6.88,,,,,,,
1971-07-30,,6.85,,,,,,,
1971-08-01,,,,5.57,40.7,0.04358974358974366,6.1,0.0,
1971-08-02,,6.86,,,,,,,
1971-08-03,,6.91,,,,,,,
1971-08-04,,6.89,,,,,,,
1971-08-05,,6.86,,,,,,,
1971-08-06,,6.86,,,,,,,
1971-08-09,,6.88,,,,,,,
1971-08-10,,6.89,,,,,,,
1971-08-11,,6.86,,,,,,,
1971-08-12,,6.8,,,,,,,
1971-08-13,,6.68,,,,,,,
1971-08-16,,6.41,,,,,,,
1971-08-17,,6.3,,,,,,,
1971-08-18,,6.35,,,,,,,
1971-08-19,,6.34,,,,,,,
1971-08-20,,6.37,,,,,,,
1971-08-23,,6.48,,,,,,,
1971-08-24,,6.38,,,,,,,
1971-08-25,,6.4,,,,,,,
1971-08-26,,6.37,,,,,,,
1971-08-27,,6.33,,,,,,,
1971-08-30,,6.32,,,,,,,
1971-08-31,,6.28,,,,,,,
1971-09-01,,6.22,,5.55,40.8,0.04081632653061207,6.0,0.0,
1971-09-02,,6.17,,,,,,,
1971-09-03,,6.12,,,,,,,
1971-09-06,,,,,,,,,
1971-09-07,,6.07,,,,,,,
1971-09-08,,6.08,,,,,,,
1971-09-09,,6.13,,,,,,,
1971-09-10,,6.12,,,,,,,
1971-09-13,,6.2,,,,,,,
1971-09-14,,6.18,,,,,,,
1971-09-15,,6.17,,,,,,,
1971-09-16,,6.14,,,,,,,
1971-09-17,,6.13,,,,,,,
1971-09-20,,6.15,,,,,,,
1971-09-21,,6.17,,,,,,,
1971-09-22,,6.19,,,,,,,
1971-09-23,,6.2,,,,,,,
1971-09-24,,6.16,,,,,,,
1971-09-27,,6.13,,,,,,,
1971-09-28,,6.12,,,,,,,
1971-09-29,,6.08,,,,,,,
1971-09-30,,6.0,,,,,,,
1971-10-01,,6.0,,5.2,40.9,0.038071065989847774,5.8,0.0,
1971-10-04,,5.98,,,,,,,
1971-10-05,,6.01,,,,,,,
1971-10-06,,5.98,,,,,,,
1971-10-07,,5.97,,,,,,,
1971-10-08,,5.94,,,,,,,
1971-10-11,,,,,,,,,
1971-10-12,,5.88,,,,,,,
1971-10-13,,5.86,,,,,,,
1971-10-14,,5.88,,,,,,,
1971-10-15,,5.9,,,,,,,
1971-10-18,,5.95,,,,,,,
1971-10-19,,5.96,,,,,,,
1971-10-20,,5.92,,,,,,,
1971-10-21,,5.88,,,,,,,
1971-10-22,,5.9,,,,,,,
1971-10-25,,,,,,,,,
1971-10-26,,5.89,,,,,,,
1971-10-27,,5.92,,,,,,,
1971-10-28,,5.9,,,,,,,
1971-10-29,,5.87,,,,,,,
1971-11-01,,5.8,,4.91,41.0,0.03535353535353525,6.0,0.0,
1971-11-02,,,,,,,,,
1971-11-03,,5.72,,,,,,,
1971-11-04,,5.72,,,,,,,
1971-11-05,,5.72,,,,,,,
1971-11-08,,5.77,,,,,,,
1971-11-09,,5.77,,,,,,,
1971-11-10,,5.82,,,,,,,
1971-11-11,,5.79,,,,,,,
1971-11-12,,5.77,,,,,,,
1971-11-15,,5.77,,,,,,,
1971-11-16,,5.76,,,,,,,
1971-11-17,,5.75,,,,,,,
1971-11-18,,5.77,,,,,,,
1971-11-19,,5.79,,,,,,,
1971-11-22,,5.82,,,,,,,
1971-11-23,,5.89,,,,,,,
1971-11-24,,5.95,,,,,,,
1971-11-25,,,,,,,,,
1971-11-26,,5.94,,,,,,,
1971-11-29,,5.95,,,,,,,
1971-11-30,,5.93,,,,,,,
1971-12-01,,5.92,,4.14,41.1,0.03266331658291466,6.0,0.0,
1971-12-02,,5.9,,,,,,,
1971-12-03,,5.88,,,,,,,
1971-12-06,,5.88,,,,,,,
1971-12-07,,5.92,,,,,,,
1971-12-08,,5.92,,,,,,,
1971-12-09,,5.94,,,,,,,
1971-12-10,,5.93,,,,,,,
1971-12-13,,5.9,,,,,,,
1971-12-14,,5.94,,,,,,,
1971-12-15,,5.96,,,,,,,
1971-12-16,,5.95,,,,,,,
1971-12-17,,5.93,,,,,,,
1971-12-20,,5.97,,,,,,,
1971-12-21,,6.0,,,,,,,
1971-12-22,,6.01,,,,,,,
1971-12-23,,5.97,,,,,,,
1971-12-24,,,,,,,,,
1971-12-27,,5.91,,,,,,,
1971-12-28,,5.86,,,,,,,
1971-12-29,,5.9,,,,,,,
1971-12-30,,5.9,,,,,,,
1971-12-31,,5.89,,,,,,,
1972-01-01,,,,3.51,41.2,0.03258145363408538,5.8,0.0,
1972-01-03,,5.94,,,,,,,
1972-01-04,,5.93,,,,,,,
1972-01-05,,5.91,,,,,,,
1972-01-06,,5.9,,,,,,,
1972-01-07,,5.88,,,,,,,
1972-01-10,,5.86,,,,,,,
1972-01-11,,5.88,,,,,,,
1972-01-12,,5.88,,,,,,,
1972-01-13,,5.86,,,,,,,
1972-01-14,,5.85,,,,,,,
1972-01-17,,5.89,,,,,,,
1972-01-18,,5.92,,,,,,,
1972-01-19,,5.96,,,,,,,
1972-01-20,,5.98,,,,,,,
1972-01-21,,5.99,,,,,,,
1972-01-24,,6.02,,,,,,,
1972-01-25,,6.02,,,,,,,
1972-01-26,,6.01,,,,,,,
1972-01-27,,6.05,,,,,,,
1972-01-28,,6.08,,,,,,,
1972-01-31,,6.09,,,,,,,
1972-02-01,,6.09,,3.3,41.4,0.03759398496240607,5.7,0.0,
1972-02-02,,6.08,,,,,,,
1972-02-03,,6.08,,,,,,,
1972-02-04,,6.08,,,,,,,
1972-02-07,,6.09,,,,,,,
1972-02-08,,6.11,,,,,,,
1972-02-09,,6.12,,,,,,,
1972-02-10,,6.11,,,,,,,
1972-02-11,,6.12,,,,,,,
1972-02-14,,6.1,,,,,,,
1972-02-15,,6.1,,,,,,,
1972-02-16,,6.08,,,,,,,
1972-02-17,,6.06,,,,,,,
1972-02-18,,6.06,,,,,,,
1972-02-21,,,,,,,,,
1972-02-22,,6.06,,,,,,,
1972-02-23,,6.07,,,,,,,
1972-02-24,,6.07,,,,,,,
1972-02-25,,6.06,,,,,,,
1972-02-28,,6.04,,,,,,,
1972-02-29,,6.04,,,,,,,
1972-03-01,,6.04,,3.83,41.4,0.03499999999999992,5.8,0.0,
1972-03-02,,6.03,,,,,,,
1972-03-03,,6.02,,,,,,,
1972-03-06,,6.01,,,,,,,
1972-03-07,,6.02,,,,,,,
1972-03-08,,6.02,,,,,,,
1972-03-09,,6.02,,,,,,,
1972-03-10,,6.03,,,,,,,
1972-03-13,,6.07,,,,,,,
1972-03-14,,6.06,,,,,,,
1972-03-15,,6.11,,,,,,,
1972-03-16,,6.08,,,,,,,
1972-03-17,,6.08,,,,,,,
1972-03-20,,6.09,,,,,,,
1972-03-21,,6.08,,,,,,,
1972-03-22,,6.08,,,,,,,
1972-03-23,,6.1,,,,,,,
1972-03-24,,6.12,,,,,,,
1972-03-27,,6.1,,,,,,,
1972-03-28,,6.11,,,,,,,
1972-03-29,,6.12,,,,,,,
1972-03-30,,6.12,,,,,,,
1972-03-31,,,,,,,,,
1972-04-01,,,,4.17,41.5,0.034912718204488824,5.7,0.0,
1972-04-03,,6.14,,,,,,,
1972-04-04,,6.18,,,,,,,
1972-04-05,,6.18,,,,,,,
1972-04-06,,6.18,,,,,,,
1972-04-07,,6.18,,,,,,,
1972-04-10,,6.17,,,,,,,
1972-04-11,,6.18,,,,,,,
1972-04-12,,6.21,,,,,,,
1972-04-13,,6.25,,,,,,,
1972-04-14,,6.25,,,,,,,
1972-04-17,,6.24,,,,,,,
1972-04-18,,6.24,,,,,,,
1972-04-19,,6.22,,,,,,,
1972-04-20,,6.21,,,,,,,
1972-04-21,,6.2,,,,,,,
1972-04-24,,6.21,,,,,,,
1972-04-25,,6.21,,,,,,,
1972-04-26,,6.19,,,,,,,
1972-04-27,,6.11,,,,,,,
1972-04-28,,6.14,,,,,,,
1972-05-01,,6.14,,4.27,41.6,0.032258064516129226,5.7,0.0,
1972-05-02,,6.16,,,,,,,
1972-05-03,,6.17,,,,,,,
1972-05-04,,6.17,,,,,,,
1972-05-05,,6.17,,,,,,,
1972-05-08,,6.17,,,,,,,
1972-05-09,,6.2,,,,,,,
1972-05-10,,6.19,,,,,,,
1972-05-11,,6.19,,,,,,,
1972-05-12,,6.16,,,,,,,
1972-05-15,,6.16,,,,,,,
1972-05-16,,6.16,,,,,,,
1972-05-17,,6.15,,,,,,,
1972-05-18,,6.13,,,,,,,
1972-05-19,,6.1,,,,,,,
1972-05-22,,6.07,,,,,,,
1972-05-23,,6.05,,,,,,,
1972-05-24,,6.06,,,,,,,
1972-05-25,,6.04,,,,,,,
1972-05-26,,6.04,,,,,,,
1972-05-29,,,,,,,,,
1972-05-30,,6.05,,,,,,,
1972-05-31,,6.05,,,,,,,
1972-06-01,,6.07,,4.46,41.7,0.029629629629629672,5.7,0.0,
1972-06-02,,6.09,,,,,,,
1972-06-05,,6.1,,,,,,,
1972-06-06,,6.13,,,,,,,
1972-06-07,,6.12,,,,,,,
1972-06-08,,6.12,,,,,,,
1972-06-09,,6.11,,,,,,,
1972-06-12,,6.1,,,,,,,
1972-06-13,,6.1,,,,,,,
1972-06-14,,6.1,,,,,,,
1972-06-15,,6.1,,,,,,,
1972-06-16,,6.1,,,,,,,
1972-06-19,,6.08,,,,,,,
1972-06-20,,6.08,,,,,,,
1972-06-21,,6.09,,,,,,,
1972-06-22,,6.11,,,,,,,
1972-06-23,,6.1,,,,,,,
1972-06-26,,6.12,,,,,,,
1972-06-27,,6.12,,,,,,,
1972-06-28,,6.12,,,,,,,
1972-06-29,,6.14,,,,,,,
1972-06-30,,6.15,,,,,,,
1972-07-01,,,,4.55,41.8,0.029556650246305383,5.6,0.0,
1972-07-03,,6.14,,,,,,,
1972-07-04,,,,,,,,,
1972-07-05,,6.13,,,,,,,
1972-07-06,,6.13,,,,,,,
1972-07-07,,6.13,,,,,,,
1972-07-10,,6.13,,,,,,,
1972-07-11,,6.13,,,,,,,
1972-07-12,,6.12,,,,,,,
1972-07-13,,6.11,,,,,,,
1972-07-14,,6.1,,,,,,,
1972-07-17,,6.11,,,,,,,
1972-07-18,,6.11,,,,,,,
1972-07-19,,6.09,,,,,,,
1972-07-20,,6.09,,,,,,,
1972-07-21,,6.1,,,,,,,
1972-07-24,,6.1,,,,,,,
1972-07-25,,6.09,,,,,,,
1972-07-26,,6.08,,,,,,,
1972-07-27,,6.13,,,,,,,
1972-07-28,,6.12,,,,,,,
1972-07-31,,6.12,,,,,,,
1972-08-01,,6.14,,4.81,41.9,0.029484029484029284,5.6,0.0,
1972-08-02,,6.14,,,,,,,
1972-08-03,,6.15,,,,,,,
1972-08-04,,6.16,,,,,,,
1972-08-07,,6.16,,,,,,,
1972-08-08,,6.15,,,,,,,
1972-08-09,,6.14,,,,,,,
1972-08-10,,6.14,,,,,,,
1972-08-11,,6.14,,,,,,,
1972-08-14,,6.16,,,,,,,
1972-08-15,,6.17,,,,,,,
1972-08-16,,6.18,,,,,,,
1972-08-17,,6.2,,,,,,,
1972-08-18,,6.21,,,,,,,
1972-08-21,,6.21,,,,,,,
1972-08-22,,6.2,,,,,,,
1972-08-23,,6.22,,,,,,,
1972-08-24,,6.23,,,,,,,
1972-08-25,,6.26,,,,,,,
1972-08-28,,6.3,,,,,,,
1972-08-29,,6.34,,,,,,,
1972-08-30,,6.42,,,,,,,
1972-08-31,,6.42,,,,,,,
1972-09-01,,6.43,,4.87,42.1,0.031862745098039325,5.5,0.0,
1972-09-04,,,,,,,,,
1972-09-05,,6.46,,,,,,,
1972-09-06,,6.49,,,,,,,
1972-09-07,,6.52,,,,,,,
1972-09-08,,6.56,,,,,,,
1972-09-11,,6.54,,,,,,,
1972-09-12,,6.54,,,,,,,
1972-09-13,,6.54,,,,,,,
1972-09-14,,6.57,,,,,,,
1972-09-15,,6.56,,,,,,,
1972-09-18,,6.55,,,,,,,
1972-09-19,,6.55,,,,,,,
1972-09-20,,6.56,,,,,,,
1972-09-21,,6.59,,,,,,,
1972-09-22,,6.62,,,,,,,
1972-09-25,,6.62,,,,,,,
1972-09-26,,6.6,,,,,,,
1972-09-27,,6.59,,,,,,,
1972-09-28,,6.56,,,,,,,
1972-09-29,,6.54,,,,,,,
1972-10-01,,,,5.05,42.2,0.03178484107579482,5.6,0.0,
1972-10-02,,6.54,,,,,,,
1972-10-03,,6.54,,,,,,,
1972-10-04,,6.53,,,,,,,
1972-10-05,,6.53,,,,,,,
1972-10-06,,6.52,,,,,,,
1972-10-09,,,,,,,,,
1972-10-10,,6.48,,,,,,,
1972-10-11,,6.47,,,,,,,
1972-10-12,,6.5,,,,,,,
1972-10-13,,6.5,,,,,,,
1972-10-16,,6.49,,,,,,,
1972-10-17,,6.49,,,,,,,
1972-10-18,,6.49,,,,,,,
1972-10-19,,6.48,,,,,,,
1972-10-20,,6.47,,,,,,,
1972-10-23,,,,,,,,,
1972-10-24,,6.45,,,,,,,
1972-10-25,,6.44,,,,,,,
1972-10-26,,6.42,,,,,,,
1972-10-27,,6.42,,,,,,,
1972-10-30,,6.42,,,,,,,
1972-10-31,,6.41,,,,,,,
1972-11-01,,6.39,,5.06,42.4,0.034146341463414664,5.3,0.0,
1972-11-02,,6.34,,,,,,,
1972-11-03,,6.3,,,,,,,
1972-11-06,,6.27,,,,,,,
1972-11-07,,,,,,,,,
1972-11-08,,6.3,,,,,,,
1972-11-09,,6.3,,,,,,,
1972-11-10,,6.3,,,,,,,
1972-11-13,,6.27,,,,,,,
1972-11-14,,6.26,,,,,,,
1972-11-15,,6.23,,,,,,,
1972-11-16,,6.24,,,,,,,
1972-11-17,,6.24,,,,,,,
1972-11-20,,6.23,,,,,,,
1972-11-21,,6.26,,,,,,,
1972-11-22,,6.27,,,,,,,
1972-11-23,,,,,,,,,
1972-11-24,,6.27,,,,,,,
1972-11-27,,6.3,,,,,,,
1972-11-28,,6.29,,,,,,,
1972-11-29,,6.27,,,,,,,
1972-11-30,,6.28,,,,,,,
1972-12-01,,6.29,,5.33,42.5,0.03406326034063256,5.2,0.0,
1972-12-04,,6.3,,,,,,,
1972-12-05,,6.31,,,,,,,
1972-12-06,,6.31,,,,,,,
1972-12-07,,6.31,,,,,,,
1972-12-08,,6.32,,,,,,,
1972-12-11,,6.34,,,,,,,
1972-12-12,,6.35,,,,,,,
1972-12-13,,6.35,,,,,,,
1972-12-14,,6.35,,,,,,,
1972-12-15,,6.35,,,,,,,
1972-12-18,,6.38,,,,,,,
1972-12-19,,6.4,,,,,,,
1972-12-20,,6.4,,,,,,,
1972-12-21,,6.4,,,,,,,
1972-12-22,,6.4,,,,,,,
1972-12-25,,,,,,,,,
1972-12-26,,6.39,,,,,,,
1972-12-27,,6.4,,,,,,,
1972-12-28,,6.41,,,,,,,
1972-12-29,,6.41,,,,,,,
1973-01-01,,,,5.94,42.7,0.03640776699029136,4.9,0.0,
1973-01-02,,6.43,,,,,,,
1973-01-03,,6.42,,,,,,,
1973-01-04,,6.4,,,,,,,
1973-01-05,,6.42,,,,,,,
1973-01-08,,6.43,,,,,,,
1973-01-09,,6.42,,,,,,,
1973-01-10,,6.43,,,,,,,
1973-01-11,,6.43,,,,,,,
1973-01-12,,6.44,,,,,,,
1973-01-15,,6.44,,,,,,,
1973-01-16,,6.44,,,,,,,
1973-01-17,,6.45,,,,,,,
1973-01-18,,6.46,,,,,,,
1973-01-19,,6.49,,,,,,,
1973-01-22,,6.5,,,,,,,
1973-01-23,,6.48,,,,,,,
1973-01-24,,6.49,,,,,,,
1973-01-25,,6.51,,,,,,,
1973-01-26,,6.53,,,,,,,
1973-01-29,,6.55,,,,,,,
1973-01-30,,6.52,,,,,,,
1973-01-31,,6.54,,,,,,,
1973-02-01,,6.6,,6.58,43.0,0.03864734299516903,5.0,0.0,
1973-02-02,,6.64,,,,,,,
1973-02-05,,6.64,,,,,,,
1973-02-06,,6.64,,,,,,,
1973-02-07,,6.64,,,,,,,
1973-02-08,,6.66,,,,,,,
1973-02-09,,6.63,,,,,,,
1973-02-12,,,,,,,,,
1973-02-13,,6.61,,,,,,,
1973-02-14,,6.62,,,,,,,
1973-02-15,,6.62,,,,,,,
1973-02-16,,6.63,,,,,,,
1973-02-19,,,,,,,,,
1973-02-20,,6.66,,,,,,,
1973-02-21,,6.66,,,,,,,
1973-02-22,,6.65,,,,,,,
1973-02-23,,6.61,,,,,,,
1973-02-26,,6.65,,,,,,,
1973-02-27,,6.64,,,,,,,
1973-02-28,,6.64,,,,,,,
1973-03-01,,6.65,,7.09,43.4,0.048309178743961345,4.9,0.0,
1973-03-02,,6.67,,,,,,,
1973-03-05,,6.68,,,,,,,
1973-03-06,,6.68,,,,,,,
1973-03-07,,6.66,,,,,,,
1973-03-08,,6.67,,,,,,,
1973-03-09,,6.68,,,,,,,
1973-03-12,,6.68,,,,,,,
1973-03-13,,6.7,,,,,,,
1973-03-14,,6.71,,,,,,,
1973-03-15,,6.73,,,,,,,
1973-03-16,,6.77,,,,,,,
1973-03-19,,6.75,,,,,,,
1973-03-20,,6.76,,,,,,,
1973-03-21,,6.76,,,,,,,
1973-03-22,,6.76,,,,,,,
1973-03-23,,6.76,,,,,,,
1973-03-26,,6.73,,,,,,,
1973-03-27,,6.72,,,,,,,
1973-03-28,,6.67,,,,,,,
1973-03-29,,6.68,,,,,,,
1973-03-30,,6.73,,,,,,,
1973-04-01,,,,7.12,43.7,0.053012048192771166,5.0,0.0,
1973-04-02,,6.74,,,,,,,
1973-04-03,,6.73,,,,,,,
1973-04-04,,6.7,,,,,,,
1973-04-05,,6.68,,,,,,,
1973-04-06,,6.64,,,,,,,
1973-04-09,,6.62,,,,,,,
1973-04-10,,6.64,,,,,,,
1973-04-11,,6.65,,,,,,,
1973-04-12,,6.66,,,,,,,
1973-04-13,,6.63,,,,,,,
1973-04-16,,6.62,,,,,,,
1973-04-17,,6.64,,,,,,,
1973-04-18,,6.64,,,,,,,
1973-04-19,,6.66,,,,,,,
1973-04-20,,,,,,,,,
1973-04-23,,6.73,,,,,,,
1973-04-24,,6.66,,,,,,,
1973-04-25,,6.66,,,,,,,
1973-04-26,,6.68,,,,,,,
1973-04-27,,6.69,,,,,,,
1973-04-30,,6.7,,,,,,,
1973-05-01,,6.72,,7.84,43.9,0.05528846153846145,4.9,0.0,
1973-05-02,,6.76,,,,,,,
1973-05-03,,6.77,,,,,,,
1973-05-04,,6.79,,,,,,,
1973-05-07,,6.81,,,,,,,
1973-05-08,,6.8,,,,,,,
1973-05-09,,6.8,,,,,,,
1973-05-10,,6.81,,,,,,,
1973-05-11,,6.82,,,,,,,
1973-05-14,,6.83,,,,,,,
1973-05-15,,6.86,,,,,,,
1973-05-16,,6.84,,,,,,,
1973-05-17,,6.85,,,,,,,
1973-05-18,,6.86,,,,,,,
1973-05-21,,6.89,,,,,,,
1973-05-22,,6.9,,,,,,,
1973-05-23,,6.92,,,,,,,
1973-05-24,,6.91,,,,,,,
1973-05-25,,6.91,,,,,,,
1973-05-28,,,,,,,,,
1973-05-29,,6.93,,,,,,,
1973-05-30,,6.93,,,,,,,
1973-05-31,,6.93,,,,,,,
1973-06-01,,6.96,,8.49,44.2,0.05995203836930463,4.9,0.0,
1973-06-04,,6.98,,,,,,,
1973-06-05,,6.95,,,,,,,
1973-06-06,,6.89,,,,,,,
1973-06-07,,6.89,,,,,,,
1973-06-08,,6.87,,,,,,,
1973-06-11,,6.87,,,,,,,
1973-06-12,,6.86,,,,,,,
1973-06-13,,6.85,,,,,,,
1973-06-14,,6.85,,,,,,,
1973-06-15,,6.86,,,,,,,
1973-06-18,,6.87,,,,,,,
1973-06-19,,6.87,,,,,,,
1973-06-20,,6.89,,,,,,,
1973-06-21,,6.89,,,,,,,
1973-06-22,,6.91,,,,,,,
1973-06-25,,6.93,,,,,,,
1973-06-26,,6.93,,,,,,,
1973-06-27,,6.92,,,,,,,
1973-06-28,,6.92,,,,,,,
1973-06-29,,6.94,,,,,,,
1973-07-01,,,,10.4,44.2,0.05741626794258381,4.8,0.0,
1973-07-02,,7.01,,,,,,,
1973-07-03,,7.01,,,,,,,
1973-07-04,,,,,,,,,
1973-07-05,,7.01,,,,,,,
1973-07-06,,7.03,,,,,,,
1973-07-09,,7.05,,,,,,,
1973-07-10,,7.05,,,,,,,
1973-07-11,,7.05,,,,,,,
1973-07-12,,7.04,,,,,,,
1973-07-13,,7.05,,,,,,,
1973-07-16,,7.06,,,,,,,
1973-07-17,,7.06,,,,,,,
1973-07-18,,7.07,,,,,,,
1973-07-19,,7.11,,,,,,,
1973-07-20,,7.17,,,,,,,
1973-07-23,,7.17,,,,,,,
1973-07-24,,7.19,,,,,,,
1973-07-25,,7.19,,,,,,,
1973-07-26,,7.28,,,,,,,
1973-07-27,,7.35,,,,,,,
1973-07-30,,7.37,,,,,,,
1973-07-31,,7.43,,,,,,,
1973-08-01,,7.55,,10.5,45.0,0.07398568019093088,4.8,0.0,
1973-08-02,,7.52,,,,,,,
1973-08-03,,7.53,,,,,,,
1973-08-06,,7.54,,,,,,,
1973-08-07,,7.58,,,,,,,
1973-08-08,,7.52,,,,,,,
1973-08-09,,7.54,,,,,,,
1973-08-10,,7.52,,,,,,,
1973-08-13,,7.47,,,,,,,
1973-08-14,,7.46,,,,,,,
1973-08-15,,7.45,,,,,,,
1973-08-16,,7.37,,,,,,,
1973-08-17,,7.28,,,,,,,
1973-08-20,,7.38,,,,,,,
1973-08-21,,7.36,,,,,,,
1973-08-22,,7.39,,,,,,,
1973-08-23,,7.31,,,,,,,
1973-08-24,,7.23,,,,,,,
1973-08-27,,7.26,,,,,,,
1973-08-28,,7.29,,,,,,,
1973-08-29,,7.26,,,,,,,
1973-08-30,,7.25,,,,,,,
1973-08-31,,7.25,,,,,,,
1973-09-01,,,,10.78,45.2,0.07363420427553447,4.8,0.0,
1973-09-03,,,,,,,,,
1973-09-04,,7.21,,,,,,,
1973-09-05,,7.11,,,,,,,
1973-09-06,,7.1,,,,,,,
1973-09-07,,7.11,,,,,,,
1973-09-10,,7.16,,,,,,,
1973-09-11,,7.19,,,,,,,
1973-09-12,,7.2,,,,,,,
1973-09-13,,7.21,,,,,,,
1973-09-14,,7.21,,,,,,,
1973-09-17,,7.16,,,,,,,
1973-09-18,,7.08,,,,,,,
1973-09-19,,7.1,,,,,,,
1973-09-20,,7.09,,,,,,,
1973-09-21,,7.02,,,,,,,
1973-09-24,,7.0,,,,,,,
1973-09-25,,6.96,,,,,,,
1973-09-26,,6.97,,,,,,,
1973-09-27,,6.94,,,,,,,
1973-09-28,,6.9,,,,,,,
1973-10-01,,6.91,,10.01,45.6,0.08056872037914697,4.6,0.0,
1973-10-02,,6.89,,,,,,,
1973-10-03,,6.9,,,,,,,
1973-10-04,,6.88,,,,,,,
1973-10-05,,6.86,,,,,,,
1973-10-08,,,,,,,,,
1973-10-09,,6.78,,,,,,,
1973-10-10,,6.77,,,,,,,
1973-10-11,,6.78,,,,,,,
1973-10-12,,6.75,,,,,,,
1973-10-15,,6.77,,,,,,,
1973-10-16,,6.81,,,,,,,
1973-10-17,,6.82,,,,,,,
1973-10-18,,6.81,,,,,,,
1973-10-19,,6.8,,,,,,,
1973-10-22,,,,,,,,,
1973-10-23,,6.8,,,,,,,
1973-10-24,,6.75,,,,,,,
1973-10-25,,6.73,,,,,,,
1973-10-26,,6.72,,,,,,,
1973-10-29,,6.72,,,,,,,
1973-10-30,,6.72,,,,,,,
1973-10-31,,6.71,,,,,,,
1973-11-01,,6.71,,10.03,45.9,0.08254716981132071,4.8,0.0,
1973-11-02,,6.72,,,,,,,
1973-11-05,,6.74,,,,,,,
1973-11-06,,,,,,,,,
1973-11-07,,6.76,,,,,,,
1973-11-08,,6.77,,,,,,,
1973-11-09,,6.76,,,,,,,
1973-11-12,,6.76,,,,,,,
1973-11-13,,6.76,,,,,,,
1973-11-14,,6.79,,,,,,,
1973-11-15,,6.76,,,,,,,
1973-11-16,,6.72,,,,,,,
1973-11-19,,6.71,,,,,,,
1973-11-20,,6.72,,,,,,,
1973-11-21,,6.71,,,,,,,
1973-11-22,,,,,,,,,
1973-11-23,,6.7,,,,,,,
1973-11-26,,6.69,,,,,,,
1973-11-27,,6.7,,,,,,,
1973-11-28,,6.7,,,,,,,
1973-11-29,,6.7,,,,,,,
1973-11-30,,6.69,,,,,,,
1973-12-01,,,,9.95,46.3,0.0894117647058823,4.9,1.0,
1973-12-03,,6.69,,,,,,,
1973-12-04,,6.69,,,,,,,
1973-12-05,,6.72,,,,,,,
1973-12-06,,6.75,,,,,,,
1973-12-07,,6.74,,,,,,,
1973-12-10,,6.71,,,,,,,
1973-12-11,,6.69,,,,,,,
1973-12-12,,6.69,,,,,,,
1973-12-13,,6.68,,,,,,,
1973-12-14,,6.68,,,,,,,
1973-12-17,,6.67,,,,,,,
1973-12-18,,6.68,,,,,,,
1973-12-19,,6.71,,,,,,,
1973-12-20,,6.73,,,,,,,
1973-12-21,,6.78,,,,,,,
1973-12-24,,,,,,,,,
1973-12-25,,,,,,,,,
1973-12-26,,6.83,,,,,,,
1973-12-27,,6.88,,,,,,,
1973-12-28,,6.91,,,,,,,
1973-12-31,,6.9,,,,,,,
1974-01-01,,,,9.65,46.8,0.09601873536299754,5.1,1.0,
1974-01-02,,6.94,,,,,,,
1974-01-03,,6.96,,,,,,,
1974-01-04,,6.94,,,,,,,
1974-01-07,,6.96,,,,,,,
1974-01-08,,6.96,,,,,,,
1974-01-09,,6.96,,,,,,,
1974-01-10,,7.0,,,,,,,
1974-01-11,,7.01,,,,,,,
1974-01-14,,7.01,,,,,,,
1974-01-15,,6.99,,,,,,,
1974-01-16,,6.99,,,,,,,
1974-01-17,,6.97,,,,,,,
1974-01-18,,6.98,,,,,,,
1974-01-21,,6.99,,,,,,,
1974-01-22,,7.0,,,,,,,
1974-01-23,,7.01,,,,,,,
1974-01-24,,7.02,,,,,,,
1974-01-25,,7.02,,,,,,,
1974-01-28,,7.01,,,,,,,
1974-01-29,,7.02,,,,,,,
1974-01-30,,7.01,,,,,,,
1974-01-31,,7.0,,,,,,,
1974-02-01,,7.0,,8.97,47.3,0.09999999999999987,5.2,1.0,
1974-02-04,,6.98,,,,,,,
1974-02-05,,6.95,,,,,,,
1974-02-06,,6.93,,,,,,,
1974-02-07,,6.93,,,,,,,
1974-02-08,,6.93,,,,,,,
1974-02-11,,6.93,,,,,,,
1974-02-12,,,,,,,,,
1974-02-13,,6.93,,,,,,,
1974-02-14,,6.93,,,,,,,
1974-02-15,,6.93,,,,,,,
1974-02-18,,,,,,,,,
1974-02-19,,6.93,,,,,,,
1974-02-20,,6.96,,,,,,,
1974-02-21,,6.98,,,,,,,
1974-02-22,,6.97,,,,,,,
1974-02-25,,6.96,,,,,,,
1974-02-26,,6.98,,,,,,,
1974-02-27,,7.0,,,,,,,
1974-02-28,,7.01,,,,,,,
1974-03-01,,7.08,,9.35,47.8,0.10138248847926268,5.1,1.0,
1974-03-04,,7.09,,,,,,,
1974-03-05,,7.1,,,,,,,
1974-03-06,,7.09,,,,,,,
1974-03-07,,7.06,,,,,,,
1974-03-08,,7.06,,,,,,,
1974-03-11,,7.08,,,,,,,
1974-03-12,,7.09,,,,,,,
1974-03-13,,7.13,,,,,,,
1974-03-14,,7.13,,,,,,,
1974-03-15,,7.18,,,,,,,
1974-03-18,,7.23,,,,,,,
1974-03-19,,7.24,,,,,,,
1974-03-20,,7.27,,,,,,,
1974-03-21,,7.3,,,,,,,
1974-03-22,,7.35,,,,,,,
1974-03-25,,7.39,,,,,,,
1974-03-26,,7.38,,,,,,,
1974-03-27,,7.35,,,,,,,
1974-03-28,,7.38,,,,,,,
1974-03-29,,7.41,,,,,,,
1974-04-01,,7.42,,10.51,48.1,0.10068649885583514,5.1,1.0,
1974-04-02,,7.43,,,,,,,
1974-04-03,,7.43,,,,,,,
1974-04-04,,7.51,,,,,,,
1974-04-05,,7.54,,,,,,,
1974-04-08,,7.5,,,,,,,
1974-04-09,,7.49,,,,,,,
1974-04-10,,7.46,,,,,,,
1974-04-11,,7.45,,,,,,,
1974-04-12,,,,,,,,,
1974-04-15,,7.42,,,,,,,
1974-04-16,,7.43,,,,,,,
1974-04-17,,7.45,,,,,,,
1974-04-18,,7.5,,,,,,,
1974-04-19,,7.51,,,,,,,
1974-04-22,,7.52,,,,,,,
1974-04-23,,7.54,,,,,,,
1974-04-24,,7.58,,,,,,,
1974-04-25,,7.63,,,,,,,
1974-04-26,,7.64,,,,,,,
1974-04-29,,7.65,,,,,,,
1974-04-30,,7.66,,,,,,,
1974-05-01,,7.62,,11.31,48.6,0.1070615034168565,5.1,1.0,
1974-05-02,,7.58,,,,,,,
1974-05-03,,7.65,,,,,,,
1974-05-06,,7.65,,,,,,,
1974-05-07,,7.65,,,,,,,
1974-05-08,,7.65,,,,,,,
1974-05-09,,7.7,,,,,,,
1974-05-10,,7.63,,,,,,,
1974-05-13,,7.54,,,,,,,
1974-05-14,,7.57,,,,,,,
1974-05-15,,7.55,,,,,,,
1974-05-16,,7.54,,,,,,,
1974-05-17,,7.57,,,,,,,
1974-05-20,,7.58,,,,,,,
1974-05-21,,7.57,,,,,,,
1974-05-22,,7.56,,,,,,,
1974-05-23,,7.52,,,,,,,
1974-05-24,,7.49,,,,,,,
1974-05-27,,,,,,,,,
1974-05-28,,7.5,,,,,,,
1974-05-29,,7.52,,,,,,,
1974-05-30,,7.51,,,,,,,
1974-05-31,,7.52,,,,,,,
1974-06-01,,,,11.93,49.0,0.10859728506787314,5.4,1.0,
1974-06-03,,7.53,,,,,,,
1974-06-04,,7.52,,,,,,,
1974-06-05,,7.52,,,,,,,
1974-06-06,,7.5,,,,,,,
1974-06-07,,7.46,,,,,,,
1974-06-10,,7.47,,,,,,,
1974-06-11,,7.48,,,,,,,
1974-06-12,,7.5,,,,,,,
1974-06-13,,7.5,,,,,,,
1974-06-14,,7.5,,,,,,,
1974-06-17,,7.49,,,,,,,
1974-06-18,,7.52,,,,,,,
1974-06-19,,7.52,,,,,,,
1974-06-20,,7.55,,,,,,,
1974-06-21,,7.55,,,,,,,
1974-06-24,,7.58,,,,,,,
1974-06-25,,7.62,,,,,,,
1974-06-26,,7.62,,,,,,,
1974-06-27,,7.64,,,,,,,
1974-06-28,,7.64,,,,,,,
1974-07-01,,7.65,,12.92,49.3,0.1153846153846152,5.5,1.0,
1974-07-02,,7.65,,,,,,,
1974-07-03,,7.7,,,,,,,
1974-07-04,,,,,,,,,
1974-07-05,,7.71,,,,,,,
1974-07-08,,7.77,,,,,,,
1974-07-09,,7.81,,,,,,,
1974-07-10,,7.82,,,,,,,
1974-07-11,,7.84,,,,,,,
1974-07-12,,7.85,,,,,,,
1974-07-15,,7.86,,,,,,,
1974-07-16,,7.88,,,,,,,
1974-07-17,,7.91,,,,,,,
1974-07-18,,7.9,,,,,,,
1974-07-19,,7.87,,,,,,,
1974-07-22,,7.77,,,,,,,
1974-07-23,,7.79,,,,,,,
1974-07-24,,7.76,,,,,,,
1974-07-25,,7.75,,,,,,,
1974-07-26,,7.79,,,,,,,
1974-07-29,,7.85,,,,,,,
1974-07-30,,7.89,,,,,,,
1974-07-31,,7.89,,,,,,,
1974-08-01,,7.92,,12.01,49.9,0.10888888888888881,5.5,1.0,
1974-08-02,,7.96,,,,,,,
1974-08-05,,7.99,,,,,,,
1974-08-06,,7.97,,,,,,,
1974-08-07,,7.97,,,,,,,
1974-08-08,,7.97,,,,,,,
1974-08-09,,8.03,,,,,,,
1974-08-12,,8.05,,,,,,,
1974-08-13,,8.06,,,,,,,
1974-08-14,,8.05,,,,,,,
1974-08-15,,8.02,,,,,,,
1974-08-16,,8.0,,,,,,,
1974-08-19,,7.98,,,,,,,
1974-08-20,,7.99,,,,,,,
1974-08-21,,8.05,,,,,,,
1974-08-22,,8.09,,,,,,,
1974-08-23,,8.15,,,,,,,
1974-08-26,,8.16,,,,,,,
1974-08-27,,8.15,,,,,,,
1974-08-28,,8.15,,,,,,,
1974-08-29,,8.15,,,,,,,
1974-08-30,,8.11,,,,,,,
1974-09-01,,,,11.34,50.6,0.11946902654867242,5.9,1.0,
1974-09-02,,,,,,,,,
1974-09-03,,8.11,,,,,,,
1974-09-04,,8.12,,,,,,,
1974-09-05,,8.1,,,,,,,
1974-09-06,,8.09,,,,,,,
1974-09-09,,8.02,,,,,,,
1974-09-10,,8.04,,,,,,,
1974-09-11,,8.05,,,,,,,
1974-09-12,,8.13,,,,,,,
1974-09-13,,8.13,,,,,,,
1974-09-16,,8.1,,,,,,,
1974-09-17,,8.09,,,,,,,
1974-09-18,,8.08,,,,,,,
1974-09-19,,8.04,,,,,,,
1974-09-20,,8.02,,,,,,,
1974-09-23,,7.91,,,,,,,
1974-09-24,,7.94,,,,,,,
1974-09-25,,7.94,,,,,,,
1974-09-26,,7.96,,,,,,,
1974-09-27,,7.94,,,,,,,
1974-09-30,,7.94,,,,,,,
1974-10-01,,7.97,,10.06,51.0,0.11842105263157898,6.0,1.0,
1974-10-02,,7.98,,,,,,,
1974-10-03,,8.04,,,,,,,
1974-10-04,,8.02,,,,,,,
1974-10-07,,8.01,,,,,,,
1974-10-08,,7.95,,,,,,,
1974-10-09,,7.95,,,,,,,
1974-10-10,,7.93,,,,,,,
1974-10-11,,7.88,,,,,,,
1974-10-14,,,,,,,,,
1974-10-15,,7.87,,,,,,,
1974-10-16,,7.87,,,,,,,
1974-10-17,,7.88,,,,,,,
1974-10-18,,7.86,,,,,,,
1974-10-21,,7.81,,,,,,,
1974-10-22,,7.81,,,,,,,
1974-10-23,,7.85,,,,,,,
1974-10-24,,7.87,,,,,,,
1974-10-25,,7.86,,,,,,,
1974-10-28,,7.88,,,,,,,
1974-10-29,,7.84,,,,,,,
1974-10-30,,7.81,,,,,,,
1974-10-31,,7.79,,,,,,,
1974-11-01,,7.8,,9.45,51.5,0.12200435729847503,6.6,1.0,
1974-11-04,,7.8,,,,,,,
1974-11-05,,,,,,,,,
1974-11-06,,7.76,,,,,,,
1974-11-07,,7.74,,,,,,,
1974-11-08,,7.72,,,,,,,
1974-11-11,,,,,,,,,
1974-11-12,,7.78,,,,,,,
1974-11-13,,7.75,,,,,,,
1974-11-14,,7.72,,,,,,,
1974-11-15,,7.61,,,,,,,
1974-11-18,,7.63,,,,,,,
1974-11-19,,7.63,,,,,,,
1974-11-20,,7.59,,,,,,,
1974-11-21,,7.6,,,,,,,
1974-11-22,,7.6,,,,,,,
1974-11-25,,7.62,,,,,,,
1974-11-26,,7.63,,,,,,,
1974-11-27,,7.64,,,,,,,
1974-11-28,,,,,,,,,
1974-11-29,,7.64,,,,,,,
1974-12-01,,,,8.53,51.9,0.12095032397408212,7.2,1.0,
1974-12-02,,7.71,,,,,,,
1974-12-03,,7.74,,,,,,,
1974-12-04,,7.68,,,,,,,
1974-12-05,,7.64,,,,,,,
1974-12-06,,7.59,,,,,,,
1974-12-09,,7.4,,,,,,,
1974-12-10,,7.42,,,,,,,
1974-12-11,,7.38,,,,,,,
1974-12-12,,7.39,,,,,,,
1974-12-13,,7.38,,,,,,,
1974-12-16,,7.34,,,,,,,
1974-12-17,,7.28,,,,,,,
1974-12-18,,7.25,,,,,,,
1974-12-19,,7.25,,,,,,,
1974-12-20,,7.27,,,,,,,
1974-12-23,,7.41,,,,,,,
1974-12-24,,7.43,,,,,,,
1974-12-25,,,,,,,,,
1974-12-26,,7.37,,,,,,,
1974-12-27,,7.39,,,,,,,
1974-12-30,,7.39,,,,,,,
1974-12-31,,7.4,,,,,,,
1975-01-01,,,,7.13,52.3,0.11752136752136755,8.1,1.0,
1975-01-02,,7.42,,,,,,,
1975-01-03,,7.43,,,,,,,
1975-01-06,,7.39,,,,,,,
1975-01-07,,7.38,,,,,,,
1975-01-08,,7.39,,,,,,,
1975-01-09,,7.35,,,,,,,
1975-01-10,,7.37,,,,,,,
1975-01-13,,7.46,,,,,,,
1975-01-14,,7.49,,,,,,,
1975-01-15,,7.54,,,,,,,
1975-01-16,,7.54,,,,,,,
1975-01-17,,7.53,,,,,,,
1975-01-20,,7.59,,,,,,,
1975-01-21,,7.55,,,,,,,
1975-01-22,,7.51,,,,,,,
1975-01-23,,7.57,,,,,,,
1975-01-24,,7.64,,,,,,,
1975-01-27,,7.61,,,,,,,
1975-01-28,,7.61,,,,,,,
1975-01-29,,7.59,,,,,,,
1975-01-30,,7.54,,,,,,,
1975-01-31,,7.53,,,,,,,
1975-02-01,,,,6.24,52.6,0.11205073995771686,8.1,1.0,
1975-02-03,,7.49,,,,,,,
1975-02-04,,7.47,,,,,,,
1975-02-05,,7.35,,,,,,,
1975-02-06,,7.43,,,,,,,
1975-02-07,,7.38,,,,,,,
1975-02-10,,7.45,,,,,,,
1975-02-11,,7.42,,,,,,,
1975-02-12,,,,,,,,,
1975-02-13,,7.44,,,,,,,
1975-02-14,,7.35,,,,,,,
1975-02-17,,,,,,,,,
1975-02-18,,7.28,,,,,,,
1975-02-19,,7.26,,,,,,,
1975-02-20,,7.3,,,,,,,
1975-02-21,,7.22,,,,,,,
1975-02-24,,7.36,,,,,,,
1975-02-25,,7.43,,,,,,,
1975-02-26,,7.5,,,,,,,
1975-02-27,,7.47,,,,,,,
1975-02-28,,7.46,,,,,,,
1975-03-01,,,,5.54,52.8,0.10460251046025104,8.6,1.0,
1975-03-03,,7.5,,,,,,,
1975-03-04,,7.53,,,,,,,
1975-03-05,,7.48,,,,,,,
1975-03-06,,7.49,,,,,,,
1975-03-07,,7.52,,,,,,,
1975-03-10,,7.56,,,,,,,
1975-03-11,,7.58,,,,,,,
1975-03-12,,7.58,,,,,,,
1975-03-13,,7.56,,,,,,,
1975-03-14,,7.58,,,,,,,
1975-03-17,,7.7,,,,,,,
1975-03-18,,7.7,,,,,,,
1975-03-19,,7.8,,,,,,,
1975-03-20,,7.95,,,,,,,
1975-03-21,,7.84,,,,,,,
1975-03-24,,8.05,,,,,,,
1975-03-25,,8.03,,,,,,,
1975-03-26,,8.02,,,,,,,
1975-03-27,,8.08,,,,,,,
1975-03-28,,,,,,,,,
1975-03-31,,8.01,,,,,,,
1975-04-01,,8.08,,5.49,53.0,0.10187110187110182,8.8,0.0,
1975-04-02,,8.22,,,,,,,
1975-04-03,,8.13,,,,,,,
1975-04-04,,8.15,,,,,,,
1975-04-07,,8.26,,,,,,,
1975-04-08,,8.21,,,,,,,
1975-04-09,,8.17,,,,,,,
1975-04-10,,8.19,,,,,,,
1975-04-11,,8.22,,,,,,,
1975-04-14,,8.16,,,,,,,
1975-04-15,,8.16,,,,,,,
1975-04-16,,8.15,,,,,,,
1975-04-17,,8.21,,,,,,,
1975-04-18,,8.27,,,,,,,
1975-04-21,,8.32,,,,,,,
1975-04-22,,8.32,,,,,,,
1975-04-23,,8.27,,,,,,,
1975-04-24,,8.25,,,,,,,
1975-04-25,,8.25,,,,,,,
1975-04-28,,8.35,,,,,,,
1975-04-29,,8.34,,,,,,,
1975-04-30,,8.31,,,,,,,
1975-05-01,,8.31,,5.22,53.1,0.09259259259259256,9.0,0.0,
1975-05-02,,8.11,,,,,,,
1975-05-05,,8.08,,,,,,,
1975-05-06,,8.11,,,,,,,
1975-05-07,,8.07,,,,,,,
1975-05-08,,8.09,,,,,,,
1975-05-09,,8.08,,,,,,,
1975-05-12,,8.07,,,,,,,
1975-05-13,,8.06,,,,,,,
1975-05-14,,8.02,,,,,,,
1975-05-15,,8.02,,,,,,,
1975-05-16,,8.01,,,,,,,
1975-05-19,,8.0,,,,,,,
1975-05-20,,7.98,,,,,,,
1975-05-21,,7.98,,,,,,,
1975-05-22,,8.02,,,,,,,
1975-05-23,,8.02,,,,,,,
1975-05-26,,,,,,,,,
1975-05-27,,7.98,,,,,,,
1975-05-28,,8.02,,,,,,,
1975-05-29,,8.18,,,,,,,
1975-05-30,,8.04,,,,,,,
1975-06-01,,,,5.55,53.5,0.09183673469387754,8.8,0.0,
1975-06-02,,8.02,,,,,,,
1975-06-03,,8.0,,,,,,,
1975-06-04,,7.99,,,,,,,
1975-06-05,,7.97,,,,,,,
1975-06-06,,7.88,,,,,,,
1975-06-09,,7.78,,,,,,,
1975-06-10,,7.77,,,,,,,
1975-06-11,,7.65,,,,,,,
1975-06-12,,7.67,,,,,,,
1975-06-13,,7.69,,,,,,,
1975-06-16,,7.66,,,,,,,
1975-06-17,,7.72,,,,,,,
1975-06-18,,7.83,,,,,,,
1975-06-19,,7.8,,,,,,,
1975-06-20,,7.94,,,,,,,
1975-06-23,,7.9,,,,,,,
1975-06-24,,7.9,,,,,,,
1975-06-25,,8.02,,,,,,,
1975-06-26,,7.98,,,,,,,
1975-06-27,,7.95,,,,,,,
1975-06-30,,7.96,,,,,,,
1975-07-01,,7.97,,6.1,54.0,0.09533468559837743,8.6,0.0,
1975-07-02,,8.05,,,,,,,
1975-07-03,,8.05,,,,,,,
1975-07-04,,,,,,,,,
1975-07-07,,8.06,,,,,,,
1975-07-08,,8.01,,,,,,,
1975-07-09,,8.02,,,,,,,
1975-07-10,,8.02,,,,,,,
1975-07-11,,7.99,,,,,,,
1975-07-14,,7.99,,,,,,,
1975-07-15,,7.98,,,,,,,
1975-07-16,,8.03,,,,,,,
1975-07-17,,8.04,,,,,,,
1975-07-18,,8.06,,,,,,,
1975-07-21,,8.07,,,,,,,
1975-07-22,,8.1,,,,,,,
1975-07-23,,8.09,,,,,,,
1975-07-24,,8.09,,,,,,,
1975-07-25,,8.12,,,,,,,
1975-07-28,,8.12,,,,,,,
1975-07-29,,8.13,,,,,,,
1975-07-30,,8.16,,,,,,,
1975-07-31,,8.2,,,,,,,
1975-08-01,,8.26,,6.14,54.2,0.08617234468937895,8.4,0.0,
1975-08-04,,8.37,,,,,,,
1975-08-05,,8.37,,,,,,,
1975-08-06,,8.4,,,,,,,
1975-08-07,,8.48,,,,,,,
1975-08-08,,8.4,,,,,,,
1975-08-11,,8.38,,,,,,,
1975-08-12,,8.4,,,,,,,
1975-08-13,,8.39,,,,,,,
1975-08-14,,8.45,,,,,,,
1975-08-15,,8.48,,,,,,,
1975-08-18,,8.46,,,,,,,
1975-08-19,,8.42,,,,,,,
1975-08-20,,8.42,,,,,,,
1975-08-21,,8.48,,,,,,,
1975-08-22,,8.46,,,,,,,
1975-08-25,,8.46,,,,,,,
1975-08-26,,8.4,,,,,,,
1975-08-27,,8.37,,,,,,,
1975-08-28,,8.28,,,,,,,
1975-08-29,,8.22,,,,,,,
1975-09-01,,,,6.24,54.6,0.07905138339920947,8.4,0.0,
1975-09-02,,8.26,,,,,,,
1975-09-03,,8.29,,,,,,,
1975-09-04,,8.29,,,,,,,
1975-09-05,,8.35,,,,,,,
1975-09-08,,8.36,,,,,,,
1975-09-09,,8.4,,,,,,,
1975-09-10,,8.46,,,,,,,
1975-09-11,,8.55,,,,,,,
1975-09-12,,8.57,,,,,,,
1975-09-15,,8.58,,,,,,,
1975-09-16,,8.59,,,,,,,
1975-09-17,,8.53,,,,,,,
1975-09-18,,8.5,,,,,,,
1975-09-19,,8.42,,,,,,,
1975-09-22,,8.38,,,,,,,
1975-09-23,,8.35,,,,,,,
1975-09-24,,8.31,,,,,,,
1975-09-25,,8.38,,,,,,,
1975-09-26,,8.45,,,,,,,
1975-09-29,,8.46,,,,,,,
1975-09-30,,8.48,,,,,,,
1975-10-01,,8.47,,5.82,54.9,0.07647058823529407,8.4,0.0,
1975-10-02,,8.44,,,,,,,
1975-10-03,,8.33,,,,,,,
1975-10-06,,8.3,,,,,,,
1975-10-07,,8.33,,,,,,,
1975-10-08,,8.3,,,,,,,
1975-10-09,,8.23,,,,,,,
1975-10-10,,8.15,,,,,,,
1975-10-13,,,,,,,,,
1975-10-14,,8.19,,,,,,,
1975-10-15,,8.19,,,,,,,
1975-10-16,,8.07,,,,,,,
1975-10-17,,8.07,,,,,,,
1975-10-20,,8.07,,,,,,,
1975-10-21,,8.05,,,,,,,
1975-10-22,,8.05,,,,,,,
1975-10-23,,7.99,,,,,,,
1975-10-24,,8.0,,,,,,,
1975-10-27,,8.0,,,,,,,
1975-10-28,,7.99,,,,,,,
1975-10-29,,7.98,,,,,,,
1975-10-30,,7.92,,,,,,,
1975-10-31,,7.91,,,,,,,
1975-11-01,,,,5.22,55.3,0.0737864077669903,8.3,0.0,
1975-11-03,,7.97,,,,,,,
1975-11-04,,,,,,,,,
1975-11-05,,7.91,,,,,,,
1975-11-06,,7.94,,,,,,,
1975-11-07,,7.91,,,,,,,
1975-11-10,,7.9,,,,,,,
1975-11-11,,,,,,,,,
1975-11-12,,7.95,,,,,,,
1975-11-13,,7.97,,,,,,,
1975-11-14,,8.06,,,,,,,
1975-11-17,,8.08,,,,,,,
1975-11-18,,8.13,,,,,,,
1975-11-19,,8.14,,,,,,,
1975-11-20,,8.12,,,,,,,
1975-11-21,,8.21,,,,,,,
1975-11-24,,8.16,,,,,,,
1975-11-25,,8.16,,,,,,,
1975-11-26,,8.15,,,,,,,
1975-11-27,,,,,,,,,
1975-11-28,,8.14,,,,,,,
1975-12-01,,8.12,,5.2,55.6,0.07129094412331405,8.2,0.0,
1975-12-02,,8.1,,,,,,,
1975-12-03,,8.1,,,,,,,
1975-12-04,,8.15,,,,,,,
1975-12-05,,8.13,,,,,,,
1975-12-08,,8.19,,,,,,,
1975-12-09,,8.23,,,,,,,
1975-12-10,,8.23,,,,,,,
1975-12-11,,8.16,,,,,,,
1975-12-12,,8.12,,,,,,,
1975-12-15,,8.06,,,,,,,
1975-12-16,,8.0,,,,,,,
1975-12-17,,7.95,,,,,,,
1975-12-18,,7.96,,,,,,,
1975-12-19,,7.88,,,,,,,
1975-12-22,,7.87,,,,,,,
1975-12-23,,7.87,,,,,,,
1975-12-24,,7.82,,,,,,,
1975-12-25,,,,,,,,,
1975-12-26,,7.75,,,,,,,
1975-12-29,,7.75,,,,,,,
1975-12-30,,7.73,,,,,,,
1975-12-31,,7.76,,,,,,,
1976-01-01,,,,4.87,55.8,0.06692160611854692,7.9,0.0,
1976-01-02,,7.77,,,,,,,
1976-01-05,,7.74,,,,,,,
1976-01-06,,7.64,,,,,,,
1976-01-07,,7.69,,,,,,,
1976-01-08,,7.74,,,,,,,
1976-01-09,,7.64,,,,,,,
1976-01-12,,7.63,,,,,,,
1976-01-13,,7.64,,,,,,,
1976-01-14,,7.71,,,,,,,
1976-01-15,,7.73,,,,,,,
1976-01-16,,7.79,,,,,,,
1976-01-19,,7.76,,,,,,,
1976-01-20,,7.71,,,,,,,
1976-01-21,,7.78,,,,,,,
1976-01-22,,7.8,,,,,,,
1976-01-23,,7.78,,,,,,,
1976-01-26,,7.79,,,,,,,
1976-01-27,,7.8,,,,,,,
1976-01-28,,7.83,,,,,,,
1976-01-29,,7.82,,,,,,,
1976-01-30,,7.8,,,,,,,
1976-02-01,,,,4.77,55.9,0.06273764258555126,7.7,0.0,
1976-02-02,,7.8,,,,,,,
1976-02-03,,7.82,,,,,,,
1976-02-04,,7.85,,,,,,,
1976-02-05,,7.83,,,,,,,
1976-02-06,,7.88,,,,,,,
1976-02-09,,7.86,,,,,,,
1976-02-10,,7.88,,,,,,,
1976-02-11,,7.85,,,,,,,
1976-02-12,,,,,,,,,
1976-02-13,,7.82,,,,,,,
1976-02-16,,,,,,,,,
1976-02-17,,7.78,,,,,,,
1976-02-18,,7.79,,,,,,,
1976-02-19,,7.8,,,,,,,
1976-02-20,,7.77,,,,,,,
1976-02-23,,7.72,,,,,,,
1976-02-24,,7.69,,,,,,,
1976-02-25,,7.68,,,,,,,
1976-02-26,,7.68,,,,,,,
1976-02-27,,7.77,,,,,,,
1976-03-01,,7.86,,4.84,56.0,0.06060606060606055,7.6,0.0,
1976-03-02,,7.82,,,,,,,
1976-03-03,,7.82,,,,,,,
1976-03-04,,7.85,,,,,,,
1976-03-05,,7.8,,,,,,,
1976-03-08,,7.76,,,,,,,
1976-03-09,,7.78,,,,,,,
1976-03-10,,7.76,,,,,,,
1976-03-11,,7.77,,,,,,,
1976-03-12,,7.71,,,,,,,
1976-03-15,,7.74,,,,,,,
1976-03-16,,7.76,,,,,,,
1976-03-17,,7.76,,,,,,,
1976-03-18,,7.73,,,,,,,
1976-03-19,,7.74,,,,,,,
1976-03-22,,7.68,,,,,,,
1976-03-23,,7.67,,,,,,,
1976-03-24,,7.65,,,,,,,
1976-03-25,,7.64,,,,,,,
1976-03-26,,7.64,,,,,,,
1976-03-29,,7.64,,,,,,,
1976-03-30,,7.65,,,,,,,
1976-03-31,,7.66,,,,,,,
1976-04-01,,7.68,,4.82,56.1,0.05849056603773595,7.7,0.0,
1976-04-02,,7.67,,,,,,,
1976-04-05,,7.62,,,,,,,
1976-04-06,,7.59,,,,,,,
1976-04-07,,7.56,,,,,,,
1976-04-08,,7.55,,,,,,,
1976-04-09,,7.52,,,,,,,
1976-04-12,,7.52,,,,,,,
1976-04-13,,7.5,,,,,,,
1976-04-14,,7.47,,,,,,,
1976-04-15,,7.47,,,,,,,
1976-04-16,,,,,,,,,
1976-04-19,,7.51,,,,,,,
1976-04-20,,7.5,,,,,,,
1976-04-21,,7.47,,,,,,,
1976-04-22,,7.52,,,,,,,
1976-04-23,,7.59,,,,,,,
1976-04-26,,7.61,,,,,,,
1976-04-27,,7.62,,,,,,,
1976-04-28,,7.6,,,,,,,
1976-04-29,,7.61,,,,,,,
1976-04-30,,7.67,,,,,,,
1976-05-01,,,,5.29,56.4,0.062146892655367214,7.4,0.0,
1976-05-03,,7.69,,,,,,,
1976-05-04,,7.66,,,,,,,
1976-05-05,,7.68,,,,,,,
1976-05-06,,7.78,,,,,,,
1976-05-07,,7.87,,,,,,,
1976-05-10,,7.92,,,,,,,
1976-05-11,,7.92,,,,,,,
1976-05-12,,7.94,,,,,,,
1976-05-13,,7.92,,,,,,,
1976-05-14,,7.93,,,,,,,
1976-05-17,,7.94,,,,,,,
1976-05-18,,7.94,,,,,,,
1976-05-19,,7.94,,,,,,,
1976-05-20,,7.95,,,,,,,
1976-05-21,,8.0,,,,,,,
1976-05-24,,7.98,,,,,,,
1976-05-25,,7.94,,,,,,,
1976-05-26,,7.95,,,,,,,
1976-05-27,,7.99,,,,,,,
1976-05-28,,7.96,,,,,,,
1976-05-31,,,,,,,,,
1976-06-01,,7.94,7.26,5.48,56.7,0.059813084112149584,7.6,0.0,0.6800000000000006
1976-06-02,,7.94,7.23,,,,,,0.71
1976-06-03,,7.92,7.22,,,,,,0.7000000000000002
1976-06-04,,7.89,7.12,,,,,,0.7699999999999996
1976-06-07,,7.88,7.09,,,,,,0.79
1976-06-08,,7.9,7.11,,,,,,0.79
1976-06-09,,7.9,7.08,,,,,,0.8200000000000003
1976-06-10,,7.86,7.0,,,,,,0.8600000000000003
1976-06-11,,7.86,7.03,,,,,,0.8300000000000001
1976-06-14,,7.84,7.01,,,,,,0.8300000000000001
1976-06-15,,7.85,7.02,,,,,,0.8300000000000001
1976-06-16,,7.87,7.06,,,,,,0.8100000000000005
1976-06-17,,7.85,7.06,,,,,,0.79
1976-06-18,,7.81,6.99,,,,,,0.8199999999999994
1976-06-21,,7.8,6.95,,,,,,0.8499999999999996
1976-06-22,,7.81,7.01,,,,,,0.7999999999999998
1976-06-23,,7.81,7.01,,,,,,0.7999999999999998
1976-06-24,,7.81,6.99,,,,,,0.8199999999999994
1976-06-25,,7.83,7.02,,,,,,0.8100000000000005
1976-06-28,,7.86,7.02,,,,,,0.8400000000000007
1976-06-29,,7.86,7.02,,,,,,0.8400000000000007
1976-06-30,,7.86,7.02,,,,,,0.8400000000000007
1976-07-01,,7.88,7.02,5.31,57.0,0.05555555555555558,7.8,0.0,0.8600000000000003
1976-07-02,,7.84,6.99,,,,,,0.8499999999999996
1976-07-05,,,,,,,,,
1976-07-06,,7.82,6.96,,,,,,0.8600000000000003
1976-07-07,,7.84,6.99,,,,,,0.8499999999999996
1976-07-08,,7.82,6.92,,,,,,0.9000000000000004
1976-07-09,,7.78,6.77,,,,,,1.0100000000000007
1976-07-12,,7.76,6.72,,,,,,1.04
1976-07-13,,7.77,6.74,,,,,,1.0299999999999994
1976-07-14,,7.79,6.76,,,,,,1.0300000000000002
1976-07-15,,7.77,6.72,,,,,,1.0499999999999998
1976-07-16,,7.83,6.85,,,,,,0.9800000000000004
1976-07-19,,7.86,6.89,,,,,,0.9700000000000006
1976-07-20,,7.87,6.91,,,,,,0.96
1976-07-21,,7.86,6.9,,,,,,0.96
1976-07-22,,7.86,6.91,,,,,,0.9500000000000002
1976-07-23,,7.84,6.9,,,,,,0.9399999999999995
1976-07-26,,7.87,6.86,,,,,,1.0099999999999998
1976-07-27,,7.85,6.76,,,,,,1.0899999999999999
1976-07-28,,7.85,6.79,,,,,,1.0599999999999996
1976-07-29,,7.85,6.75,,,,,,1.0999999999999996
1976-07-30,,7.86,6.74,,,,,,1.12
1976-08-01,,,,5.29,57.3,0.05719557195571956,7.8,0.0,
1976-08-02,,7.85,6.75,,,,,,1.0999999999999996
1976-08-03,,7.82,6.72,,,,,,1.1000000000000005
1976-08-04,,7.81,6.73,,,,,,1.0799999999999992
1976-08-05,,7.82,6.74,,,,,,1.08
1976-08-06,,7.84,6.71,,,,,,1.13
1976-08-09,,7.84,6.68,,,,,,1.1600000000000001
1976-08-10,,7.84,6.68,,,,,,1.1600000000000001
1976-08-11,,7.82,6.66,,,,,,1.1600000000000001
1976-08-12,,7.81,6.64,,,,,,1.17
1976-08-13,,7.78,6.6,,,,,,1.1800000000000006
1976-08-16,,7.74,6.57,,,,,,1.17
1976-08-17,,7.75,6.57,,,,,,1.1799999999999997
1976-08-18,,7.76,6.59,,,,,,1.17
1976-08-19,,7.76,6.61,,,,,,1.1499999999999995
1976-08-20,,7.76,6.68,,,,,,1.08
1976-08-23,,7.73,6.62,,,,,,1.1100000000000003
1976-08-24,,7.72,6.6,,,,,,1.12
1976-08-25,,7.69,6.53,,,,,,1.1600000000000001
1976-08-26,,7.68,6.54,,,,,,1.1399999999999997
1976-08-27,,7.72,6.6,,,,,,1.12
1976-08-30,,7.71,6.57,,,,,,1.1399999999999997
1976-08-31,,7.66,6.5,,,,,,1.1600000000000001
1976-09-01,,7.64,6.5,5.25,57.6,0.05494505494505497,7.6,0.0,1.1399999999999997
1976-09-02,,7.67,6.54,,,,,,1.13
1976-09-03,,7.65,6.52,,,,,,1.1300000000000008
1976-09-06,,,,,,,,,
1976-09-07,,7.64,6.46,,,,,,1.1799999999999997
1976-09-08,,7.64,6.44,,,,,,1.1999999999999993
1976-09-09,,7.66,6.49,,,,,,1.17
1976-09-10,,7.64,6.46,,,,,,1.1799999999999997
1976-09-13,,7.64,6.47,,,,,,1.17
1976-09-14,,7.64,6.49,,,,,,1.1499999999999995
1976-09-15,,7.62,6.45,,,,,,1.17
1976-09-16,,7.6,6.41,,,,,,1.1899999999999995
1976-09-17,,7.49,6.26,,,,,,1.2300000000000004
1976-09-20,,7.52,6.34,,,,,,1.1799999999999997
1976-09-21,,7.51,6.3,,,,,,1.21
1976-09-22,,7.53,6.36,,,,,,1.17
1976-09-23,,7.54,6.35,,,,,,1.1900000000000004
1976-09-24,,7.58,6.44,,,,,,1.1399999999999997
1976-09-27,,7.6,6.41,,,,,,1.1899999999999995
1976-09-28,,7.56,6.36,,,,,,1.1999999999999993
1976-09-29,,7.56,6.36,,,,,,1.1999999999999993
1976-09-30,,7.55,6.33,,,,,,1.2199999999999998
1976-10-01,,7.49,6.24,5.02,57.9,0.05464480874316946,7.7,0.0,1.25
1976-10-04,,7.46,6.19,,,,,,1.2699999999999996
1976-10-05,,7.47,6.19,,,,,,1.2799999999999994
1976-10-06,,7.44,6.11,,,,,,1.33
1976-10-07,,7.43,6.09,,,,,,1.3399999999999999
1976-10-08,,7.38,5.87,,,,,,1.5099999999999998
1976-10-11,,,,,,,,,
1976-10-12,,7.35,5.8,,,,,,1.5499999999999998
1976-10-13,,7.35,5.82,,,,,,1.5299999999999994
1976-10-14,,7.34,5.81,,,,,,1.5300000000000002
1976-10-15,,7.31,5.75,,,,,,1.5599999999999996
1976-10-18,,7.31,5.77,,,,,,1.54
1976-10-19,,7.35,5.85,,,,,,1.5
1976-10-20,,7.38,5.95,,,,,,1.4299999999999997
1976-10-21,,7.39,5.98,,,,,,1.4099999999999993
1976-10-22,,7.48,6.07,,,,,,1.4100000000000001
1976-10-25,,7.53,6.11,,,,,,1.42
1976-10-26,,7.48,6.05,,,,,,1.4300000000000006
1976-10-27,,7.45,6.01,,,,,,1.4400000000000004
1976-10-28,,7.41,5.99,,,,,,1.42
1976-10-29,,7.42,6.03,,,,,,1.3899999999999997
1976-11-01,,7.38,6.03,4.95,58.1,0.05063291139240511,7.8,0.0,1.3499999999999996
1976-11-02,,,,,,,,,
1976-11-03,,7.44,6.07,,,,,,1.37
1976-11-04,,7.38,5.95,,,,,,1.4299999999999997
1976-11-05,,7.41,6.01,,,,,,1.4000000000000004
1976-11-08,,7.46,6.04,,,,,,1.42
1976-11-09,,7.46,6.07,,,,,,1.3899999999999997
1976-11-10,,7.45,6.03,,,,,,1.42
1976-11-11,,,,,,,,,
1976-11-12,,7.43,6.01,,,,,,1.42
1976-11-15,,7.41,6.0,,,,,,1.4100000000000001
1976-11-16,,7.33,5.86,,,,,,1.4699999999999998
1976-11-17,,7.32,5.82,,,,,,1.5
1976-11-18,,7.33,5.83,,,,,,1.5
1976-11-19,,7.24,5.67,,,,,,1.5700000000000003
1976-11-22,,7.17,5.56,,,,,,1.6100000000000003
1976-11-23,,7.16,5.59,,,,,,1.5700000000000003
1976-11-24,,7.14,5.56,,,,,,1.58
1976-11-25,,,,,,,,,
1976-11-26,,6.99,5.41,,,,,,1.58
1976-11-29,,7.02,5.46,,,,,,1.5599999999999996
1976-11-30,,7.01,5.42,,,,,,1.5899999999999999
1976-12-01,,6.97,5.4,4.65,58.4,0.050359712230215736,7.8,0.0,1.5699999999999994
1976-12-02,,6.92,5.34,,,,,,1.58
1976-12-03,,6.86,5.31,,,,,,1.5500000000000007
1976-12-06,,6.87,5.37,,,,,,1.5
1976-12-07,,6.88,5.41,,,,,,1.4699999999999998
1976-12-08,,6.91,5.43,,,,,,1.4800000000000004
1976-12-09,,6.92,5.44,,,,,,1.4799999999999995
1976-12-10,,6.82,5.31,,,,,,1.5100000000000007
1976-12-13,,6.9,5.43,,,,,,1.4700000000000006
1976-12-14,,6.89,5.39,,,,,,1.5
1976-12-15,,6.88,5.38,,,,,,1.5
1976-12-16,,6.88,5.4,,,,,,1.4799999999999995
1976-12-17,,6.88,5.4,,,,,,1.4799999999999995
1976-12-20,,6.84,5.34,,,,,,1.5
1976-12-21,,6.85,5.37,,,,,,1.4799999999999995
1976-12-22,,6.86,5.34,,,,,,1.5200000000000005
1976-12-23,,6.84,5.36,,,,,,1.4799999999999995
1976-12-24,,,,,,,,,
1976-12-27,,6.84,5.37,,,,,,1.4699999999999998
1976-12-28,,6.86,5.39,,,,,,1.4700000000000006
1976-12-29,,6.84,5.39,,,,,,1.4500000000000002
1976-12-30,,6.8,5.38,,,,,,1.42
1976-12-31,,6.81,5.34,,,,,,1.4699999999999998
1977-01-01,,,,4.61,58.7,0.051971326164874654,7.5,0.0,
1977-01-03,,6.84,5.42,,,,,,1.42
1977-01-04,,6.9,5.5,,,,,,1.4000000000000004
1977-01-05,,6.88,5.48,,,,,,1.3999999999999995
1977-01-06,,6.93,5.57,,,,,,1.3599999999999994
1977-01-07,,7.07,5.68,,,,,,1.3900000000000006
1977-01-10,,7.2,5.79,,,,,,1.4100000000000001
1977-01-11,,7.28,5.87,,,,,,1.4100000000000001
1977-01-12,,7.26,5.84,,,,,,1.42
1977-01-13,,7.18,5.79,,,,,,1.3899999999999997
1977-01-14,,7.28,5.96,,,,,,1.3200000000000003
1977-01-17,,7.28,5.98,,,,,,1.2999999999999998
1977-01-18,,7.34,6.04,,,,,,1.2999999999999998
1977-01-19,,7.28,6.02,,,,,,1.2600000000000007
1977-01-20,,7.26,6.01,,,,,,1.25
1977-01-21,,7.28,6.02,,,,,,1.2600000000000007
1977-01-24,,7.34,6.09,,,,,,1.25
1977-01-25,,7.32,6.08,,,,,,1.2400000000000002
1977-01-26,,7.33,6.09,,,,,,1.2400000000000002
1977-01-27,,7.43,6.26,,,,,,1.17
1977-01-28,,7.4,6.22,,,,,,1.1800000000000006
1977-01-31,,7.4,6.18,,,,,,1.2200000000000006
1977-02-01,,7.41,6.2,4.68,59.3,0.06082289803220031,7.6,0.0,1.21
1977-02-02,,7.47,6.28,,,,,,1.1899999999999995
1977-02-03,,7.46,6.2,,,,,,1.2599999999999998
1977-02-04,,7.28,6.03,,,,,,1.25
1977-02-07,,7.34,6.04,,,,,,1.2999999999999998
1977-02-08,,7.35,6.06,,,,,,1.29
1977-02-09,,7.34,6.01,,,,,,1.33
1977-02-10,,7.34,6.04,,,,,,1.2999999999999998
1977-02-11,,7.36,6.02,,,,,,1.3400000000000007
1977-02-14,,7.38,6.06,,,,,,1.3200000000000003
1977-02-15,,7.36,6.04,,,,,,1.3200000000000003
1977-02-16,,7.34,6.02,,,,,,1.3200000000000003
1977-02-17,,7.26,5.99,,,,,,1.2699999999999996
1977-02-18,,7.41,6.06,,,,,,1.3500000000000005
1977-02-21,,,,,,,,,
1977-02-22,,7.42,6.09,,,,,,1.33
1977-02-23,,7.48,6.12,,,,,,1.3600000000000003
1977-02-24,,7.5,6.2,,,,,,1.2999999999999998
1977-02-25,,7.48,6.14,,,,,,1.3400000000000007
1977-02-28,,7.45,6.08,,,,,,1.37
1977-03-01,,7.49,6.16,4.69,59.6,0.06428571428571428,7.4,0.0,1.33
1977-03-02,,7.45,6.12,,,,,,1.33
1977-03-03,,7.43,6.08,,,,,,1.3499999999999996
1977-03-04,,7.48,6.1,,,,,,1.3800000000000008
1977-03-07,,7.5,6.12,,,,,,1.38
1977-03-08,,7.52,6.14,,,,,,1.38
1977-03-09,,7.5,6.12,,,,,,1.38
1977-03-10,,7.49,6.11,,,,,,1.38
1977-03-11,,7.44,6.09,,,,,,1.3500000000000005
1977-03-14,,7.45,6.06,,,,,,1.3900000000000006
1977-03-15,,7.44,6.06,,,,,,1.3800000000000008
1977-03-16,,7.44,6.08,,,,,,1.3600000000000003
1977-03-17,,7.47,6.14,,,,,,1.33
1977-03-18,,7.44,6.08,,,,,,1.3600000000000003
1977-03-21,,7.43,6.03,,,,,,1.3999999999999995
1977-03-22,,7.43,6.04,,,,,,1.3899999999999997
1977-03-23,,7.44,6.04,,,,,,1.4000000000000004
1977-03-24,,7.46,6.07,,,,,,1.3899999999999997
1977-03-25,,7.48,6.1,,,,,,1.3800000000000008
1977-03-28,,7.47,6.11,,,,,,1.3599999999999994
1977-03-29,,7.47,6.08,,,,,,1.3899999999999997
1977-03-30,,7.44,6.05,,,,,,1.3900000000000006
1977-03-31,,7.42,6.01,,,,,,1.4100000000000001
1977-04-01,,7.43,6.02,4.73,60.0,0.06951871657754016,7.2,0.0,1.4100000000000001
1977-04-04,,7.44,6.03,,,,,,1.4100000000000001
1977-04-05,,7.47,6.01,,,,,,1.46
1977-04-06,,7.46,6.04,,,,,,1.42
1977-04-07,,7.43,6.02,,,,,,1.4100000000000001
1977-04-08,,,,,,,,,
1977-04-11,,7.39,5.96,,,,,,1.4299999999999997
1977-04-12,,7.39,5.98,,,,,,1.4099999999999993
1977-04-13,,7.36,5.96,,,,,,1.4000000000000004
1977-04-14,,7.22,5.73,,,,,,1.4899999999999993
1977-04-15,,7.25,5.78,,,,,,1.4699999999999998
1977-04-18,,7.25,5.8,,,,,,1.4500000000000002
1977-04-19,,7.3,5.87,,,,,,1.4299999999999997
1977-04-20,,7.32,5.95,,,,,,1.37
1977-04-21,,7.33,5.94,,,,,,1.3899999999999997
1977-04-22,,7.36,5.99,,,,,,1.37
1977-04-25,,7.4,6.01,,,,,,1.3900000000000006
1977-04-26,,7.38,6.0,,,,,,1.38
1977-04-27,,7.38,6.01,,,,,,1.37
1977-04-28,,7.4,6.03,,,,,,1.37
1977-04-29,,7.45,6.14,,,,,,1.3100000000000005
1977-05-01,,,,5.35,60.2,0.06737588652482285,7.0,0.0,
1977-05-02,,7.45,6.15,,,,,,1.2999999999999998
1977-05-03,,7.44,6.15,,,,,,1.29
1977-05-04,,7.45,6.11,,,,,,1.3399999999999999
1977-05-05,,7.47,6.16,,,,,,1.3099999999999996
1977-05-06,,7.5,6.24,,,,,,1.2599999999999998
1977-05-09,,7.5,6.25,,,,,,1.25
1977-05-10,,7.52,6.27,,,,,,1.25
1977-05-11,,7.52,6.34,,,,,,1.1799999999999997
1977-05-12,,7.5,6.32,,,,,,1.1799999999999997
1977-05-13,,7.48,6.28,,,,,,1.2000000000000002
1977-05-16,,7.46,6.26,,,,,,1.2000000000000002
1977-05-17,,7.45,6.25,,,,,,1.2000000000000002
1977-05-18,,7.43,6.24,,,,,,1.1899999999999995
1977-05-19,,7.49,6.37,,,,,,1.12
1977-05-20,,7.49,6.43,,,,,,1.0600000000000005
1977-05-23,,7.46,6.38,,,,,,1.08
1977-05-24,,7.41,6.3,,,,,,1.1100000000000003
1977-05-25,,7.39,6.23,,,,,,1.1599999999999993
1977-05-26,,7.42,6.24,,,,,,1.1799999999999997
1977-05-27,,7.38,6.2,,,,,,1.1799999999999997
1977-05-30,,,,,,,,,
1977-05-31,,7.38,6.18,,,,,,1.2000000000000002
1977-06-01,,7.38,6.24,5.39,60.5,0.06701940035273357,7.2,0.0,1.1399999999999997
1977-06-02,,7.39,6.2,,,,,,1.1899999999999995
1977-06-03,,7.36,6.19,,,,,,1.17
1977-06-06,,7.37,6.18,,,,,,1.1900000000000004
1977-06-07,,7.36,6.17,,,,,,1.1900000000000004
1977-06-08,,7.36,6.15,,,,,,1.21
1977-06-09,,7.35,6.16,,,,,,1.1899999999999995
1977-06-10,,7.3,6.15,,,,,,1.1499999999999995
1977-06-13,,7.27,6.13,,,,,,1.1399999999999997
1977-06-14,,7.22,6.08,,,,,,1.1399999999999997
1977-06-15,,7.23,6.11,,,,,,1.12
1977-06-16,,7.24,6.12,,,,,,1.12
1977-06-17,,7.24,6.1,,,,,,1.1400000000000006
1977-06-20,,7.27,6.11,,,,,,1.1599999999999993
1977-06-21,,7.26,6.12,,,,,,1.1399999999999997
1977-06-22,,7.25,6.12,,,,,,1.13
1977-06-23,,7.26,6.12,,,,,,1.1399999999999997
1977-06-24,,7.2,6.1,,,,,,1.1000000000000005
1977-06-27,,7.2,6.06,,,,,,1.1400000000000006
1977-06-28,,7.16,6.06,,,,,,1.1000000000000005
1977-06-29,,7.19,6.05,,,,,,1.1400000000000006
1977-06-30,,7.2,6.08,,,,,,1.12
1977-07-01,,7.34,6.12,5.42,60.8,0.06666666666666665,6.9,0.0,1.2199999999999998
1977-07-04,,,,,,,,,
1977-07-05,,7.35,6.12,,,,,,1.2299999999999995
1977-07-06,,7.37,6.14,,,,,,1.2300000000000004
1977-07-07,,7.29,6.15,,,,,,1.1399999999999997
1977-07-08,,7.31,6.19,,,,,,1.1199999999999992
1977-07-11,,7.33,6.22,,,,,,1.1100000000000003
1977-07-12,,7.32,6.22,,,,,,1.1000000000000005
1977-07-13,,7.28,6.19,,,,,,1.0899999999999999
1977-07-14,,,,,,,,,
1977-07-15,,7.31,6.26,,,,,,1.0499999999999998
1977-07-18,,7.34,6.3,,,,,,1.04
1977-07-19,,7.33,6.31,,,,,,1.0200000000000005
1977-07-20,,7.32,6.35,,,,,,0.9700000000000006
1977-07-21,,7.32,6.38,,,,,,0.9400000000000004
1977-07-22,,7.31,6.35,,,,,,0.96
1977-07-25,,7.28,6.29,,,,,,0.9900000000000002
1977-07-26,,7.28,6.28,,,,,,1.0
1977-07-27,,7.36,6.37,,,,,,0.9900000000000002
1977-07-28,,7.41,6.48,,,,,,0.9299999999999997
1977-07-29,,7.42,6.5,,,,,,0.9199999999999999
1977-08-01,,7.43,6.49,5.9,61.1,0.06631762652705064,7.0,0.0,0.9399999999999995
1977-08-02,,7.44,6.54,,,,,,0.9000000000000004
1977-08-03,,7.42,6.53,,,,,,0.8899999999999997
1977-08-04,,7.43,6.52,,,,,,0.9100000000000001
1977-08-05,,7.42,6.53,,,,,,0.8899999999999997
1977-08-08,,7.41,6.52,,,,,,0.8900000000000006
1977-08-09,,7.45,6.58,,,,,,0.8700000000000001
1977-08-10,,7.46,6.59,,,,,,0.8700000000000001
1977-08-11,,7.47,6.64,,,,,,0.8300000000000001
1977-08-12,,7.48,6.68,,,,,,0.8000000000000007
1977-08-15,,7.48,6.71,,,,,,0.7700000000000005
1977-08-16,,7.48,6.74,,,,,,0.7400000000000002
1977-08-17,,7.44,6.72,,,,,,0.7200000000000006
1977-08-18,,7.42,6.68,,,,,,0.7400000000000002
1977-08-19,,7.4,6.67,,,,,,0.7300000000000004
1977-08-22,,7.39,6.66,,,,,,0.7299999999999995
1977-08-23,,7.36,6.64,,,,,,0.7200000000000006
1977-08-24,,7.35,6.67,,,,,,0.6799999999999997
1977-08-25,,7.32,6.62,,,,,,0.7000000000000002
1977-08-26,,7.27,6.62,,,,,,0.6499999999999995
1977-08-29,,7.25,6.56,,,,,,0.6900000000000004
1977-08-30,,7.27,6.56,,,,,,0.71
1977-08-31,,7.28,6.59,,,,,,0.6900000000000004
1977-09-01,,7.3,6.57,6.14,61.3,0.06423611111111094,6.8,0.0,0.7299999999999995
1977-09-02,,7.24,6.53,,,,,,0.71
1977-09-05,,,,,,,,,
1977-09-06,,7.24,6.52,,,,,,0.7200000000000006
1977-09-07,,7.26,6.54,,,,,,0.7199999999999998
1977-09-08,,7.28,6.54,,,,,,0.7400000000000002
1977-09-09,,7.36,6.76,,,,,,0.6000000000000005
1977-09-12,,7.38,6.78,,,,,,0.5999999999999996
1977-09-13,,7.37,6.75,,,,,,0.6200000000000001
1977-09-14,,7.34,6.74,,,,,,0.5999999999999996
1977-09-15,,7.33,6.7,,,,,,0.6299999999999999
1977-09-16,,7.32,6.68,,,,,,0.6400000000000006
1977-09-19,,7.32,6.66,,,,,,0.6600000000000001
1977-09-20,,7.36,6.7,,,,,,0.6600000000000001
1977-09-21,,7.36,6.71,,,,,,0.6500000000000004
1977-09-22,,7.39,6.85,,,,,,0.54
1977-09-23,,7.39,6.86,,,,,,0.5299999999999994
1977-09-26,,7.42,6.89,,,,,,0.5300000000000002
1977-09-27,,7.38,6.8,,,,,,0.5800000000000001
1977-09-28,,7.38,6.81,,,,,,0.5700000000000003
1977-09-29,,7.39,6.79,,,,,,0.5999999999999996
1977-09-30,,7.41,6.82,,,,,,0.5899999999999999
1977-10-01,,,,6.47,61.6,0.06390328151986191,6.8,0.0,
1977-10-03,,7.41,6.84,,,,,,0.5700000000000003
1977-10-04,,7.4,6.84,,,,,,0.5600000000000005
1977-10-05,,7.4,6.86,,,,,,0.54
1977-10-06,,7.44,6.89,,,,,,0.5500000000000007
1977-10-07,,7.48,6.96,,,,,,0.5200000000000005
1977-10-10,,,,,,,,,
1977-10-11,,7.54,7.06,,,,,,0.4800000000000004
1977-10-12,,7.54,7.14,,,,,,0.40000000000000036
1977-10-13,,7.54,7.19,,,,,,0.34999999999999964
1977-10-14,,7.54,7.17,,,,,,0.3700000000000001
1977-10-17,,7.55,7.22,,,,,,0.33000000000000007
1977-10-18,,7.55,7.23,,,,,,0.3199999999999994
1977-10-19,,7.54,7.22,,,,,,0.3200000000000003
1977-10-20,,7.54,7.2,,,,,,0.33999999999999986
1977-10-21,,7.55,7.22,,,,,,0.33000000000000007
1977-10-24,,7.56,7.2,,,,,,0.35999999999999943
1977-10-25,,7.58,7.2,,,,,,0.3799999999999999
1977-10-26,,7.57,7.17,,,,,,0.40000000000000036
1977-10-27,,7.56,7.14,,,,,,0.41999999999999993
1977-10-28,,7.56,7.14,,,,,,0.41999999999999993
1977-10-31,,7.62,7.23,,,,,,0.3899999999999997
1977-11-01,,7.63,7.23,6.51,62.0,0.06712564543889843,6.8,0.0,0.39999999999999947
1977-11-02,,7.69,7.24,,,,,,0.4500000000000002
1977-11-03,,7.68,7.22,,,,,,0.45999999999999996
1977-11-04,,7.64,7.2,,,,,,0.4399999999999995
1977-11-07,,7.62,7.17,,,,,,0.4500000000000002
1977-11-08,,,,,,,,,
1977-11-09,,7.6,7.16,,,,,,0.4399999999999995
1977-11-10,,7.59,7.15,,,,,,0.4399999999999995
1977-11-11,,,,,,,,,
1977-11-14,,7.56,7.1,,,,,,0.45999999999999996
1977-11-15,,7.56,7.11,,,,,,0.4499999999999993
1977-11-16,,7.55,7.12,,,,,,0.4299999999999997
1977-11-17,,7.54,7.1,,,,,,0.4400000000000004
1977-11-18,,7.54,7.11,,,,,,0.4299999999999997
1977-11-21,,7.56,7.12,,,,,,0.4399999999999995
1977-11-22,,7.54,7.14,,,,,,0.40000000000000036
1977-11-23,,7.52,7.11,,,,,,0.40999999999999925
1977-11-24,,,,,,,,,
1977-11-25,,7.52,7.1,,,,,,0.41999999999999993
1977-11-28,,7.53,7.11,,,,,,0.41999999999999993
1977-11-29,,7.55,7.11,,,,,,0.4399999999999995
1977-11-30,,7.55,7.11,,,,,,0.4399999999999995
1977-12-01,,7.58,7.13,6.56,62.3,0.0667808219178081,6.4,0.0,0.4500000000000002
1977-12-02,,7.59,7.15,,,,,,0.4399999999999995
1977-12-05,,7.6,7.15,,,,,,0.4499999999999993
1977-12-06,,7.63,7.15,,,,,,0.47999999999999954
1977-12-07,,7.63,7.16,,,,,,0.46999999999999975
1977-12-08,,7.64,7.16,,,,,,0.47999999999999954
1977-12-09,,7.63,7.15,,,,,,0.47999999999999954
1977-12-12,,7.64,7.16,,,,,,0.47999999999999954
1977-12-13,,7.65,7.16,,,,,,0.4900000000000002
1977-12-14,,7.66,7.16,,,,,,0.5
1977-12-15,,7.67,7.14,,,,,,0.5300000000000002
1977-12-16,,7.67,7.13,,,,,,0.54
1977-12-19,,7.69,7.13,,,,,,0.5600000000000005
1977-12-20,,7.74,7.14,,,,,,0.6000000000000005
1977-12-21,,7.72,7.16,,,,,,0.5599999999999996
1977-12-22,,7.75,7.26,,,,,,0.4900000000000002
1977-12-23,,7.75,7.24,,,,,,0.5099999999999998
1977-12-26,,,,,,,,,
1977-12-27,,7.77,7.25,,,,,,0.5199999999999996
1977-12-28,,7.78,7.25,,,,,,0.5300000000000002
1977-12-29,,7.82,7.26,,,,,,0.5600000000000005
1977-12-30,,7.78,7.22,,,,,,0.5600000000000005
1978-01-01,,,,6.7,62.7,0.0681431005110733,6.4,0.0,
1978-01-02,,,,,,,,,
1978-01-03,,7.83,7.24,,,,,,0.5899999999999999
1978-01-04,,7.82,7.24,,,,,,0.5800000000000001
1978-01-05,,7.83,7.26,,,,,,0.5700000000000003
1978-01-06,,7.85,7.28,,,,,,0.5699999999999994
1978-01-09,,8.01,7.58,,,,,,0.4299999999999997
1978-01-10,,8.02,7.58,,,,,,0.4399999999999995
1978-01-11,,8.03,7.6,,,,,,0.4299999999999997
1978-01-12,,8.02,7.6,,,,,,0.41999999999999993
1978-01-13,,7.98,7.57,,,,,,0.41000000000000014
1978-01-16,,7.98,7.55,,,,,,0.4300000000000006
1978-01-17,,7.98,7.54,,,,,,0.4400000000000004
1978-01-18,,7.98,7.54,,,,,,0.4400000000000004
1978-01-19,,7.97,7.55,,,,,,0.41999999999999993
1978-01-20,,7.97,7.55,,,,,,0.41999999999999993
1978-01-23,,7.97,7.53,,,,,,0.4399999999999995
1978-01-24,,7.99,7.53,,,,,,0.45999999999999996
1978-01-25,,8.0,7.53,,,,,,0.46999999999999975
1978-01-26,,7.98,7.51,,,,,,0.47000000000000064
1978-01-27,,7.97,7.48,,,,,,0.4899999999999993
1978-01-30,,7.96,7.47,,,,,,0.4900000000000002
1978-01-31,,7.94,7.47,,,,,,0.47000000000000064
1978-02-01,,7.96,7.47,6.78,63.0,0.062394603709949426,6.3,0.0,0.4900000000000002
1978-02-02,,7.96,7.48,,,,,,0.47999999999999954
1978-02-03,,7.97,7.48,,,,,,0.4899999999999993
1978-02-06,,7.99,7.5,,,,,,0.4900000000000002
1978-02-07,,7.99,7.52,,,,,,0.47000000000000064
1978-02-08,,8.0,7.52,,,,,,0.4800000000000004
1978-02-09,,8.01,7.52,,,,,,0.4900000000000002
1978-02-10,,8.02,7.53,,,,,,0.4899999999999993
1978-02-13,,,,,,,,,
1978-02-14,,8.05,7.57,,,,,,0.4800000000000004
1978-02-15,,8.08,7.59,,,,,,0.4900000000000002
1978-02-16,,8.1,7.64,,,,,,0.45999999999999996
1978-02-17,,8.09,7.63,,,,,,0.45999999999999996
1978-02-20,,,,,,,,,
1978-02-21,,8.1,7.65,,,,,,0.4499999999999993
1978-02-22,,8.1,7.65,,,,,,0.4499999999999993
1978-02-23,,8.08,7.65,,,,,,0.4299999999999997
1978-02-24,,8.04,7.61,,,,,,0.4299999999999988
1978-02-27,,8.02,7.59,,,,,,0.4299999999999997
1978-02-28,,8.04,7.57,,,,,,0.46999999999999886
1978-03-01,,8.05,7.59,6.79,63.4,0.06375838926174482,6.3,0.0,0.46000000000000085
1978-03-02,,8.04,7.59,,,,,,0.4499999999999993
1978-03-03,,8.04,7.59,,,,,,0.4499999999999993
1978-03-06,,8.05,7.58,,,,,,0.47000000000000064
1978-03-07,,8.03,7.56,,,,,,0.46999999999999975
1978-03-08,,8.03,7.54,,,,,,0.4899999999999993
1978-03-09,,8.02,7.56,,,,,,0.45999999999999996
1978-03-10,,8.0,7.54,,,,,,0.45999999999999996
1978-03-13,,7.99,7.54,,,,,,0.4500000000000002
1978-03-14,,7.99,7.54,,,,,,0.4500000000000002
1978-03-15,,8.0,7.54,,,,,,0.45999999999999996
1978-03-16,,8.0,7.54,,,,,,0.45999999999999996
1978-03-17,,8.0,7.55,,,,,,0.4500000000000002
1978-03-20,,7.97,7.53,,,,,,0.4399999999999995
1978-03-21,,7.97,7.53,,,,,,0.4399999999999995
1978-03-22,,7.98,7.54,,,,,,0.4400000000000004
1978-03-23,,8.01,7.56,,,,,,0.4500000000000002
1978-03-24,,,,,,,,,
1978-03-27,,8.12,7.61,,,,,,0.5099999999999989
1978-03-28,,8.12,7.64,,,,,,0.47999999999999954
1978-03-29,,8.11,7.64,,,,,,0.46999999999999975
1978-03-30,,8.12,7.64,,,,,,0.47999999999999954
1978-03-31,,8.15,7.7,,,,,,0.4500000000000002
1978-04-01,,,,6.89,63.9,0.06499999999999995,6.1,0.0,
1978-04-03,,8.13,7.69,,,,,,0.4400000000000004
1978-04-04,,8.12,7.69,,,,,,0.4299999999999988
1978-04-05,,8.14,7.72,,,,,,0.4200000000000008
1978-04-06,,8.16,7.73,,,,,,0.4299999999999997
1978-04-07,,8.14,7.72,,,,,,0.4200000000000008
1978-04-10,,8.15,7.72,,,,,,0.4300000000000006
1978-04-11,,8.16,7.71,,,,,,0.4500000000000002
1978-04-12,,8.16,7.69,,,,,,0.46999999999999975
1978-04-13,,8.15,7.67,,,,,,0.4800000000000004
1978-04-14,,8.12,7.61,,,,,,0.5099999999999989
1978-04-17,,8.08,7.6,,,,,,0.4800000000000004
1978-04-18,,8.08,7.62,,,,,,0.45999999999999996
1978-04-19,,8.13,7.77,,,,,,0.3600000000000012
1978-04-20,,8.14,7.79,,,,,,0.35000000000000053
1978-04-21,,8.16,7.81,,,,,,0.35000000000000053
1978-04-24,,8.18,7.82,,,,,,0.35999999999999943
1978-04-25,,8.18,7.8,,,,,,0.3799999999999999
1978-04-26,,8.22,7.85,,,,,,0.370000000000001
1978-04-27,,8.24,7.89,,,,,,0.35000000000000053
1978-04-28,,8.24,7.97,,,,,,0.27000000000000046
1978-05-01,,8.24,7.91,7.36,64.5,0.0714285714285714,6.0,0.0,0.33000000000000007
1978-05-02,,8.25,7.91,,,,,,0.33999999999999986
1978-05-03,,8.28,7.91,,,,,,0.3699999999999992
1978-05-04,,8.27,7.9,,,,,,0.3699999999999992
1978-05-05,,8.34,7.96,,,,,,0.3799999999999999
1978-05-08,,8.35,7.98,,,,,,0.3699999999999992
1978-05-09,,8.34,7.98,,,,,,0.35999999999999943
1978-05-10,,8.34,7.98,,,,,,0.35999999999999943
1978-05-11,,8.34,8.0,,,,,,0.33999999999999986
1978-05-12,,8.36,8.0,,,,,,0.35999999999999943
1978-05-15,,8.35,7.98,,,,,,0.3699999999999992
1978-05-16,,8.34,7.97,,,,,,0.3700000000000001
1978-05-17,,8.33,7.98,,,,,,0.34999999999999964
1978-05-18,,8.37,8.04,,,,,,0.33000000000000007
1978-05-19,,8.38,8.07,,,,,,0.3100000000000005
1978-05-22,,8.38,8.07,,,,,,0.3100000000000005
1978-05-23,,8.37,8.07,,,,,,0.29999999999999893
1978-05-24,,8.39,8.1,,,,,,0.2900000000000009
1978-05-25,,8.4,8.1,,,,,,0.3000000000000007
1978-05-26,,8.42,8.1,,,,,,0.3200000000000003
1978-05-29,,,,,,,,,
1978-05-30,,,,,,,,,
1978-05-31,,8.42,8.12,,,,,,0.3000000000000007
1978-06-01,,8.41,8.12,7.6,65.0,0.07438016528925617,5.9,0.0,0.2900000000000009
1978-06-02,,8.39,8.09,,,,,,0.3000000000000007
1978-06-05,,8.38,8.07,,,,,,0.3100000000000005
1978-06-06,,8.37,8.07,,,,,,0.29999999999999893
1978-06-07,,8.37,8.07,,,,,,0.29999999999999893
1978-06-08,,8.38,8.07,,,,,,0.3100000000000005
1978-06-09,,8.41,8.09,,,,,,0.3200000000000003
1978-06-12,,8.4,8.11,,,,,,0.2900000000000009
1978-06-13,,8.41,8.11,,,,,,0.3000000000000007
1978-06-14,,8.41,8.12,,,,,,0.2900000000000009
1978-06-15,,8.41,8.12,,,,,,0.2900000000000009
1978-06-16,,8.43,8.19,,,,,,0.2400000000000002
1978-06-19,,8.45,8.25,,,,,,0.1999999999999993
1978-06-20,,8.47,8.27,,,,,,0.20000000000000107
1978-06-21,,8.5,8.41,,,,,,0.08999999999999986
1978-06-22,,8.5,8.41,,,,,,0.08999999999999986
1978-06-23,,8.55,8.44,,,,,,0.11000000000000121
1978-06-26,,8.59,8.48,,,,,,0.10999999999999943
1978-06-27,,8.58,8.44,,,,,,0.14000000000000057
1978-06-28,,8.57,8.44,,,,,,0.13000000000000078
1978-06-29,,8.57,8.42,,,,,,0.15000000000000036
1978-06-30,,8.62,8.48,,,,,,0.1399999999999988
1978-07-01,,,,7.81,65.5,0.07730263157894735,6.2,0.0,
1978-07-03,,8.59,8.44,,,,,,0.15000000000000036
1978-07-04,,,,,,,,,
1978-07-05,,8.62,8.44,,,,,,0.17999999999999972
1978-07-06,,8.62,8.44,,,,,,0.17999999999999972
1978-07-07,,8.66,8.48,,,,,,0.17999999999999972
1978-07-10,,8.68,8.5,,,,,,0.17999999999999972
1978-07-11,,8.68,8.48,,,,,,0.1999999999999993
1978-07-12,,8.67,8.48,,,,,,0.1899999999999995
1978-07-13,,8.68,8.5,,,,,,0.17999999999999972
1978-07-14,,8.68,8.51,,,,,,0.16999999999999993
1978-07-17,,8.65,8.48,,,,,,0.16999999999999993
1978-07-18,,8.63,8.46,,,,,,0.16999999999999993
1978-07-19,,8.62,8.46,,,,,,0.15999999999999837
1978-07-20,,8.66,8.5,,,,,,0.16000000000000014
1978-07-21,,8.67,8.59,,,,,,0.08000000000000007
1978-07-24,,8.67,8.57,,,,,,0.09999999999999964
1978-07-25,,8.67,8.55,,,,,,0.11999999999999922
1978-07-26,,8.66,8.52,,,,,,0.14000000000000057
1978-07-27,,8.58,8.47,,,,,,0.10999999999999943
1978-07-28,,8.55,8.45,,,,,,0.10000000000000142
1978-07-31,,8.56,8.47,,,,,,0.08999999999999986
1978-08-01,,8.54,8.45,8.04,65.9,0.07855973813420625,5.9,0.0,0.08999999999999986
1978-08-02,,8.44,8.4,,,,,,0.03999999999999915
1978-08-03,,8.39,8.26,,,,,,0.13000000000000078
1978-08-04,,8.38,8.26,,,,,,0.120000000000001
1978-08-07,,8.36,8.18,,,,,,0.17999999999999972
1978-08-08,,8.35,8.19,,,,,,0.16000000000000014
1978-08-09,,8.34,8.17,,,,,,0.16999999999999993
1978-08-10,,8.45,8.24,,,,,,0.20999999999999908
1978-08-11,,8.44,8.25,,,,,,0.1899999999999995
1978-08-14,,8.45,8.29,,,,,,0.16000000000000014
1978-08-15,,8.46,8.29,,,,,,0.1700000000000017
1978-08-16,,8.55,8.5,,,,,,0.05000000000000071
1978-08-17,,8.48,8.48,,,,,,0.0
1978-08-18,,8.46,8.5,,,,,,-0.03999999999999915
1978-08-21,,8.41,8.47,,,,,,-0.0600000000000005
1978-08-22,,8.41,8.47,,,,,,-0.0600000000000005
1978-08-23,,8.32,8.42,,,,,,-0.09999999999999964
1978-08-24,,8.35,8.41,,,,,,-0.0600000000000005
1978-08-25,,8.34,8.41,,,,,,-0.07000000000000028
1978-08-28,,8.35,8.41,,,,,,-0.0600000000000005
1978-08-29,,8.37,8.44,,,,,,-0.07000000000000028
1978-08-30,,8.42,8.48,,,,,,-0.0600000000000005
1978-08-31,,8.39,8.46,,,,,,-0.07000000000000028
1978-09-01,,8.38,8.5,8.45,66.5,0.08482871125611746,6.0,0.0,-0.11999999999999922
1978-09-04,,,,,,,,,
1978-09-05,,8.34,8.46,,,,,,-0.120000000000001
1978-09-06,,8.35,8.44,,,,,,-0.08999999999999986
1978-09-07,,8.34,8.44,,,,,,-0.09999999999999964
1978-09-08,,8.34,8.46,,,,,,-0.120000000000001
1978-09-11,,8.31,8.43,,,,,,-0.11999999999999922
1978-09-12,,8.29,8.45,,,,,,-0.16000000000000014
1978-09-13,,8.3,8.45,,,,,,-0.14999999999999858
1978-09-14,,8.32,8.45,,,,,,-0.129999999999999
1978-09-15,,8.35,8.49,,,,,,-0.14000000000000057
1978-09-18,,8.37,8.52,,,,,,-0.15000000000000036
1978-09-19,,8.38,8.54,,,,,,-0.15999999999999837
1978-09-20,,8.46,8.6,,,,,,-0.1399999999999988
1978-09-21,,8.51,8.69,,,,,,-0.17999999999999972
1978-09-22,,8.56,8.73,,,,,,-0.16999999999999993
1978-09-25,,8.56,8.75,,,,,,-0.1899999999999995
1978-09-26,,8.53,8.75,,,,,,-0.22000000000000064
1978-09-27,,8.54,8.74,,,,,,-0.20000000000000107
1978-09-28,,8.54,8.72,,,,,,-0.1800000000000015
1978-09-29,,8.56,8.7,,,,,,-0.1399999999999988
1978-10-01,,,,8.96,67.1,0.08928571428571419,5.8,0.0,
1978-10-02,,8.58,8.71,,,,,,-0.13000000000000078
1978-10-03,,8.57,8.69,,,,,,-0.11999999999999922
1978-10-04,,8.59,8.69,,,,,,-0.09999999999999964
1978-10-05,,8.6,8.69,,,,,,-0.08999999999999986
1978-10-06,,8.58,8.69,,,,,,-0.10999999999999943
1978-10-09,,,,,,,,,
1978-10-10,,8.58,8.7,,,,,,-0.11999999999999922
1978-10-11,,8.56,8.7,,,,,,-0.1399999999999988
1978-10-12,,8.51,8.69,,,,,,-0.17999999999999972
1978-10-13,,8.52,8.69,,,,,,-0.16999999999999993
1978-10-16,,8.59,8.73,,,,,,-0.14000000000000057
1978-10-17,,8.6,8.77,,,,,,-0.16999999999999993
1978-10-18,,8.62,8.83,,,,,,-0.21000000000000085
1978-10-19,,8.64,8.84,,,,,,-0.1999999999999993
1978-10-20,,8.66,8.85,,,,,,-0.1899999999999995
1978-10-23,,8.66,8.84,,,,,,-0.17999999999999972
1978-10-24,,8.64,8.85,,,,,,-0.20999999999999908
1978-10-25,,8.65,8.96,,,,,,-0.3100000000000005
1978-10-26,,8.72,9.05,,,,,,-0.33000000000000007
1978-10-27,,8.78,9.12,,,,,,-0.33999999999999986
1978-10-30,,8.88,9.35,,,,,,-0.46999999999999886
1978-10-31,,8.96,9.49,,,,,,-0.5299999999999994
1978-11-01,,8.66,9.44,9.76,67.5,0.08870967741935476,5.9,0.0,-0.7799999999999994
1978-11-02,,8.73,9.42,,,,,,-0.6899999999999995
1978-11-03,,8.86,9.49,,,,,,-0.6300000000000008
1978-11-06,,8.85,9.45,,,,,,-0.5999999999999996
1978-11-07,,,,,,,,,
1978-11-08,,8.86,9.49,,,,,,-0.6300000000000008
1978-11-09,,8.87,9.5,,,,,,-0.6300000000000008
1978-11-10,,8.86,9.46,,,,,,-0.6000000000000014
1978-11-13,,8.83,9.4,,,,,,-0.5700000000000003
1978-11-14,,8.82,9.41,,,,,,-0.5899999999999999
1978-11-15,,8.76,9.34,,,,,,-0.5800000000000001
1978-11-16,,8.72,9.21,,,,,,-0.4900000000000002
1978-11-17,,8.72,9.19,,,,,,-0.46999999999999886
1978-11-20,,8.72,9.19,,,,,,-0.46999999999999886
1978-11-21,,8.77,9.23,,,,,,-0.46000000000000085
1978-11-22,,8.77,9.37,,,,,,-0.5999999999999996
1978-11-23,,,,,,,,,
1978-11-24,,8.86,9.6,,,,,,-0.7400000000000002
1978-11-27,,8.86,9.6,,,,,,-0.7400000000000002
1978-11-28,,8.86,9.6,,,,,,-0.7400000000000002
1978-11-29,,8.86,9.55,,,,,,-0.6900000000000013
1978-11-30,,8.86,9.55,,,,,,-0.6900000000000013
1978-12-01,,8.8,9.5,10.03,67.9,0.08988764044943842,6.0,0.0,-0.6999999999999993
1978-12-04,,8.82,9.51,,,,,,-0.6899999999999995
1978-12-05,,8.85,9.5,,,,,,-0.6500000000000004
1978-12-06,,8.85,9.5,,,,,,-0.6500000000000004
1978-12-07,,8.89,9.5,,,,,,-0.6099999999999994
1978-12-08,,8.9,9.51,,,,,,-0.6099999999999994
1978-12-11,,8.9,9.52,,,,,,-0.6199999999999992
1978-12-12,,8.92,9.52,,,,,,-0.5999999999999996
1978-12-13,,8.98,9.54,,,,,,-0.5599999999999987
1978-12-14,,8.96,9.54,,,,,,-0.5799999999999983
1978-12-15,,9.0,9.58,,,,,,-0.5800000000000001
1978-12-18,,9.13,9.86,,,,,,-0.7299999999999986
1978-12-19,,9.14,9.91,,,,,,-0.7699999999999996
1978-12-20,,9.16,9.96,,,,,,-0.8000000000000007
1978-12-21,,9.16,9.98,,,,,,-0.8200000000000003
1978-12-22,,9.11,9.96,,,,,,-0.8500000000000014
1978-12-25,,,,,,,,,
1978-12-26,,9.13,9.98,,,,,,-0.8499999999999996
1978-12-27,,9.12,9.98,,,,,,-0.8600000000000012
1978-12-28,,9.16,9.98,,,,,,-0.8200000000000003
1978-12-29,,9.15,9.98,,,,,,-0.8300000000000001
1979-01-01,,,,10.07,68.5,0.09250398724082931,5.9,0.0,
1979-01-02,,9.18,10.0,,,,,,-0.8200000000000003
1979-01-03,,9.16,9.98,,,,,,-0.8200000000000003
1979-01-04,,9.11,9.88,,,,,,-0.7700000000000014
1979-01-05,,9.1,9.87,,,,,,-0.7699999999999996
1979-01-08,,9.14,9.92,,,,,,-0.7799999999999994
1979-01-09,,9.16,9.92,,,,,,-0.7599999999999998
1979-01-10,,9.16,9.94,,,,,,-0.7799999999999994
1979-01-11,,9.15,9.92,,,,,,-0.7699999999999996
1979-01-12,,9.14,9.92,,,,,,-0.7799999999999994
1979-01-15,,9.15,9.91,,,,,,-0.7599999999999998
1979-01-16,,9.16,9.92,,,,,,-0.7599999999999998
1979-01-17,,9.18,9.91,,,,,,-0.7300000000000004
1979-01-18,,9.18,9.92,,,,,,-0.7400000000000002
1979-01-19,,9.15,9.91,,,,,,-0.7599999999999998
1979-01-22,,9.12,9.86,,,,,,-0.7400000000000002
1979-01-23,,9.1,9.85,,,,,,-0.75
1979-01-24,,9.08,9.85,,,,,,-0.7699999999999996
1979-01-25,,8.98,9.78,,,,,,-0.7999999999999989
1979-01-26,,8.93,9.67,,,,,,-0.7400000000000002
1979-01-29,,8.96,9.67,,,,,,-0.7099999999999991
1979-01-30,,8.95,9.68,,,,,,-0.7300000000000004
1979-01-31,,8.95,9.64,,,,,,-0.6900000000000013
1979-02-01,,8.94,9.61,10.06,69.2,0.09841269841269851,5.9,0.0,-0.6699999999999999
1979-02-02,,8.89,9.48,,,,,,-0.5899999999999999
1979-02-05,,8.95,9.53,,,,,,-0.5800000000000001
1979-02-06,,9.0,9.58,,,,,,-0.5800000000000001
1979-02-07,,9.09,9.67,,,,,,-0.5800000000000001
1979-02-08,,9.09,9.7,,,,,,-0.6099999999999994
1979-02-09,,9.11,9.7,,,,,,-0.5899999999999999
1979-02-12,,,,,,,,,
1979-02-13,,9.11,9.69,,,,,,-0.5800000000000001
1979-02-14,,9.12,9.67,,,,,,-0.5500000000000007
1979-02-15,,9.12,9.68,,,,,,-0.5600000000000005
1979-02-16,,9.11,9.68,,,,,,-0.5700000000000003
1979-02-19,,,,,,,,,
1979-02-20,,9.12,9.69,,,,,,-0.5700000000000003
1979-02-21,,9.15,9.71,,,,,,-0.5600000000000005
1979-02-22,,9.2,9.9,,,,,,-0.7000000000000011
1979-02-23,,9.21,9.92,,,,,,-0.7099999999999991
1979-02-26,,9.2,9.91,,,,,,-0.7100000000000009
1979-02-27,,9.19,9.89,,,,,,-0.7000000000000011
1979-02-28,,9.17,9.89,,,,,,-0.7200000000000006
1979-03-01,,9.17,9.87,10.09,69.9,0.10252365930599372,5.8,0.0,-0.6999999999999993
1979-03-02,,9.16,9.87,,,,,,-0.7099999999999991
1979-03-05,,9.11,9.83,,,,,,-0.7200000000000006
1979-03-06,,9.14,9.83,,,,,,-0.6899999999999995
1979-03-07,,9.1,9.81,,,,,,-0.7100000000000009
1979-03-08,,9.1,9.76,,,,,,-0.6600000000000001
1979-03-09,,9.11,9.79,,,,,,-0.6799999999999997
1979-03-12,,9.11,9.81,,,,,,-0.7000000000000011
1979-03-13,,9.11,9.8,,,,,,-0.6900000000000013
1979-03-14,,9.12,9.82,,,,,,-0.7000000000000011
1979-03-15,,9.14,9.82,,,,,,-0.6799999999999997
1979-03-16,,9.12,9.84,,,,,,-0.7200000000000006
1979-03-19,,9.12,9.81,,,,,,-0.6900000000000013
1979-03-20,,9.13,9.79,,,,,,-0.6599999999999984
1979-03-21,,9.13,9.79,,,,,,-0.6599999999999984
1979-03-22,,9.12,9.77,,,,,,-0.6500000000000004
1979-03-23,,9.12,9.77,,,,,,-0.6500000000000004
1979-03-26,,9.12,9.76,,,,,,-0.6400000000000006
1979-03-27,,9.11,9.73,,,,,,-0.620000000000001
1979-03-28,,9.07,9.71,,,,,,-0.6400000000000006
1979-03-29,,9.06,9.67,,,,,,-0.6099999999999994
1979-03-30,,9.11,9.72,,,,,,-0.6100000000000012
1979-04-01,,,,10.01,70.6,0.10485133020344284,5.8,0.0,
1979-04-02,,9.11,9.74,,,,,,-0.6300000000000008
1979-04-03,,9.1,9.73,,,,,,-0.6300000000000008
1979-04-04,,9.09,9.71,,,,,,-0.620000000000001
1979-04-05,,9.07,9.68,,,,,,-0.6099999999999994
1979-04-06,,9.1,9.75,,,,,,-0.6500000000000004
1979-04-09,,9.14,9.81,,,,,,-0.6699999999999999
1979-04-10,,9.17,9.81,,,,,,-0.6400000000000006
1979-04-11,,9.2,9.85,,,,,,-0.6500000000000004
1979-04-12,,9.2,9.85,,,,,,-0.6500000000000004
1979-04-13,,,,,,,,,
1979-04-16,,9.19,9.86,,,,,,-0.6699999999999999
1979-04-17,,9.16,9.77,,,,,,-0.6099999999999994
1979-04-18,,9.15,9.71,,,,,,-0.5600000000000005
1979-04-19,,9.15,9.68,,,,,,-0.5299999999999994
1979-04-20,,9.19,9.73,,,,,,-0.5400000000000009
1979-04-23,,9.21,9.73,,,,,,-0.5199999999999996
1979-04-24,,9.24,9.75,,,,,,-0.5099999999999998
1979-04-25,,9.23,9.77,,,,,,-0.5399999999999991
1979-04-26,,9.27,9.8,,,,,,-0.5300000000000011
1979-04-27,,9.32,9.93,,,,,,-0.6099999999999994
1979-04-30,,9.35,9.91,,,,,,-0.5600000000000005
1979-05-01,,9.36,9.91,10.24,71.4,0.10697674418604652,5.6,0.0,-0.5500000000000007
1979-05-02,,9.34,9.91,,,,,,-0.5700000000000003
1979-05-03,,9.38,9.93,,,,,,-0.5499999999999989
1979-05-04,,9.39,9.93,,,,,,-0.5399999999999991
1979-05-07,,9.39,9.91,,,,,,-0.5199999999999996
1979-05-08,,9.38,9.91,,,,,,-0.5299999999999994
1979-05-09,,9.36,9.9,,,,,,-0.5400000000000009
1979-05-10,,9.36,9.92,,,,,,-0.5600000000000005
1979-05-11,,9.34,9.9,,,,,,-0.5600000000000005
1979-05-14,,9.3,9.87,,,,,,-0.5699999999999985
1979-05-15,,9.32,9.87,,,,,,-0.5499999999999989
1979-05-16,,9.31,9.84,,,,,,-0.5299999999999994
1979-05-17,,9.24,9.72,,,,,,-0.4800000000000004
1979-05-18,,9.23,9.71,,,,,,-0.4800000000000004
1979-05-21,,9.24,9.75,,,,,,-0.5099999999999998
1979-05-22,,9.15,9.69,,,,,,-0.5399999999999991
1979-05-23,,9.07,9.65,,,,,,-0.5800000000000001
1979-05-24,,9.06,9.58,,,,,,-0.5199999999999996
1979-05-25,,9.01,9.5,,,,,,-0.4900000000000002
1979-05-28,,,,,,,,,
1979-05-29,,9.01,9.5,,,,,,-0.4900000000000002
1979-05-30,,,,,,,,,
1979-05-31,,9.06,9.56,,,,,,-0.5
1979-06-01,,9.05,9.56,10.29,72.2,0.11076923076923073,5.7,0.0,-0.5099999999999998
1979-06-04,,9.06,9.56,,,,,,-0.5
1979-06-05,,9.02,9.5,,,,,,-0.4800000000000004
1979-06-06,,8.97,9.43,,,,,,-0.4599999999999991
1979-06-07,,8.89,9.29,,,,,,-0.3999999999999986
1979-06-08,,8.9,9.25,,,,,,-0.34999999999999964
1979-06-11,,8.94,9.27,,,,,,-0.33000000000000007
1979-06-12,,8.79,9.05,,,,,,-0.26000000000000156
1979-06-13,,8.83,9.08,,,,,,-0.25
1979-06-14,,8.87,9.12,,,,,,-0.25
1979-06-15,,8.96,9.24,,,,,,-0.27999999999999936
1979-06-18,,8.95,9.26,,,,,,-0.3100000000000005
1979-06-19,,8.95,9.24,,,,,,-0.2900000000000009
1979-06-20,,8.94,9.25,,,,,,-0.3100000000000005
1979-06-21,,8.93,9.25,,,,,,-0.3200000000000003
1979-06-22,,8.98,9.27,,,,,,-0.28999999999999915
1979-06-25,,8.93,9.2,,,,,,-0.2699999999999996
1979-06-26,,8.82,8.97,,,,,,-0.15000000000000036
1979-06-27,,8.8,8.92,,,,,,-0.11999999999999922
1979-06-28,,8.8,8.95,,,,,,-0.14999999999999858
1979-06-29,,8.81,8.97,,,,,,-0.16000000000000014
1979-07-01,,,,10.47,73.0,0.11450381679389321,5.7,0.0,
1979-07-02,,8.76,8.93,,,,,,-0.16999999999999993
1979-07-03,,8.77,8.95,,,,,,-0.17999999999999972
1979-07-04,,,,,,,,,
1979-07-05,,8.8,8.98,,,,,,-0.17999999999999972
1979-07-06,,8.82,9.0,,,,,,-0.17999999999999972
1979-07-09,,8.86,9.04,,,,,,-0.17999999999999972
1979-07-10,,8.92,9.04,,,,,,-0.11999999999999922
1979-07-11,,8.97,9.04,,,,,,-0.06999999999999851
1979-07-12,,8.95,9.01,,,,,,-0.0600000000000005
1979-07-13,,8.94,9.01,,,,,,-0.07000000000000028
1979-07-16,,8.99,9.08,,,,,,-0.08999999999999986
1979-07-17,,9.01,9.1,,,,,,-0.08999999999999986
1979-07-18,,9.03,9.1,,,,,,-0.07000000000000028
1979-07-19,,9.04,9.14,,,,,,-0.10000000000000142
1979-07-20,,8.98,9.24,,,,,,-0.2599999999999998
1979-07-23,,9.03,9.28,,,,,,-0.25
1979-07-24,,9.06,9.33,,,,,,-0.2699999999999996
1979-07-25,,8.99,9.36,,,,,,-0.3699999999999992
1979-07-26,,8.97,9.25,,,,,,-0.27999999999999936
1979-07-27,,9.02,9.38,,,,,,-0.3600000000000012
1979-07-30,,9.03,9.32,,,,,,-0.2900000000000009
1979-07-31,,9.01,9.31,,,,,,-0.3000000000000007
1979-08-01,,8.99,9.23,10.94,73.7,0.11836115326251884,6.0,0.0,-0.2400000000000002
1979-08-02,,8.91,9.2,,,,,,-0.28999999999999915
1979-08-03,,8.92,9.27,,,,,,-0.34999999999999964
1979-08-06,,8.91,9.27,,,,,,-0.35999999999999943
1979-08-07,,8.91,9.22,,,,,,-0.3100000000000005
1979-08-08,,8.93,9.25,,,,,,-0.3200000000000003
1979-08-09,,8.97,9.27,,,,,,-0.29999999999999893
1979-08-10,,9.0,9.33,,,,,,-0.33000000000000007
1979-08-13,,9.0,9.34,,,,,,-0.33999999999999986
1979-08-14,,8.98,9.32,,,,,,-0.33999999999999986
1979-08-15,,9.0,9.41,,,,,,-0.41000000000000014
1979-08-16,,9.0,9.39,,,,,,-0.39000000000000057
1979-08-17,,9.01,9.44,,,,,,-0.4299999999999997
1979-08-20,,9.02,9.45,,,,,,-0.4299999999999997
1979-08-21,,9.04,9.51,,,,,,-0.47000000000000064
1979-08-22,,9.04,9.55,,,,,,-0.5100000000000016
1979-08-23,,9.05,9.63,,,,,,-0.5800000000000001
1979-08-24,,9.14,9.72,,,,,,-0.5800000000000001
1979-08-27,,9.12,9.68,,,,,,-0.5600000000000005
1979-08-28,,9.15,9.73,,,,,,-0.5800000000000001
1979-08-29,,9.14,9.73,,,,,,-0.5899999999999999
1979-08-30,,9.21,9.77,,,,,,-0.5599999999999987
1979-08-31,,9.24,9.84,,,,,,-0.5999999999999996
1979-09-01,,,,11.43,74.4,0.11879699248120312,5.9,0.0,
1979-09-03,,,,,,,,,
1979-09-04,,9.32,10.0,,,,,,-0.6799999999999997
1979-09-05,,9.32,10.02,,,,,,-0.6999999999999993
1979-09-06,,9.35,10.03,,,,,,-0.6799999999999997
1979-09-07,,9.34,10.1,,,,,,-0.7599999999999998
1979-09-10,,9.36,10.13,,,,,,-0.7700000000000014
1979-09-11,,9.25,10.0,,,,,,-0.75
1979-09-12,,9.3,10.04,,,,,,-0.7399999999999984
1979-09-13,,9.34,10.1,,,,,,-0.7599999999999998
1979-09-14,,9.29,10.02,,,,,,-0.7300000000000004
1979-09-17,,9.37,10.13,,,,,,-0.7600000000000016
1979-09-18,,9.36,10.14,,,,,,-0.7800000000000011
1979-09-19,,9.31,10.08,,,,,,-0.7699999999999996
1979-09-20,,9.29,10.03,,,,,,-0.7400000000000002
1979-09-21,,9.26,10.0,,,,,,-0.7400000000000002
1979-09-24,,9.34,10.01,,,,,,-0.6699999999999999
1979-09-25,,9.32,10.01,,,,,,-0.6899999999999995
1979-09-26,,9.36,10.02,,,,,,-0.6600000000000001
1979-09-27,,9.44,10.11,,,,,,-0.6699999999999999
1979-09-28,,9.44,10.1,,,,,,-0.6600000000000001
1979-10-01,,9.51,10.14,13.77,75.2,0.12071535022354718,6.0,0.0,-0.6300000000000008
1979-10-02,,9.47,10.14,,,,,,-0.6699999999999999
1979-10-03,,9.5,10.14,,,,,,-0.6400000000000006
1979-10-04,,9.58,10.34,,,,,,-0.7599999999999998
1979-10-05,,9.6,10.39,,,,,,-0.7900000000000009
1979-10-08,,,,,,,,,
1979-10-09,,9.93,11.12,,,,,,-1.1899999999999995
1979-10-10,,10.09,11.4,,,,,,-1.3100000000000005
1979-10-11,,10.17,11.26,,,,,,-1.0899999999999999
1979-10-12,,10.15,11.17,,,,,,-1.0199999999999996
1979-10-15,,10.31,11.39,,,,,,-1.08
1979-10-16,,10.27,11.39,,,,,,-1.120000000000001
1979-10-17,,10.2,11.4,,,,,,-1.200000000000001
1979-10-18,,10.41,11.75,,,,,,-1.3399999999999999
1979-10-19,,10.68,12.15,,,,,,-1.4700000000000006
1979-10-22,,10.96,12.43,,,,,,-1.4699999999999989
1979-10-23,,11.02,12.63,,,,,,-1.6100000000000012
1979-10-24,,10.83,12.52,,,,,,-1.6899999999999995
1979-10-25,,10.98,12.59,,,,,,-1.6099999999999994
1979-10-26,,10.67,12.05,,,,,,-1.3800000000000008
1979-10-29,,10.78,12.19,,,,,,-1.4100000000000001
1979-10-30,,10.75,12.12,,,,,,-1.3699999999999992
1979-10-31,,10.72,12.06,,,,,,-1.3399999999999999
1979-11-01,,10.79,12.08,13.18,76.0,0.125925925925926,5.9,0.0,-1.290000000000001
1979-11-02,,10.84,12.19,,,,,,-1.3499999999999996
1979-11-05,,10.85,12.15,,,,,,-1.3000000000000007
1979-11-06,,,,,,,,,
1979-11-07,,11.0,12.36,,,,,,-1.3599999999999994
1979-11-08,,10.96,12.29,,,,,,-1.3299999999999983
1979-11-09,,10.68,11.78,,,,,,-1.0999999999999996
1979-11-12,,,,,,,,,
1979-11-13,,10.63,11.64,,,,,,-1.0099999999999998
1979-11-14,,10.75,11.82,,,,,,-1.0700000000000003
1979-11-15,,10.62,11.68,,,,,,-1.0600000000000005
1979-11-16,,10.77,11.97,,,,,,-1.200000000000001
1979-11-19,,10.8,12.08,,,,,,-1.2799999999999994
1979-11-20,,10.78,12.12,,,,,,-1.3399999999999999
1979-11-21,,10.73,12.17,,,,,,-1.4399999999999995
1979-11-22,,,,,,,,,
1979-11-23,,10.51,11.69,,,,,,-1.1799999999999997
1979-11-26,,10.37,11.44,,,,,,-1.0700000000000003
1979-11-27,,10.24,11.11,,,,,,-0.8699999999999992
1979-11-28,,10.37,11.23,,,,,,-0.8600000000000012
1979-11-29,,10.34,11.23,,,,,,-0.8900000000000006
1979-11-30,,10.38,11.33,,,,,,-0.9499999999999993
1979-12-01,,,,13.78,76.9,0.13254786450662737,6.0,0.0,
1979-12-03,,10.44,11.42,,,,,,-0.9800000000000004
1979-12-04,,10.32,11.3,,,,,,-0.9800000000000004
1979-12-05,,10.27,11.21,,,,,,-0.9400000000000013
1979-12-06,,10.13,11.08,,,,,,-0.9499999999999993
1979-12-07,,10.3,11.21,,,,,,-0.9100000000000001
1979-12-10,,10.27,11.25,,,,,,-0.9800000000000004
1979-12-11,,10.46,11.6,,,,,,-1.1399999999999988
1979-12-12,,10.58,11.85,,,,,,-1.2699999999999996
1979-12-13,,10.51,11.67,,,,,,-1.1600000000000001
1979-12-14,,10.45,11.47,,,,,,-1.0200000000000014
1979-12-17,,10.42,11.45,,,,,,-1.0299999999999994
1979-12-18,,10.34,11.31,,,,,,-0.9700000000000006
1979-12-19,,10.33,11.38,,,,,,-1.0500000000000007
1979-12-20,,10.38,11.4,,,,,,-1.0199999999999996
1979-12-21,,10.39,11.42,,,,,,-1.0299999999999994
1979-12-24,,10.45,11.44,,,,,,-0.9900000000000002
1979-12-25,,,,,,,,,
1979-12-26,,10.48,11.43,,,,,,-0.9499999999999993
1979-12-27,,10.46,11.39,,,,,,-0.9299999999999997
1979-12-28,,10.41,11.3,,,,,,-0.8900000000000006
1979-12-31,,10.33,11.23,,,,,,-0.9000000000000004
1980-01-01,,,,13.82,78.0,0.13868613138686126,6.3,0.0,
1980-01-02,,10.5,11.39,,,,,,-0.8900000000000006
1980-01-03,,10.6,11.45,,,,,,-0.8499999999999996
1980-01-04,,10.66,11.47,,,,,,-0.8100000000000005
1980-01-07,,10.63,11.35,,,,,,-0.7199999999999989
1980-01-08,,10.57,11.26,,,,,,-0.6899999999999995
1980-01-09,,10.58,11.24,,,,,,-0.6600000000000001
1980-01-10,,10.51,11.18,,,,,,-0.6699999999999999
1980-01-11,,10.68,11.33,,,,,,-0.6500000000000004
1980-01-14,,10.7,11.35,,,,,,-0.6500000000000004
1980-01-15,,10.65,11.32,,,,,,-0.6699999999999999
1980-01-16,,10.65,11.3,,,,,,-0.6500000000000004
1980-01-17,,10.71,11.37,,,,,,-0.6599999999999984
1980-01-18,,10.82,11.52,,,,,,-0.6999999999999993
1980-01-21,,10.96,11.58,,,,,,-0.6199999999999992
1980-01-22,,10.85,11.56,,,,,,-0.7100000000000009
1980-01-23,,10.82,11.53,,,,,,-0.7099999999999991
1980-01-24,,11.01,11.68,,,,,,-0.6699999999999999
1980-01-25,,11.1,11.82,,,,,,-0.7200000000000006
1980-01-28,,11.15,11.79,,,,,,-0.6399999999999988
1980-01-29,,11.21,11.88,,,,,,-0.6699999999999999
1980-01-30,,11.16,11.84,,,,,,-0.6799999999999997
1980-01-31,,11.13,11.75,,,,,,-0.6199999999999992
1980-02-01,,11.29,12.04,14.13,79.0,0.14161849710982644,6.3,1.0,-0.75
1980-02-04,,11.4,12.12,,,,,,-0.7199999999999989
1980-02-05,,11.73,12.49,,,,,,-0.7599999999999998
1980-02-06,,11.92,12.42,,,,,,-0.5
1980-02-07,,11.71,12.21,,,,,,-0.5
1980-02-08,,11.8,12.31,,,,,,-0.5099999999999998
1980-02-11,,12.01,12.6,,,,,,-0.5899999999999999
1980-02-12,,,,,,,,,
1980-02-13,,11.86,12.52,,,,,,-0.6600000000000001
1980-02-14,,11.97,12.6,,,,,,-0.629999999999999
1980-02-15,,12.2,13.13,,,,,,-0.9300000000000015
1980-02-18,,,,,,,,,
1980-02-19,,12.85,13.96,,,,,,-1.1100000000000012
1980-02-20,,12.84,14.03,,,,,,-1.1899999999999995
1980-02-21,,13.22,14.51,,,,,,-1.2899999999999991
1980-02-22,,13.06,14.52,,,,,,-1.459999999999999
1980-02-25,,13.27,14.62,,,,,,-1.3499999999999996
1980-02-26,,13.65,14.91,,,,,,-1.2599999999999998
1980-02-27,,13.46,14.82,,,,,,-1.3599999999999994
1980-02-28,,12.92,14.41,,,,,,-1.4900000000000002
1980-02-29,,12.72,14.73,,,,,,-2.01
1980-03-01,,,,17.19,80.1,0.14592274678111572,6.3,1.0,
1980-03-03,,12.79,14.83,,,,,,-2.040000000000001
1980-03-04,,12.91,14.86,,,,,,-1.9499999999999993
1980-03-05,,13.03,14.99,,,,,,-1.9600000000000009
1980-03-06,,13.13,15.27,,,,,,-2.139999999999999
1980-03-07,,12.86,15.2,,,,,,-2.34
1980-03-10,,12.63,14.71,,,,,,-2.08
1980-03-11,,12.41,14.43,,,,,,-2.0199999999999996
1980-03-12,,12.62,14.74,,,,,,-2.120000000000001
1980-03-13,,12.5,14.69,,,,,,-2.1899999999999995
1980-03-14,,12.52,14.8,,,,,,-2.280000000000001
1980-03-17,,12.58,14.82,,,,,,-2.24
1980-03-18,,12.4,14.42,,,,,,-2.0199999999999996
1980-03-19,,12.35,14.33,,,,,,-1.9800000000000004
1980-03-20,,12.62,15.03,,,,,,-2.41
1980-03-21,,12.75,15.02,,,,,,-2.2699999999999996
1980-03-24,,13.17,15.36,,,,,,-2.1899999999999995
1980-03-25,,13.1,15.19,,,,,,-2.09
1980-03-26,,13.03,15.26,,,,,,-2.2300000000000004
1980-03-27,,12.97,15.11,,,,,,-2.139999999999999
1980-03-28,,12.72,14.89,,,,,,-2.17
1980-03-31,,12.64,14.63,,,,,,-1.9900000000000002
1980-04-01,,12.69,14.59,17.61,80.9,0.1458923512747876,6.9,1.0,-1.9000000000000004
1980-04-02,,12.63,14.52,,,,,,-1.8899999999999988
1980-04-03,,12.52,14.51,,,,,,-1.9900000000000002
1980-04-04,,,,,,,,,
1980-04-07,,12.13,13.85,,,,,,-1.7199999999999989
1980-04-08,,12.21,13.89,,,,,,-1.6799999999999997
1980-04-09,,12.06,13.54,,,,,,-1.4799999999999986
1980-04-10,,12.06,13.57,,,,,,-1.5099999999999998
1980-04-11,,11.79,13.22,,,,,,-1.4300000000000015
1980-04-14,,11.62,12.96,,,,,,-1.3400000000000016
1980-04-15,,11.57,12.72,,,,,,-1.1500000000000004
1980-04-16,,10.9,11.97,,,,,,-1.0700000000000003
1980-04-17,,11.13,11.97,,,,,,-0.8399999999999999
1980-04-18,,11.05,11.76,,,,,,-0.7099999999999991
1980-04-21,,10.9,11.56,,,,,,-0.6600000000000001
1980-04-22,,10.82,11.43,,,,,,-0.6099999999999994
1980-04-23,,10.89,11.38,,,,,,-0.4900000000000002
1980-04-24,,10.96,11.42,,,,,,-0.4599999999999991
1980-04-25,,10.95,11.39,,,,,,-0.4400000000000013
1980-04-28,,10.63,10.74,,,,,,-0.10999999999999943
1980-04-29,,10.67,10.74,,,,,,-0.07000000000000028
1980-04-30,,10.76,10.81,,,,,,-0.05000000000000071
1980-05-01,,10.57,10.7,10.98,81.7,0.14425770308123242,7.5,1.0,-0.129999999999999
1980-05-02,,10.24,10.04,,,,,,0.20000000000000107
1980-05-05,,10.18,9.85,,,,,,0.33000000000000007
1980-05-06,,9.8,9.4,,,,,,0.40000000000000036
1980-05-07,,9.96,9.41,,,,,,0.5500000000000007
1980-05-08,,10.18,9.48,,,,,,0.6999999999999993
1980-05-09,,10.3,9.85,,,,,,0.45000000000000107
1980-05-12,,10.3,9.52,,,,,,0.7800000000000011
1980-05-13,,10.13,9.38,,,,,,0.75
1980-05-14,,10.14,9.27,,,,,,0.870000000000001
1980-05-15,,10.31,9.48,,,,,,0.8300000000000001
1980-05-16,,10.37,9.76,,,,,,0.6099999999999994
1980-05-19,,10.53,9.78,,,,,,0.75
1980-05-20,,10.22,9.26,,,,,,0.9600000000000009
1980-05-21,,10.08,9.14,,,,,,0.9399999999999995
1980-05-22,,10.1,9.13,,,,,,0.9699999999999989
1980-05-23,,9.85,8.73,,,,,,1.1199999999999992
1980-05-26,,,,,,,,,
1980-05-27,,9.96,8.82,,,,,,1.1400000000000006
1980-05-28,,10.1,9.04,,,,,,1.0600000000000005
1980-05-29,,10.24,9.16,,,,,,1.08
1980-05-30,,10.25,9.25,,,,,,1.0
1980-06-01,,,,9.47,82.5,0.1426592797783932,7.6,1.0,
1980-06-02,,10.31,9.34,,,,,,0.9700000000000006
1980-06-03,,10.16,9.2,,,,,,0.9600000000000009
1980-06-04,,10.07,9.06,,,,,,1.0099999999999998
1980-06-05,,10.02,8.97,,,,,,1.049999999999999
1980-06-06,,9.81,8.72,,,,,,1.0899999999999999
1980-06-09,,9.73,8.61,,,,,,1.120000000000001
1980-06-10,,9.83,8.79,,,,,,1.040000000000001
1980-06-11,,9.7,8.65,,,,,,1.049999999999999
1980-06-12,,9.53,8.46,,,,,,1.0699999999999985
1980-06-13,,9.51,8.39,,,,,,1.1199999999999992
1980-06-16,,9.47,8.38,,,,,,1.0899999999999999
1980-06-17,,9.49,8.36,,,,,,1.1300000000000008
1980-06-18,,9.56,8.58,,,,,,0.9800000000000004
1980-06-19,,9.56,8.68,,,,,,0.8800000000000008
1980-06-20,,9.49,8.43,,,,,,1.0600000000000005
1980-06-23,,9.63,8.59,,,,,,1.040000000000001
1980-06-24,,9.68,8.64,,,,,,1.0399999999999991
1980-06-25,,9.79,8.73,,,,,,1.0599999999999987
1980-06-26,,9.87,8.8,,,,,,1.0699999999999985
1980-06-27,,10.04,8.94,,,,,,1.0999999999999996
1980-06-30,,10.09,8.97,,,,,,1.1199999999999992
1980-07-01,,10.13,9.01,9.03,82.6,0.1315068493150684,7.8,1.0,1.120000000000001
1980-07-02,,10.19,9.01,,,,,,1.1799999999999997
1980-07-03,,10.01,8.77,,,,,,1.2400000000000002
1980-07-04,,,,,,,,,
1980-07-07,,10.2,8.94,,,,,,1.2599999999999998
1980-07-08,,10.09,8.8,,,,,,1.2899999999999991
1980-07-09,,10.14,8.83,,,,,,1.3100000000000005
1980-07-10,,10.21,8.9,,,,,,1.3100000000000005
1980-07-11,,10.28,8.97,,,,,,1.3099999999999987
1980-07-14,,10.33,9.16,,,,,,1.17
1980-07-15,,10.17,8.98,,,,,,1.1899999999999995
1980-07-16,,10.07,8.79,,,,,,1.2800000000000011
1980-07-17,,10.21,8.89,,,,,,1.3200000000000003
1980-07-18,,10.2,8.93,,,,,,1.2699999999999996
1980-07-21,,10.13,8.93,,,,,,1.200000000000001
1980-07-22,,10.18,9.02,,,,,,1.1600000000000001
1980-07-23,,10.12,8.95,,,,,,1.17
1980-07-24,,10.24,9.05,,,,,,1.1899999999999995
1980-07-25,,10.35,9.15,,,,,,1.1999999999999993
1980-07-28,,10.46,9.24,,,,,,1.2200000000000006
1980-07-29,,10.45,9.28,,,,,,1.17
1980-07-30,,10.53,9.33,,,,,,1.1999999999999993
1980-07-31,,10.76,9.72,,,,,,1.0399999999999991
1980-08-01,,10.76,9.78,9.61,83.2,0.12890094979647215,7.7,0.0,0.9800000000000004
1980-08-04,,10.69,9.66,,,,,,1.0299999999999994
1980-08-05,,10.7,9.67,,,,,,1.0299999999999994
1980-08-06,,10.8,9.69,,,,,,1.1100000000000012
1980-08-07,,10.71,9.67,,,,,,1.040000000000001
1980-08-08,,10.87,9.81,,,,,,1.0599999999999987
1980-08-11,,11.03,10.07,,,,,,0.9599999999999991
1980-08-12,,10.98,10.03,,,,,,0.9500000000000011
1980-08-13,,10.89,10.03,,,,,,0.8600000000000012
1980-08-14,,10.9,10.07,,,,,,0.8300000000000001
1980-08-15,,10.86,10.12,,,,,,0.7400000000000002
1980-08-18,,11.13,10.77,,,,,,0.3600000000000012
1980-08-19,,11.24,10.91,,,,,,0.33000000000000007
1980-08-20,,11.22,11.11,,,,,,0.11000000000000121
1980-08-21,,11.3,11.27,,,,,,0.030000000000001137
1980-08-22,,11.13,11.09,,,,,,0.040000000000000924
1980-08-25,,11.4,11.34,,,,,,0.0600000000000005
1980-08-26,,11.42,11.34,,,,,,0.08000000000000007
1980-08-27,,11.67,11.52,,,,,,0.15000000000000036
1980-08-28,,11.89,11.77,,,,,,0.120000000000001
1980-08-29,,11.55,11.36,,,,,,0.19000000000000128
1980-09-01,,,,10.87,83.9,0.12768817204301075,7.5,0.0,
1980-09-02,,11.32,11.05,,,,,,0.2699999999999996
1980-09-03,,11.08,10.73,,,,,,0.34999999999999964
1980-09-04,,11.16,10.77,,,,,,0.39000000000000057
1980-09-05,,11.21,10.89,,,,,,0.3200000000000003
1980-09-08,,11.29,11.11,,,,,,0.17999999999999972
1980-09-09,,11.19,11.13,,,,,,0.05999999999999872
1980-09-10,,11.14,11.03,,,,,,0.11000000000000121
1980-09-11,,11.32,11.27,,,,,,0.05000000000000071
1980-09-12,,11.37,11.4,,,,,,-0.030000000000001137
1980-09-15,,11.62,11.79,,,,,,-0.16999999999999993
1980-09-16,,11.52,11.68,,,,,,-0.16000000000000014
1980-09-17,,11.57,11.79,,,,,,-0.21999999999999886
1980-09-18,,11.53,11.84,,,,,,-0.3100000000000005
1980-09-19,,11.33,11.59,,,,,,-0.2599999999999998
1980-09-22,,11.69,12.0,,,,,,-0.3100000000000005
1980-09-23,,11.76,12.0,,,,,,-0.2400000000000002
1980-09-24,,11.75,11.98,,,,,,-0.23000000000000043
1980-09-25,,11.91,12.11,,,,,,-0.1999999999999993
1980-09-26,,11.99,12.4,,,,,,-0.41000000000000014
1980-09-29,,12.07,12.38,,,,,,-0.3100000000000005
1980-09-30,,11.86,12.13,,,,,,-0.27000000000000135
1980-10-01,,11.78,12.02,12.81,84.7,0.12632978723404253,7.5,0.0,-0.2400000000000002
1980-10-02,,11.83,12.06,,,,,,-0.23000000000000043
1980-10-03,,11.4,11.51,,,,,,-0.10999999999999943
1980-10-06,,11.35,11.41,,,,,,-0.0600000000000005
1980-10-07,,11.43,11.44,,,,,,-0.009999999999999787
1980-10-08,,11.51,11.69,,,,,,-0.17999999999999972
1980-10-09,,11.39,11.6,,,,,,-0.20999999999999908
1980-10-10,,11.44,11.64,,,,,,-0.20000000000000107
1980-10-13,,,,,,,,,
1980-10-14,,11.37,11.67,,,,,,-0.3000000000000007
1980-10-15,,11.29,11.58,,,,,,-0.2900000000000009
1980-10-16,,11.47,11.69,,,,,,-0.21999999999999886
1980-10-17,,11.62,11.91,,,,,,-0.2900000000000009
1980-10-20,,11.64,12.0,,,,,,-0.35999999999999943
1980-10-21,,11.7,12.11,,,,,,-0.41000000000000014
1980-10-22,,11.88,12.31,,,,,,-0.4299999999999997
1980-10-23,,11.82,12.31,,,,,,-0.4900000000000002
1980-10-24,,11.74,12.25,,,,,,-0.5099999999999998
1980-10-27,,12.13,12.73,,,,,,-0.5999999999999996
1980-10-28,,12.32,12.91,,,,,,-0.5899999999999999
1980-10-29,,12.48,12.98,,,,,,-0.5
1980-10-30,,12.48,13.04,,,,,,-0.5599999999999987
1980-10-31,,12.46,13.08,,,,,,-0.6199999999999992
1980-11-01,,,,15.85,85.6,0.12631578947368416,7.5,0.0,
1980-11-03,,12.46,13.23,,,,,,-0.7699999999999996
1980-11-04,,,,,,,,,
1980-11-05,,12.61,13.38,,,,,,-0.7700000000000014
1980-11-06,,13.04,13.57,,,,,,-0.5300000000000011
1980-11-07,,12.66,13.36,,,,,,-0.6999999999999993
1980-11-10,,12.78,13.29,,,,,,-0.5099999999999998
1980-11-11,,,,,,,,,
1980-11-12,,12.47,12.86,,,,,,-0.3899999999999988
1980-11-13,,12.49,12.89,,,,,,-0.40000000000000036
1980-11-14,,12.79,13.25,,,,,,-0.46000000000000085
1980-11-17,,12.95,13.71,,,,,,-0.7600000000000016
1980-11-18,,12.62,13.47,,,,,,-0.8500000000000014
1980-11-19,,12.51,13.37,,,,,,-0.8599999999999994
1980-11-20,,12.59,13.53,,,,,,-0.9399999999999995
1980-11-21,,12.8,13.83,,,,,,-1.0299999999999994
1980-11-24,,12.76,13.88,,,,,,-1.120000000000001
1980-11-25,,12.74,13.99,,,,,,-1.25
1980-11-26,,12.65,14.0,,,,,,-1.3499999999999996
1980-11-27,,,,,,,,,
1980-11-28,,12.72,14.13,,,,,,-1.4100000000000001
1980-12-01,,12.92,14.25,18.9,86.4,0.12353706111833551,7.2,0.0,-1.33
1980-12-02,,12.95,14.25,,,,,,-1.3000000000000007
1980-12-03,,12.92,14.04,,,,,,-1.1199999999999992
1980-12-04,,12.91,14.15,,,,,,-1.2400000000000002
1980-12-05,,12.85,14.34,,,,,,-1.4900000000000002
1980-12-08,,12.91,14.45,,,,,,-1.5399999999999991
1980-12-09,,13.1,14.54,,,,,,-1.4399999999999995
1980-12-10,,13.15,14.59,,,,,,-1.4399999999999995
1980-12-11,,13.57,14.97,,,,,,-1.4000000000000004
1980-12-12,,13.21,14.74,,,,,,-1.5299999999999994
1980-12-15,,13.25,14.83,,,,,,-1.58
1980-12-16,,13.51,15.12,,,,,,-1.6099999999999994
1980-12-17,,13.28,14.98,,,,,,-1.700000000000001
1980-12-18,,13.22,14.89,,,,,,-1.67
1980-12-19,,12.64,14.05,,,,,,-1.4100000000000001
1980-12-22,,12.14,13.24,,,,,,-1.0999999999999996
1980-12-23,,12.35,13.04,,,,,,-0.6899999999999995
1980-12-24,,12.42,13.37,,,,,,-0.9499999999999993
1980-12-25,,,,,,,,,
1980-12-26,,12.25,12.95,,,,,,-0.6999999999999993
1980-12-29,,12.2,12.87,,,,,,-0.6699999999999999
1980-12-30,,12.39,12.97,,,,,,-0.5800000000000001
1980-12-31,,12.43,13.06,,,,,,-0.6300000000000008
1981-01-01,,,,19.08,87.2,0.11794871794871797,7.5,0.0,
1981-01-02,,12.42,13.1,,,,,,-0.6799999999999997
1981-01-05,,12.15,12.28,,,,,,-0.129999999999999
1981-01-06,,12.11,12.42,,,,,,-0.3100000000000005
1981-01-07,,12.38,12.92,,,,,,-0.5399999999999991
1981-01-08,,12.35,13.09,,,,,,-0.7400000000000002
1981-01-09,,12.57,13.53,,,,,,-0.9599999999999991
1981-01-12,,12.45,13.17,,,,,,-0.7200000000000006
1981-01-13,,12.53,13.3,,,,,,-0.7700000000000014
1981-01-14,,12.53,12.95,,,,,,-0.41999999999999993
1981-01-15,,12.62,13.25,,,,,,-0.6300000000000008
1981-01-16,,12.53,13.08,,,,,,-0.5500000000000007
1981-01-19,,12.64,13.62,,,,,,-0.9799999999999986
1981-01-20,,12.5,13.48,,,,,,-0.9800000000000004
1981-01-21,,12.77,13.79,,,,,,-1.0199999999999996
1981-01-22,,12.87,13.83,,,,,,-0.9600000000000009
1981-01-23,,12.84,13.74,,,,,,-0.9000000000000004
1981-01-26,,12.7,13.4,,,,,,-0.7000000000000011
1981-01-27,,12.73,13.4,,,,,,-0.6699999999999999
1981-01-28,,12.77,13.48,,,,,,-0.7100000000000009
1981-01-29,,12.8,13.42,,,,,,-0.6199999999999992
1981-01-30,,12.68,13.26,,,,,,-0.5800000000000001
1981-02-01,,,,15.93,88.0,0.11392405063291133,7.4,0.0,
1981-02-02,,12.86,13.51,,,,,,-0.6500000000000004
1981-02-03,,12.98,13.7,,,,,,-0.7199999999999989
1981-02-04,,12.86,13.63,,,,,,-0.7700000000000014
1981-02-05,,12.95,13.63,,,,,,-0.6800000000000015
1981-02-06,,13.09,13.89,,,,,,-0.8000000000000007
1981-02-09,,13.21,13.97,,,,,,-0.7599999999999998
1981-02-10,,13.27,14.1,,,,,,-0.8300000000000001
1981-02-11,,13.42,14.34,,,,,,-0.9199999999999999
1981-02-12,,,,,,,,,
1981-02-13,,13.65,14.45,,,,,,-0.7999999999999989
1981-02-16,,,,,,,,,
1981-02-17,,13.33,13.97,,,,,,-0.6400000000000006
1981-02-18,,13.3,13.98,,,,,,-0.6799999999999997
1981-02-19,,13.09,13.72,,,,,,-0.6300000000000008
1981-02-20,,12.9,13.55,,,,,,-0.6500000000000004
1981-02-23,,13.19,13.92,,,,,,-0.7300000000000004
1981-02-24,,13.21,14.0,,,,,,-0.7899999999999991
1981-02-25,,13.29,14.0,,,,,,-0.7100000000000009
1981-02-26,,13.47,14.1,,,,,,-0.629999999999999
1981-02-27,,13.43,14.08,,,,,,-0.6500000000000004
1981-03-01,,,,14.7,88.6,0.10611735330836458,7.4,0.0,
1981-03-02,,13.62,14.4,,,,,,-0.7800000000000011
1981-03-03,,13.43,14.13,,,,,,-0.7000000000000011
1981-03-04,,13.45,14.21,,,,,,-0.7600000000000016
1981-03-05,,13.43,14.17,,,,,,-0.7400000000000002
1981-03-06,,13.2,13.91,,,,,,-0.7100000000000009
1981-03-09,,13.09,13.84,,,,,,-0.75
1981-03-10,,13.08,13.74,,,,,,-0.6600000000000001
1981-03-11,,13.12,13.79,,,,,,-0.6699999999999999
1981-03-12,,13.03,13.7,,,,,,-0.6699999999999999
1981-03-13,,12.86,13.45,,,,,,-0.5899999999999999
1981-03-16,,12.85,13.3,,,,,,-0.45000000000000107
1981-03-17,,12.68,13.2,,,,,,-0.5199999999999996
1981-03-18,,12.58,12.75,,,,,,-0.16999999999999993
1981-03-19,,12.67,12.84,,,,,,-0.16999999999999993
1981-03-20,,12.77,12.88,,,,,,-0.11000000000000121
1981-03-23,,13.13,13.36,,,,,,-0.22999999999999865
1981-03-24,,13.3,13.55,,,,,,-0.25
1981-03-25,,13.21,13.51,,,,,,-0.29999999999999893
1981-03-26,,13.34,13.62,,,,,,-0.27999999999999936
1981-03-27,,13.36,13.67,,,,,,-0.3100000000000005
1981-03-30,,13.22,13.32,,,,,,-0.09999999999999964
1981-03-31,,13.13,13.17,,,,,,-0.03999999999999915
1981-04-01,,13.14,13.19,15.72,89.1,0.10135970333745359,7.2,0.0,-0.049999999999998934
1981-04-02,,13.25,13.4,,,,,,-0.15000000000000036
1981-04-03,,13.4,13.57,,,,,,-0.16999999999999993
1981-04-06,,13.74,14.13,,,,,,-0.39000000000000057
1981-04-07,,13.41,13.7,,,,,,-0.28999999999999915
1981-04-08,,13.61,13.89,,,,,,-0.28000000000000114
1981-04-09,,13.45,13.87,,,,,,-0.41999999999999993
1981-04-10,,13.59,13.9,,,,,,-0.3100000000000005
1981-04-13,,13.68,14.05,,,,,,-0.370000000000001
1981-04-14,,13.58,13.92,,,,,,-0.33999999999999986
1981-04-15,,13.74,14.19,,,,,,-0.4499999999999993
1981-04-16,,13.79,14.23,,,,,,-0.4400000000000013
1981-04-17,,,,,,,,,
1981-04-20,,13.69,14.33,,,,,,-0.6400000000000006
1981-04-21,,13.73,14.34,,,,,,-0.6099999999999994
1981-04-22,,13.78,14.41,,,,,,-0.6300000000000008
1981-04-23,,13.8,14.51,,,,,,-0.7099999999999991
1981-04-24,,13.88,14.66,,,,,,-0.7799999999999994
1981-04-27,,13.92,14.73,,,,,,-0.8100000000000005
1981-04-28,,13.93,14.65,,,,,,-0.7200000000000006
1981-04-29,,14.05,14.67,,,,,,-0.6199999999999992
1981-04-30,,14.11,14.84,,,,,,-0.7300000000000004
1981-05-01,,14.05,14.72,18.52,89.7,0.0979192166462668,7.5,0.0,-0.6699999999999999
1981-05-04,,14.47,15.37,,,,,,-0.8999999999999986
1981-05-05,,14.69,15.94,,,,,,-1.25
1981-05-06,,14.56,15.83,,,,,,-1.2699999999999996
1981-05-07,,14.33,15.69,,,,,,-1.3599999999999994
1981-05-08,,14.23,15.69,,,,,,-1.459999999999999
1981-05-11,,14.34,15.74,,,,,,-1.4000000000000004
1981-05-12,,14.46,15.93,,,,,,-1.4699999999999989
1981-05-13,,14.49,15.94,,,,,,-1.4499999999999993
1981-05-14,,14.24,15.8,,,,,,-1.5600000000000005
1981-05-15,,14.07,15.55,,,,,,-1.4800000000000004
1981-05-18,,13.8,15.19,,,,,,-1.3899999999999988
1981-05-19,,13.95,15.47,,,,,,-1.5200000000000014
1981-05-20,,14.0,15.63,,,,,,-1.6300000000000008
1981-05-21,,14.05,15.75,,,,,,-1.6999999999999993
1981-05-22,,13.82,15.48,,,,,,-1.6600000000000001
1981-05-25,,,,,,,,,
1981-05-26,,13.67,15.09,,,,,,-1.42
1981-05-27,,13.71,15.14,,,,,,-1.4299999999999997
1981-05-28,,13.56,14.79,,,,,,-1.2299999999999986
1981-05-29,,13.5,14.4,,,,,,-0.9000000000000004
1981-06-01,,13.46,14.47,19.1,90.5,0.09696969696969693,7.5,0.0,-1.0099999999999998
1981-06-02,,13.58,14.66,,,,,,-1.08
1981-06-03,,13.55,14.65,,,,,,-1.0999999999999996
1981-06-04,,13.51,14.76,,,,,,-1.25
1981-06-05,,13.56,14.73,,,,,,-1.17
1981-06-08,,13.36,14.31,,,,,,-0.9500000000000011
1981-06-09,,13.37,14.41,,,,,,-1.040000000000001
1981-06-10,,13.31,14.31,,,,,,-1.0
1981-06-11,,13.32,14.4,,,,,,-1.08
1981-06-12,,13.35,14.44,,,,,,-1.0899999999999999
1981-06-15,,13.09,14.03,,,,,,-0.9399999999999995
1981-06-16,,13.08,14.11,,,,,,-1.0299999999999994
1981-06-17,,13.23,14.37,,,,,,-1.1399999999999988
1981-06-18,,13.57,14.66,,,,,,-1.0899999999999999
1981-06-19,,13.46,14.65,,,,,,-1.1899999999999995
1981-06-22,,13.44,14.49,,,,,,-1.0500000000000007
1981-06-23,,13.56,14.59,,,,,,-1.0299999999999994
1981-06-24,,13.66,14.71,,,,,,-1.0500000000000007
1981-06-25,,13.7,14.65,,,,,,-0.9500000000000011
1981-06-26,,13.69,14.59,,,,,,-0.9000000000000004
1981-06-29,,13.68,14.48,,,,,,-0.8000000000000007
1981-06-30,,13.86,14.66,,,,,,-0.8000000000000007
1981-07-01,,14.04,14.94,19.04,91.5,0.10774818401937059,7.2,0.0,-0.9000000000000004
1981-07-02,,13.95,14.87,,,,,,-0.9199999999999999
1981-07-03,,,,,,,,,
1981-07-06,,13.81,14.68,,,,,,-0.8699999999999992
1981-07-07,,14.04,14.92,,,,,,-0.8800000000000008
1981-07-08,,14.11,15.02,,,,,,-0.9100000000000001
1981-07-09,,14.12,15.14,,,,,,-1.0200000000000014
1981-07-10,,13.94,14.88,,,,,,-0.9400000000000013
1981-07-13,,13.99,14.83,,,,,,-0.8399999999999999
1981-07-14,,14.15,15.07,,,,,,-0.9199999999999999
1981-07-15,,14.07,15.03,,,,,,-0.9599999999999991
1981-07-16,,14.11,15.11,,,,,,-1.0
1981-07-17,,14.09,15.07,,,,,,-0.9800000000000004
1981-07-20,,14.59,15.96,,,,,,-1.370000000000001
1981-07-21,,14.61,16.0,,,,,,-1.3900000000000006
1981-07-22,,14.63,15.95,,,,,,-1.3199999999999985
1981-07-23,,14.57,15.85,,,,,,-1.2799999999999994
1981-07-24,,14.41,15.64,,,,,,-1.2300000000000004
1981-07-27,,14.43,15.57,,,,,,-1.1400000000000006
1981-07-28,,14.53,15.78,,,,,,-1.25
1981-07-29,,14.61,15.76,,,,,,-1.1500000000000004
1981-07-30,,14.71,15.88,,,,,,-1.17
1981-07-31,,14.67,15.84,,,,,,-1.17
1981-08-01,,,,17.82,92.2,0.10817307692307687,7.4,1.0,
1981-08-03,,14.95,16.16,,,,,,-1.2100000000000009
1981-08-04,,14.95,16.16,,,,,,-1.2100000000000009
1981-08-05,,14.91,16.07,,,,,,-1.1600000000000001
1981-08-06,,14.86,16.03,,,,,,-1.1700000000000017
1981-08-07,,14.83,16.05,,,,,,-1.2200000000000006
1981-08-10,,14.65,15.83,,,,,,-1.1799999999999997
1981-08-11,,14.4,15.67,,,,,,-1.2699999999999996
1981-08-12,,14.61,16.02,,,,,,-1.4100000000000001
1981-08-13,,14.65,16.13,,,,,,-1.4799999999999986
1981-08-14,,14.74,16.19,,,,,,-1.450000000000001
1981-08-17,,14.71,16.22,,,,,,-1.509999999999998
1981-08-18,,14.79,16.3,,,,,,-1.5100000000000016
1981-08-19,,14.77,16.32,,,,,,-1.5500000000000007
1981-08-20,,14.89,16.25,,,,,,-1.3599999999999994
1981-08-21,,14.97,16.31,,,,,,-1.339999999999998
1981-08-24,,15.32,16.86,,,,,,-1.5399999999999991
1981-08-25,,15.35,16.67,,,,,,-1.320000000000002
1981-08-26,,15.31,16.69,,,,,,-1.3800000000000008
1981-08-27,,15.36,16.75,,,,,,-1.3900000000000006
1981-08-28,,15.25,16.57,,,,,,-1.3200000000000003
1981-08-31,,15.41,16.73,,,,,,-1.3200000000000003
1981-09-01,,15.41,16.78,15.87,93.1,0.1096543504171632,7.6,1.0,-1.370000000000001
1981-09-02,,15.4,16.78,,,,,,-1.3800000000000008
1981-09-03,,15.48,16.9,,,,,,-1.4199999999999982
1981-09-04,,15.51,16.89,,,,,,-1.3800000000000008
1981-09-07,,,,,,,,,
1981-09-08,,15.59,16.95,,,,,,-1.3599999999999994
1981-09-09,,15.53,16.95,,,,,,-1.42
1981-09-10,,15.3,16.72,,,,,,-1.4199999999999982
1981-09-11,,15.05,16.47,,,,,,-1.4199999999999982
1981-09-14,,15.2,16.43,,,,,,-1.2300000000000004
1981-09-15,,15.08,16.13,,,,,,-1.049999999999999
1981-09-16,,15.11,16.09,,,,,,-0.9800000000000004
1981-09-17,,14.95,16.01,,,,,,-1.0600000000000023
1981-09-18,,14.91,16.02,,,,,,-1.1099999999999994
1981-09-21,,14.78,15.79,,,,,,-1.0099999999999998
1981-09-22,,15.03,16.04,,,,,,-1.0099999999999998
1981-09-23,,15.23,16.11,,,,,,-0.879999999999999
1981-09-24,,15.31,16.17,,,,,,-0.8600000000000012
1981-09-25,,15.68,16.53,,,,,,-0.8500000000000014
1981-09-28,,15.65,16.57,,,,,,-0.9199999999999999
1981-09-29,,15.76,16.59,,,,,,-0.8300000000000001
1981-09-30,,15.84,16.69,,,,,,-0.8500000000000014
1981-10-01,,15.75,16.57,15.08,93.4,0.10271546635182993,7.9,1.0,-0.8200000000000003
1981-10-02,,15.41,16.34,,,,,,-0.9299999999999997
1981-10-05,,15.19,15.87,,,,,,-0.6799999999999997
1981-10-06,,15.14,15.85,,,,,,-0.7099999999999991
1981-10-07,,15.04,15.73,,,,,,-0.6900000000000013
1981-10-08,,15.0,15.79,,,,,,-0.7899999999999991
1981-10-09,,14.73,15.2,,,,,,-0.46999999999999886
1981-10-12,,,,,,,,,
1981-10-13,,14.83,15.25,,,,,,-0.41999999999999993
1981-10-14,,14.87,15.35,,,,,,-0.4800000000000004
1981-10-15,,14.88,15.31,,,,,,-0.4299999999999997
1981-10-16,,14.94,15.46,,,,,,-0.5200000000000014
1981-10-19,,14.95,15.48,,,,,,-0.5300000000000011
1981-10-20,,15.09,15.48,,,,,,-0.39000000000000057
1981-10-21,,15.34,15.55,,,,,,-0.21000000000000085
1981-10-22,,15.38,15.56,,,,,,-0.17999999999999972
1981-10-23,,15.3,15.41,,,,,,-0.10999999999999943
1981-10-26,,15.6,15.56,,,,,,0.03999999999999915
1981-10-27,,15.54,15.56,,,,,,-0.02000000000000135
1981-10-28,,15.44,15.42,,,,,,0.019999999999999574
1981-10-29,,15.06,15.07,,,,,,-0.009999999999999787
1981-10-30,,14.63,14.59,,,,,,0.040000000000000924
1981-11-01,,,,13.31,93.8,0.09579439252336464,8.3,1.0,
1981-11-02,,14.57,14.44,,,,,,0.13000000000000078
1981-11-03,,,,,,,,,
1981-11-04,,14.18,14.11,,,,,,0.07000000000000028
1981-11-05,,14.19,14.2,,,,,,-0.009999999999999787
1981-11-06,,13.94,13.86,,,,,,0.08000000000000007
1981-11-09,,13.39,13.17,,,,,,0.22000000000000064
1981-11-10,,13.4,13.22,,,,,,0.17999999999999972
1981-11-11,,,,,,,,,
1981-11-12,,13.19,12.77,,,,,,0.41999999999999993
1981-11-13,,13.18,12.83,,,,,,0.34999999999999964
1981-11-16,,13.07,12.69,,,,,,0.3800000000000008
1981-11-17,,13.18,12.71,,,,,,0.46999999999999886
1981-11-18,,13.0,12.19,,,,,,0.8100000000000005
1981-11-19,,13.04,12.22,,,,,,0.8199999999999985
1981-11-20,,13.14,12.21,,,,,,0.9299999999999997
1981-11-23,,13.44,12.5,,,,,,0.9399999999999995
1981-11-24,,13.13,12.15,,,,,,0.9800000000000004
1981-11-25,,12.98,12.13,,,,,,0.8499999999999996
1981-11-26,,,,,,,,,
1981-11-27,,12.92,12.11,,,,,,0.8100000000000005
1981-11-30,,13.13,12.36,,,,,,0.7700000000000014
1981-12-01,,13.37,12.71,12.37,94.1,0.08912037037037024,8.5,1.0,0.6599999999999984
1981-12-02,,13.49,12.89,,,,,,0.5999999999999996
1981-12-03,,13.45,12.88,,,,,,0.5699999999999985
1981-12-04,,13.15,12.23,,,,,,0.9199999999999999
1981-12-07,,13.5,12.58,,,,,,0.9199999999999999
1981-12-08,,13.5,12.65,,,,,,0.8499999999999996
1981-12-09,,13.64,12.87,,,,,,0.7700000000000014
1981-12-10,,13.8,13.16,,,,,,0.6400000000000006
1981-12-11,,13.84,13.35,,,,,,0.4900000000000002
1981-12-14,,13.62,13.39,,,,,,0.22999999999999865
1981-12-15,,13.55,13.1,,,,,,0.45000000000000107
1981-12-16,,13.53,13.04,,,,,,0.4900000000000002
1981-12-17,,13.71,13.37,,,,,,0.34000000000000163
1981-12-18,,13.51,13.19,,,,,,0.3200000000000003
1981-12-21,,13.83,13.61,,,,,,0.22000000000000064
1981-12-22,,14.02,13.77,,,,,,0.25
1981-12-23,,14.14,14.12,,,,,,0.02000000000000135
1981-12-24,,14.01,13.95,,,,,,0.0600000000000005
1981-12-25,,,,,,,,,
1981-12-28,,14.01,14.02,,,,,,-0.009999999999999787
1981-12-29,,14.12,13.98,,,,,,0.1399999999999988
1981-12-30,,14.17,13.9,,,,,,0.2699999999999996
1981-12-31,,13.98,13.63,,,,,,0.34999999999999964
1982-01-01,,,,13.22,94.4,0.08256880733944949,8.6,1.0,
1982-01-04,,14.19,13.87,,,,,,0.3200000000000003
1982-01-05,,14.44,14.09,,,,,,0.34999999999999964
1982-01-06,,14.59,14.19,,,,,,0.40000000000000036
1982-01-07,,14.63,14.33,,,,,,0.3000000000000007
1982-01-08,,14.48,14.11,,,,,,0.370000000000001
1982-01-11,,14.81,14.55,,,,,,0.2599999999999998
1982-01-12,,14.62,14.49,,,,,,0.129999999999999
1982-01-13,,14.83,14.78,,,,,,0.05000000000000071
1982-01-14,,14.7,14.71,,,,,,-0.010000000000001563
1982-01-15,,14.82,14.81,,,,,,0.009999999999999787
1982-01-18,,14.75,14.83,,,,,,-0.08000000000000007
1982-01-19,,14.8,14.79,,,,,,0.010000000000001563
1982-01-20,,14.81,15.02,,,,,,-0.20999999999999908
1982-01-21,,14.62,14.96,,,,,,-0.34000000000000163
1982-01-22,,14.69,15.06,,,,,,-0.370000000000001
1982-01-25,,14.62,14.93,,,,,,-0.3100000000000005
1982-01-26,,14.54,14.7,,,,,,-0.16000000000000014
1982-01-27,,14.51,14.57,,,,,,-0.0600000000000005
1982-01-28,,14.29,14.33,,,,,,-0.040000000000000924
1982-01-29,,14.14,14.24,,,,,,-0.09999999999999964
1982-02-01,,14.58,15.04,14.78,94.7,0.07613636363636367,8.9,1.0,-0.4599999999999991
1982-02-02,,14.47,14.85,,,,,,-0.379999999999999
1982-02-03,,14.69,14.93,,,,,,-0.2400000000000002
1982-02-04,,14.76,14.96,,,,,,-0.20000000000000107
1982-02-05,,14.65,14.89,,,,,,-0.2400000000000002
1982-02-08,,14.88,15.09,,,,,,-0.20999999999999908
1982-02-09,,14.95,15.15,,,,,,-0.20000000000000107
1982-02-10,,14.81,15.08,,,,,,-0.2699999999999996
1982-02-11,,14.71,15.07,,,,,,-0.35999999999999943
1982-02-12,,,,,,,,,
1982-02-15,,,,,,,,,
1982-02-16,,14.53,15.04,,,,,,-0.5099999999999998
1982-02-17,,14.5,15.18,,,,,,-0.6799999999999997
1982-02-18,,14.28,14.99,,,,,,-0.7100000000000009
1982-02-19,,14.24,14.94,,,,,,-0.6999999999999993
1982-02-22,,13.87,14.35,,,,,,-0.4800000000000004
1982-02-23,,13.93,14.33,,,,,,-0.40000000000000036
1982-02-24,,13.87,14.24,,,,,,-0.370000000000001
1982-02-25,,13.91,14.25,,,,,,-0.33999999999999986
1982-02-26,,14.03,14.44,,,,,,-0.41000000000000014
1982-03-01,,13.85,14.25,14.68,94.7,0.06884875846501148,9.0,1.0,-0.40000000000000036
1982-03-02,,13.74,14.14,,,,,,-0.40000000000000036
1982-03-03,,13.69,14.09,,,,,,-0.40000000000000036
1982-03-04,,13.61,13.9,,,,,,-0.2900000000000009
1982-03-05,,13.59,13.79,,,,,,-0.1999999999999993
1982-03-08,,13.67,13.71,,,,,,-0.040000000000000924
1982-03-09,,13.69,13.93,,,,,,-0.2400000000000002
1982-03-10,,13.73,13.97,,,,,,-0.2400000000000002
1982-03-11,,13.95,14.25,,,,,,-0.3000000000000007
1982-03-12,,13.97,14.35,,,,,,-0.379999999999999
1982-03-15,,13.96,14.43,,,,,,-0.46999999999999886
1982-03-16,,13.91,14.35,,,,,,-0.4399999999999995
1982-03-17,,13.88,14.15,,,,,,-0.2699999999999996
1982-03-18,,13.87,14.24,,,,,,-0.370000000000001
1982-03-19,,13.89,14.35,,,,,,-0.4599999999999991
1982-03-22,,13.74,14.09,,,,,,-0.34999999999999964
1982-03-23,,13.72,14.07,,,,,,-0.34999999999999964
1982-03-24,,13.91,14.14,,,,,,-0.23000000000000043
1982-03-25,,13.9,14.24,,,,,,-0.33999999999999986
1982-03-26,,14.01,14.35,,,,,,-0.33999999999999986
1982-03-29,,14.16,14.53,,,,,,-0.3699999999999992
1982-03-30,,14.19,14.63,,,,,,-0.4400000000000013
1982-03-31,,14.18,14.52,,,,,,-0.33999999999999986
1982-04-01,,14.1,14.42,14.94,95.0,0.06621773288439958,9.3,1.0,-0.3200000000000003
1982-04-02,,14.1,14.44,,,,,,-0.33999999999999986
1982-04-05,,14.16,14.37,,,,,,-0.20999999999999908
1982-04-06,,14.18,14.42,,,,,,-0.2400000000000002
1982-04-07,,14.18,14.54,,,,,,-0.35999999999999943
1982-04-08,,13.98,14.28,,,,,,-0.29999999999999893
1982-04-09,,,,,,,,,
1982-04-12,,13.83,14.22,,,,,,-0.39000000000000057
1982-04-13,,13.83,14.17,,,,,,-0.33999999999999986
1982-04-14,,13.95,14.35,,,,,,-0.40000000000000036
1982-04-15,,13.91,14.39,,,,,,-0.4800000000000004
1982-04-16,,13.71,14.24,,,,,,-0.5299999999999994
1982-04-19,,13.66,14.18,,,,,,-0.5199999999999996
1982-04-20,,13.72,14.14,,,,,,-0.41999999999999993
1982-04-21,,13.69,14.04,,,,,,-0.34999999999999964
1982-04-22,,13.71,14.06,,,,,,-0.34999999999999964
1982-04-23,,13.69,14.02,,,,,,-0.33000000000000007
1982-04-26,,13.7,14.02,,,,,,-0.3200000000000003
1982-04-27,,13.7,13.95,,,,,,-0.25
1982-04-28,,13.77,13.99,,,,,,-0.22000000000000064
1982-04-29,,13.87,14.02,,,,,,-0.15000000000000036
1982-04-30,,13.87,13.99,,,,,,-0.120000000000001
1982-05-01,,,,14.45,95.9,0.06911928651059096,9.4,1.0,
1982-05-03,,13.95,14.13,,,,,,-0.1800000000000015
1982-05-04,,13.87,14.17,,,,,,-0.3000000000000007
1982-05-05,,13.8,14.04,,,,,,-0.23999999999999844
1982-05-06,,13.54,13.78,,,,,,-0.2400000000000002
1982-05-07,,13.48,13.67,,,,,,-0.1899999999999995
1982-05-10,,13.49,13.71,,,,,,-0.22000000000000064
1982-05-11,,13.46,13.73,,,,,,-0.2699999999999996
1982-05-12,,13.59,13.8,,,,,,-0.21000000000000085
1982-05-13,,13.62,13.95,,,,,,-0.33000000000000007
1982-05-14,,13.48,13.86,,,,,,-0.379999999999999
1982-05-17,,13.57,13.85,,,,,,-0.27999999999999936
1982-05-18,,13.6,13.85,,,,,,-0.25
1982-05-19,,13.64,13.78,,,,,,-0.1399999999999988
1982-05-20,,13.53,13.48,,,,,,0.049999999999998934
1982-05-21,,13.52,13.57,,,,,,-0.05000000000000071
1982-05-24,,13.58,13.62,,,,,,-0.03999999999999915
1982-05-25,,13.62,13.68,,,,,,-0.0600000000000005
1982-05-26,,13.68,13.62,,,,,,0.0600000000000005
1982-05-27,,13.72,13.63,,,,,,0.08999999999999986
1982-05-28,,13.71,13.62,,,,,,0.09000000000000163
1982-05-31,,,,,,,,,
1982-06-01,,13.93,13.92,14.15,97.0,0.07182320441988943,9.6,1.0,0.009999999999999787
1982-06-02,,13.86,13.95,,,,,,-0.08999999999999986
1982-06-03,,13.9,13.9,,,,,,0.0
1982-06-04,,13.98,14.03,,,,,,-0.049999999999998934
1982-06-07,,13.94,13.97,,,,,,-0.030000000000001137
1982-06-08,,13.98,14.04,,,,,,-0.05999999999999872
1982-06-09,,13.99,14.11,,,,,,-0.11999999999999922
1982-06-10,,14.02,14.12,,,,,,-0.09999999999999964
1982-06-11,,13.93,14.08,,,,,,-0.15000000000000036
1982-06-14,,14.21,14.37,,,,,,-0.15999999999999837
1982-06-15,,14.21,14.41,,,,,,-0.1999999999999993
1982-06-16,,14.26,14.45,,,,,,-0.1899999999999995
1982-06-17,,14.48,14.79,,,,,,-0.3099999999999987
1982-06-18,,14.62,14.96,,,,,,-0.34000000000000163
1982-06-21,,14.63,14.92,,,,,,-0.28999999999999915
1982-06-22,,14.66,14.9,,,,,,-0.2400000000000002
1982-06-23,,14.74,14.97,,,,,,-0.23000000000000043
1982-06-24,,14.71,14.95,,,,,,-0.23999999999999844
1982-06-25,,14.76,14.98,,,,,,-0.22000000000000064
1982-06-28,,14.73,14.93,,,,,,-0.1999999999999993
1982-06-29,,14.61,14.83,,,,,,-0.22000000000000064
1982-06-30,,14.44,14.66,,,,,,-0.22000000000000064
1982-07-01,,14.4,14.6,12.59,97.5,0.06557377049180335,9.8,1.0,-0.1999999999999993
1982-07-02,,14.5,14.71,,,,,,-0.21000000000000085
1982-07-05,,,,,,,,,
1982-07-06,,14.48,14.72,,,,,,-0.2400000000000002
1982-07-07,,14.49,14.68,,,,,,-0.1899999999999995
1982-07-08,,14.19,14.26,,,,,,-0.07000000000000028
1982-07-09,,14.03,14.05,,,,,,-0.02000000000000135
1982-07-12,,13.87,13.86,,,,,,0.009999999999999787
1982-07-13,,14.02,14.13,,,,,,-0.11000000000000121
1982-07-14,,14.1,14.23,,,,,,-0.13000000000000078
1982-07-15,,13.96,14.07,,,,,,-0.10999999999999943
1982-07-16,,13.7,13.71,,,,,,-0.010000000000001563
1982-07-19,,13.68,13.52,,,,,,0.16000000000000014
1982-07-20,,13.53,13.27,,,,,,0.2599999999999998
1982-07-21,,13.6,13.13,,,,,,0.46999999999999886
1982-07-22,,13.51,13.04,,,,,,0.47000000000000064
1982-07-23,,13.56,13.04,,,,,,0.5200000000000014
1982-07-26,,13.91,13.33,,,,,,0.5800000000000001
1982-07-27,,13.86,13.35,,,,,,0.5099999999999998
1982-07-28,,13.97,13.45,,,,,,0.5200000000000014
1982-07-29,,13.83,13.42,,,,,,0.41000000000000014
1982-07-30,,13.68,13.17,,,,,,0.5099999999999998
1982-08-01,,,,10.12,97.7,0.05965292841648595,9.8,1.0,
1982-08-02,,13.41,12.82,,,,,,0.5899999999999999
1982-08-03,,13.51,12.9,,,,,,0.6099999999999994
1982-08-04,,13.68,12.93,,,,,,0.75
1982-08-05,,13.7,13.08,,,,,,0.6199999999999992
1982-08-06,,13.85,13.24,,,,,,0.6099999999999994
1982-08-09,,13.7,13.08,,,,,,0.6199999999999992
1982-08-10,,13.69,13.15,,,,,,0.5399999999999991
1982-08-11,,13.71,13.15,,,,,,0.5600000000000005
1982-08-12,,13.55,12.93,,,,,,0.620000000000001
1982-08-13,,13.2,12.75,,,,,,0.4499999999999993
1982-08-16,,13.09,12.36,,,,,,0.7300000000000004
1982-08-17,,12.65,11.83,,,,,,0.8200000000000003
1982-08-18,,12.57,11.76,,,,,,0.8100000000000005
1982-08-19,,12.47,11.61,,,,,,0.8600000000000012
1982-08-20,,12.24,11.2,,,,,,1.040000000000001
1982-08-23,,12.47,11.57,,,,,,0.9000000000000004
1982-08-24,,12.35,11.5,,,,,,0.8499999999999996
1982-08-25,,12.43,11.66,,,,,,0.7699999999999996
1982-08-26,,12.55,11.67,,,,,,0.8800000000000008
1982-08-27,,12.77,11.93,,,,,,0.8399999999999999
1982-08-30,,12.81,12.01,,,,,,0.8000000000000007
1982-08-31,,12.81,11.99,,,,,,0.8200000000000003
1982-09-01,,12.76,12.0,10.31,97.7,0.04940923737916236,10.1,1.0,0.7599999999999998
1982-09-02,,12.6,11.95,,,,,,0.6500000000000004
1982-09-03,,12.47,11.69,,,,,,0.7800000000000011
1982-09-06,,,,,,,,,
1982-09-07,,12.53,11.8,,,,,,0.7299999999999986
1982-09-08,,12.51,11.87,,,,,,0.6400000000000006
1982-09-09,,12.53,11.87,,,,,,0.6600000000000001
1982-09-10,,12.73,12.06,,,,,,0.6699999999999999
1982-09-13,,12.63,11.93,,,,,,0.7000000000000011
1982-09-14,,12.56,11.88,,,,,,0.6799999999999997
1982-09-15,,12.6,12.16,,,,,,0.4399999999999995
1982-09-16,,12.6,12.14,,,,,,0.4599999999999991
1982-09-17,,12.51,11.96,,,,,,0.5499999999999989
1982-09-20,,12.47,11.98,,,,,,0.4900000000000002
1982-09-21,,12.18,11.68,,,,,,0.5
1982-09-22,,12.04,11.61,,,,,,0.4299999999999997
1982-09-23,,11.94,11.5,,,,,,0.4399999999999995
1982-09-24,,12.09,11.65,,,,,,0.4399999999999995
1982-09-27,,11.99,11.69,,,,,,0.3000000000000007
1982-09-28,,11.85,11.42,,,,,,0.4299999999999997
1982-09-29,,11.8,11.38,,,,,,0.41999999999999993
1982-09-30,,11.73,11.23,,,,,,0.5
1982-10-01,,11.51,11.13,9.71,98.1,0.05032119914346889,10.4,1.0,0.379999999999999
1982-10-04,,11.72,11.51,,,,,,0.21000000000000085
1982-10-05,,11.69,11.42,,,,,,0.2699999999999996
1982-10-06,,11.5,11.21,,,,,,0.28999999999999915
1982-10-07,,10.91,10.46,,,,,,0.4499999999999993
1982-10-08,,10.83,10.15,,,,,,0.6799999999999997
1982-10-11,,,,,,,,,
1982-10-12,,10.53,9.69,,,,,,0.8399999999999999
1982-10-13,,10.39,9.68,,,,,,0.7100000000000009
1982-10-14,,10.61,9.84,,,,,,0.7699999999999996
1982-10-15,,10.75,10.0,,,,,,0.75
1982-10-18,,10.58,9.8,,,,,,0.7799999999999994
1982-10-19,,10.56,9.82,,,,,,0.7400000000000002
1982-10-20,,10.69,9.72,,,,,,0.9699999999999989
1982-10-21,,10.69,9.79,,,,,,0.9000000000000004
1982-10-22,,10.81,9.87,,,,,,0.9400000000000013
1982-10-25,,11.11,10.09,,,,,,1.0199999999999996
1982-10-26,,10.87,9.89,,,,,,0.9799999999999986
1982-10-27,,10.9,9.94,,,,,,0.9600000000000009
1982-10-28,,10.77,9.89,,,,,,0.879999999999999
1982-10-29,,10.71,9.85,,,,,,0.8600000000000012
1982-11-01,,10.56,9.68,9.2,98.0,0.044776119402985204,10.8,1.0,0.8800000000000008
1982-11-02,,,,,,,,,
1982-11-03,,10.46,9.65,,,,,,0.8100000000000005
1982-11-04,,10.42,9.64,,,,,,0.7799999999999994
1982-11-05,,10.48,9.73,,,,,,0.75
1982-11-08,,10.55,9.81,,,,,,0.7400000000000002
1982-11-09,,10.51,9.74,,,,,,0.7699999999999996
1982-11-10,,10.48,9.77,,,,,,0.7100000000000009
1982-11-11,,,,,,,,,
1982-11-12,,10.58,9.87,,,,,,0.7100000000000009
1982-11-15,,10.65,9.91,,,,,,0.7400000000000002
1982-11-16,,10.67,9.9,,,,,,0.7699999999999996
1982-11-17,,10.59,9.9,,,,,,0.6899999999999995
1982-11-18,,10.46,9.81,,,,,,0.6500000000000004
1982-11-19,,10.42,9.79,,,,,,0.6300000000000008
1982-11-22,,10.43,9.73,,,,,,0.6999999999999993
1982-11-23,,10.53,9.73,,,,,,0.7999999999999989
1982-11-24,,10.59,9.8,,,,,,0.7899999999999991
1982-11-25,,,,,,,,,
1982-11-26,,10.51,9.76,,,,,,0.75
1982-11-29,,10.78,9.94,,,,,,0.8399999999999999
1982-11-30,,10.79,9.96,,,,,,0.8299999999999983
1982-12-01,,10.74,9.96,8.95,97.7,0.03825717321997879,10.8,0.0,0.7799999999999994
1982-12-02,,10.68,9.89,,,,,,0.7899999999999991
1982-12-03,,10.47,9.72,,,,,,0.75
1982-12-06,,10.46,9.73,,,,,,0.7300000000000004
1982-12-07,,10.48,9.72,,,,,,0.7599999999999998
1982-12-08,,10.62,9.85,,,,,,0.7699999999999996
1982-12-09,,10.58,9.83,,,,,,0.75
1982-12-10,,10.66,9.87,,,,,,0.7900000000000009
1982-12-13,,10.61,9.84,,,,,,0.7699999999999996
1982-12-14,,10.46,9.54,,,,,,0.9200000000000017
1982-12-15,,10.5,9.49,,,,,,1.0099999999999998
1982-12-16,,10.59,9.59,,,,,,1.0
1982-12-17,,10.64,9.66,,,,,,0.9800000000000004
1982-12-20,,10.7,9.67,,,,,,1.0299999999999994
1982-12-21,,10.54,9.54,,,,,,1.0
1982-12-22,,10.53,9.55,,,,,,0.9799999999999986
1982-12-23,,10.47,9.52,,,,,,0.9500000000000011
1982-12-24,,,,,,,,,
1982-12-27,,10.44,9.54,,,,,,0.9000000000000004
1982-12-28,,10.44,9.52,,,,,,0.9199999999999999
1982-12-29,,10.47,9.54,,,,,,0.9300000000000015
1982-12-30,,10.44,9.52,,,,,,0.9199999999999999
1982-12-31,,10.36,9.48,,,,,,0.879999999999999
1983-01-01,,,,8.68,97.9,0.037076271186440746,10.4,0.0,
1983-01-03,,10.32,9.29,,,,,,1.0300000000000011
1983-01-04,,10.37,9.43,,,,,,0.9399999999999995
1983-01-05,,10.35,9.39,,,,,,0.9599999999999991
1983-01-06,,10.39,9.39,,,,,,1.0
1983-01-07,,10.36,9.26,,,,,,1.0999999999999996
1983-01-10,,10.38,9.24,,,,,,1.1400000000000006
1983-01-11,,10.34,9.19,,,,,,1.1500000000000004
1983-01-12,,10.32,9.22,,,,,,1.0999999999999996
1983-01-13,,10.27,9.11,,,,,,1.1600000000000001
1983-01-14,,10.28,9.09,,,,,,1.1899999999999995
1983-01-17,,10.28,9.17,,,,,,1.1099999999999994
1983-01-18,,10.3,9.14,,,,,,1.1600000000000001
1983-01-19,,10.41,9.2,,,,,,1.2100000000000009
1983-01-20,,10.43,9.26,,,,,,1.17
1983-01-21,,10.61,9.46,,,,,,1.1499999999999986
1983-01-24,,10.7,9.54,,,,,,1.1600000000000001
1983-01-25,,10.62,9.44,,,,,,1.1799999999999997
1983-01-26,,10.69,9.52,,,,,,1.17
1983-01-27,,10.67,9.49,,,,,,1.1799999999999997
1983-01-28,,10.71,9.47,,,,,,1.2400000000000002
1983-01-31,,10.8,9.58,,,,,,1.2200000000000006
1983-02-01,,10.78,9.6,8.51,98.0,0.03484688489968324,10.4,0.0,1.1799999999999997
1983-02-02,,10.88,9.71,,,,,,1.17
1983-02-03,,10.93,9.71,,,,,,1.2199999999999989
1983-02-04,,10.99,9.82,,,,,,1.17
1983-02-07,,10.96,9.8,,,,,,1.1600000000000001
1983-02-08,,10.99,9.83,,,,,,1.1600000000000001
1983-02-09,,11.0,9.89,,,,,,1.1099999999999994
1983-02-10,,10.83,9.74,,,,,,1.0899999999999999
1983-02-11,,10.8,9.7,,,,,,1.1000000000000014
1983-02-14,,10.8,9.78,,,,,,1.0200000000000014
1983-02-15,,10.84,9.77,,,,,,1.0700000000000003
1983-02-16,,10.81,9.69,,,,,,1.120000000000001
1983-02-17,,10.71,9.65,,,,,,1.0600000000000005
1983-02-18,,10.6,9.56,,,,,,1.0399999999999991
1983-02-21,,,,,,,,,
1983-02-22,,10.46,9.41,,,,,,1.0500000000000007
1983-02-23,,10.44,9.44,,,,,,1.0
1983-02-24,,10.42,9.4,,,,,,1.0199999999999996
1983-02-25,,10.26,9.28,,,,,,0.9800000000000004
1983-02-28,,10.27,9.31,,,,,,0.9599999999999991
1983-03-01,,10.22,9.26,8.77,98.1,0.035902851108764455,10.3,0.0,0.9600000000000009
1983-03-02,,10.26,9.3,,,,,,0.9599999999999991
1983-03-03,,10.23,9.24,,,,,,0.9900000000000002
1983-03-04,,10.27,9.25,,,,,,1.0199999999999996
1983-03-07,,10.43,9.46,,,,,,0.9699999999999989
1983-03-08,,10.52,9.62,,,,,,0.9000000000000004
1983-03-09,,10.48,9.62,,,,,,0.8600000000000012
1983-03-10,,10.55,9.67,,,,,,0.8800000000000008
1983-03-11,,10.59,9.66,,,,,,0.9299999999999997
1983-03-14,,10.48,9.58,,,,,,0.9000000000000004
1983-03-15,,10.46,9.57,,,,,,0.8900000000000006
1983-03-16,,10.53,9.65,,,,,,0.879999999999999
1983-03-17,,10.56,9.71,,,,,,0.8499999999999996
1983-03-18,,10.58,9.78,,,,,,0.8000000000000007
1983-03-21,,10.6,9.79,,,,,,0.8100000000000005
1983-03-22,,10.62,9.84,,,,,,0.7799999999999994
1983-03-23,,10.58,9.81,,,,,,0.7699999999999996
1983-03-24,,10.58,9.82,,,,,,0.7599999999999998
1983-03-25,,10.64,9.91,,,,,,0.7300000000000004
1983-03-28,,10.66,9.92,,,,,,0.7400000000000002
1983-03-29,,10.6,9.88,,,,,,0.7199999999999989
1983-03-30,,10.59,9.88,,,,,,0.7099999999999991
1983-03-31,,10.62,9.87,,,,,,0.75
1983-04-01,,,,8.8,98.8,0.040000000000000036,10.2,0.0,
1983-04-04,,10.6,9.87,,,,,,0.7300000000000004
1983-04-05,,10.49,9.72,,,,,,0.7699999999999996
1983-04-06,,10.49,9.69,,,,,,0.8000000000000007
1983-04-07,,10.51,9.67,,,,,,0.8399999999999999
1983-04-08,,10.51,9.67,,,,,,0.8399999999999999
1983-04-11,,10.41,9.53,,,,,,0.8800000000000008
1983-04-12,,10.42,9.58,,,,,,0.8399999999999999
1983-04-13,,10.39,9.57,,,,,,0.8200000000000003
1983-04-14,,10.29,9.49,,,,,,0.7999999999999989
1983-04-15,,10.33,9.53,,,,,,0.8000000000000007
1983-04-18,,10.29,9.49,,,,,,0.7999999999999989
1983-04-19,,10.39,9.58,,,,,,0.8100000000000005
1983-04-20,,10.39,9.58,,,,,,0.8100000000000005
1983-04-21,,10.43,9.61,,,,,,0.8200000000000003
1983-04-22,,10.42,9.58,,,,,,0.8399999999999999
1983-04-25,,10.4,9.52,,,,,,0.8800000000000008
1983-04-26,,10.37,9.49,,,,,,0.879999999999999
1983-04-27,,10.29,9.42,,,,,,0.8699999999999992
1983-04-28,,10.31,9.42,,,,,,0.8900000000000006
1983-04-29,,10.27,9.35,,,,,,0.9199999999999999
1983-05-01,,,,8.63,99.2,0.0344108446298228,10.1,0.0,
1983-05-02,,10.26,9.29,,,,,,0.9700000000000006
1983-05-03,,10.26,9.27,,,,,,0.9900000000000002
1983-05-04,,10.12,9.19,,,,,,0.9299999999999997
1983-05-05,,10.16,9.25,,,,,,0.9100000000000001
1983-05-06,,10.13,9.17,,,,,,0.9600000000000009
1983-05-09,,10.25,9.33,,,,,,0.9199999999999999
1983-05-10,,10.16,9.24,,,,,,0.9199999999999999
1983-05-11,,10.18,9.22,,,,,,0.9599999999999991
1983-05-12,,10.23,9.29,,,,,,0.9400000000000013
1983-05-13,,10.22,9.27,,,,,,0.9500000000000011
1983-05-16,,10.37,9.47,,,,,,0.8999999999999986
1983-05-17,,10.41,9.48,,,,,,0.9299999999999997
1983-05-18,,10.43,9.49,,,,,,0.9399999999999995
1983-05-19,,10.49,9.61,,,,,,0.8800000000000008
1983-05-20,,10.54,9.64,,,,,,0.8999999999999986
1983-05-23,,10.57,9.74,,,,,,0.8300000000000001
1983-05-24,,10.56,9.75,,,,,,0.8100000000000005
1983-05-25,,10.58,9.76,,,,,,0.8200000000000003
1983-05-26,,10.63,9.89,,,,,,0.7400000000000002
1983-05-27,,10.62,9.9,,,,,,0.7199999999999989
1983-05-30,,,,,,,,,
1983-05-31,,10.81,10.02,,,,,,0.7900000000000009
1983-06-01,,10.77,9.97,8.98,99.4,0.024742268041237248,10.1,0.0,0.7999999999999989
1983-06-02,,10.78,9.96,,,,,,0.8199999999999985
1983-06-03,,10.79,10.01,,,,,,0.7799999999999994
1983-06-06,,10.79,10.09,,,,,,0.6999999999999993
1983-06-07,,10.85,10.18,,,,,,0.6699999999999999
1983-06-08,,10.92,10.2,,,,,,0.7200000000000006
1983-06-09,,10.88,10.12,,,,,,0.7600000000000016
1983-06-10,,10.89,10.2,,,,,,0.6900000000000013
1983-06-13,,10.75,10.11,,,,,,0.6400000000000006
1983-06-14,,10.77,10.09,,,,,,0.6799999999999997
1983-06-15,,10.72,10.06,,,,,,0.6600000000000001
1983-06-16,,10.64,10.05,,,,,,0.5899999999999999
1983-06-17,,10.68,10.07,,,,,,0.6099999999999994
1983-06-20,,10.8,10.26,,,,,,0.5400000000000009
1983-06-21,,10.79,10.27,,,,,,0.5199999999999996
1983-06-22,,10.83,10.31,,,,,,0.5199999999999996
1983-06-23,,10.9,10.33,,,,,,0.5700000000000003
1983-06-24,,11.02,10.43,,,,,,0.5899999999999999
1983-06-27,,11.11,10.44,,,,,,0.6699999999999999
1983-06-28,,11.04,10.35,,,,,,0.6899999999999995
1983-06-29,,10.99,10.27,,,,,,0.7200000000000006
1983-06-30,,10.96,10.23,,,,,,0.7300000000000004
1983-07-01,,10.93,10.17,9.37,99.8,0.02358974358974364,9.4,0.0,0.7599999999999998
1983-07-04,,,,,,,,,
1983-07-05,,11.21,10.52,,,,,,0.6900000000000013
1983-07-06,,11.16,10.49,,,,,,0.6699999999999999
1983-07-07,,11.29,10.59,,,,,,0.6999999999999993
1983-07-08,,11.33,10.69,,,,,,0.6400000000000006
1983-07-11,,11.28,10.56,,,,,,0.7199999999999989
1983-07-12,,11.42,10.74,,,,,,0.6799999999999997
1983-07-13,,11.4,10.71,,,,,,0.6899999999999995
1983-07-14,,11.38,10.72,,,,,,0.6600000000000001
1983-07-15,,11.51,10.82,,,,,,0.6899999999999995
1983-07-18,,11.41,10.76,,,,,,0.6500000000000004
1983-07-19,,11.36,10.69,,,,,,0.6699999999999999
1983-07-20,,11.28,10.64,,,,,,0.6399999999999988
1983-07-21,,11.32,10.66,,,,,,0.6600000000000001
1983-07-22,,11.43,10.77,,,,,,0.6600000000000001
1983-07-25,,11.41,10.74,,,,,,0.6699999999999999
1983-07-26,,11.49,10.77,,,,,,0.7200000000000006
1983-07-27,,11.51,10.77,,,,,,0.7400000000000002
1983-07-28,,11.66,10.86,,,,,,0.8000000000000007
1983-07-29,,11.76,11.03,,,,,,0.7300000000000004
1983-08-01,,11.8,11.09,9.56,100.1,0.02456499488229258,9.5,0.0,0.7100000000000009
1983-08-02,,11.82,11.14,,,,,,0.6799999999999997
1983-08-03,,11.92,11.13,,,,,,0.7899999999999991
1983-08-04,,12.12,11.27,,,,,,0.8499999999999996
1983-08-05,,12.1,11.27,,,,,,0.8300000000000001
1983-08-08,,12.2,11.37,,,,,,0.8300000000000001
1983-08-09,,12.13,11.33,,,,,,0.8000000000000007
1983-08-10,,12.17,11.41,,,,,,0.7599999999999998
1983-08-11,,12.04,11.32,,,,,,0.7199999999999989
1983-08-12,,11.96,11.27,,,,,,0.6900000000000013
1983-08-15,,11.76,11.08,,,,,,0.6799999999999997
1983-08-16,,11.71,10.97,,,,,,0.7400000000000002
1983-08-17,,11.65,10.86,,,,,,0.7900000000000009
1983-08-18,,11.7,10.85,,,,,,0.8499999999999996
1983-08-19,,11.72,10.9,,,,,,0.8200000000000003
1983-08-22,,11.54,10.75,,,,,,0.7899999999999991
1983-08-23,,11.57,10.79,,,,,,0.7800000000000011
1983-08-24,,11.54,10.76,,,,,,0.7799999999999994
1983-08-25,,11.62,10.83,,,,,,0.7899999999999991
1983-08-26,,11.65,10.88,,,,,,0.7699999999999996
1983-08-29,,11.86,11.09,,,,,,0.7699999999999996
1983-08-30,,11.9,11.08,,,,,,0.8200000000000003
1983-08-31,,11.98,11.18,,,,,,0.8000000000000007
1983-09-01,,11.97,11.16,9.45,100.4,0.02763561924257929,9.2,0.0,0.8100000000000005
1983-09-02,,12.01,11.18,,,,,,0.8300000000000001
1983-09-05,,,,,,,,,
1983-09-06,,11.85,11.03,,,,,,0.8200000000000003
1983-09-07,,11.7,10.88,,,,,,0.8199999999999985
1983-09-08,,11.77,10.95,,,,,,0.8200000000000003
1983-09-09,,11.73,10.93,,,,,,0.8000000000000007
1983-09-12,,11.56,10.71,,,,,,0.8499999999999996
1983-09-13,,11.63,10.77,,,,,,0.8600000000000012
1983-09-14,,11.76,10.88,,,,,,0.879999999999999
1983-09-15,,11.82,10.95,,,,,,0.870000000000001
1983-09-16,,11.68,10.83,,,,,,0.8499999999999996
1983-09-19,,11.66,10.72,,,,,,0.9399999999999995
1983-09-20,,11.57,10.7,,,,,,0.870000000000001
1983-09-21,,11.64,10.73,,,,,,0.9100000000000001
1983-09-22,,11.6,10.74,,,,,,0.8599999999999994
1983-09-23,,11.49,10.61,,,,,,0.8800000000000008
1983-09-26,,11.41,10.49,,,,,,0.9199999999999999
1983-09-27,,11.45,10.57,,,,,,0.879999999999999
1983-09-28,,11.49,10.59,,,,,,0.9000000000000004
1983-09-29,,11.5,10.64,,,,,,0.8599999999999994
1983-09-30,,11.44,10.53,,,,,,0.9100000000000001
1983-10-01,,,,9.48,100.8,0.02752293577981657,8.8,0.0,
1983-10-03,,11.47,10.55,,,,,,0.9199999999999999
1983-10-04,,11.46,10.56,,,,,,0.9000000000000004
1983-10-05,,11.35,10.45,,,,,,0.9000000000000004
1983-10-06,,11.31,10.42,,,,,,0.8900000000000006
1983-10-07,,11.33,10.45,,,,,,0.8800000000000008
1983-10-10,,,,,,,,,
1983-10-11,,11.57,10.68,,,,,,0.8900000000000006
1983-10-12,,11.59,10.65,,,,,,0.9399999999999995
1983-10-13,,11.65,10.71,,,,,,0.9399999999999995
1983-10-14,,11.58,10.65,,,,,,0.9299999999999997
1983-10-17,,11.47,10.49,,,,,,0.9800000000000004
1983-10-18,,11.49,10.48,,,,,,1.0099999999999998
1983-10-19,,11.49,10.55,,,,,,0.9399999999999995
1983-10-20,,11.47,10.54,,,,,,0.9300000000000015
1983-10-21,,11.43,10.48,,,,,,0.9499999999999993
1983-10-24,,11.66,10.68,,,,,,0.9800000000000004
1983-10-25,,11.7,10.63,,,,,,1.0699999999999985
1983-10-26,,11.72,10.63,,,,,,1.0899999999999999
1983-10-27,,11.66,10.6,,,,,,1.0600000000000005
1983-10-28,,11.68,10.61,,,,,,1.0700000000000003
1983-10-31,,11.74,10.61,,,,,,1.1300000000000008
1983-11-01,,11.69,10.64,9.34,101.1,0.031632653061224536,8.5,0.0,1.049999999999999
1983-11-02,,11.7,10.62,,,,,,1.08
1983-11-03,,11.75,10.63,,,,,,1.1199999999999992
1983-11-04,,11.85,10.76,,,,,,1.0899999999999999
1983-11-07,,11.85,10.79,,,,,,1.0600000000000005
1983-11-08,,,,,,,,,
1983-11-09,,11.84,10.74,,,,,,1.0999999999999996
1983-11-10,,11.71,10.63,,,,,,1.08
1983-11-11,,,,,,,,,
1983-11-14,,11.68,10.6,,,,,,1.08
1983-11-15,,11.7,10.66,,,,,,1.0399999999999991
1983-11-16,,11.7,10.66,,,,,,1.0399999999999991
1983-11-17,,11.72,10.68,,,,,,1.040000000000001
1983-11-18,,11.72,10.68,,,,,,1.040000000000001
1983-11-21,,11.65,10.65,,,,,,1.0
1983-11-22,,11.57,10.6,,,,,,0.9700000000000006
1983-11-23,,11.59,10.64,,,,,,0.9499999999999993
1983-11-24,,,,,,,,,
1983-11-25,,11.55,10.63,,,,,,0.9199999999999999
1983-11-28,,11.63,10.69,,,,,,0.9400000000000013
1983-11-29,,11.58,10.65,,,,,,0.9299999999999997
1983-11-30,,11.63,10.67,,,,,,0.9600000000000009
1983-12-01,,11.63,10.66,9.47,101.4,0.03787103377686796,8.3,0.0,0.9700000000000006
1983-12-02,,11.75,10.77,,,,,,0.9800000000000004
1983-12-05,,11.78,10.8,,,,,,0.9799999999999986
1983-12-06,,11.76,10.74,,,,,,1.0199999999999996
1983-12-07,,11.79,10.75,,,,,,1.0399999999999991
1983-12-08,,11.89,10.83,,,,,,1.0600000000000005
1983-12-09,,11.9,10.85,,,,,,1.0500000000000007
1983-12-12,,11.87,10.82,,,,,,1.049999999999999
1983-12-13,,11.95,10.93,,,,,,1.0199999999999996
1983-12-14,,11.97,10.92,,,,,,1.0500000000000007
1983-12-15,,11.96,10.93,,,,,,1.0300000000000011
1983-12-16,,11.88,10.87,,,,,,1.0100000000000016
1983-12-19,,11.87,10.87,,,,,,1.0
1983-12-20,,11.86,10.87,,,,,,0.9900000000000002
1983-12-21,,11.83,10.88,,,,,,0.9499999999999993
1983-12-22,,11.77,10.83,,,,,,0.9399999999999995
1983-12-23,,11.79,10.86,,,,,,0.9299999999999997
1983-12-26,,,,,,,,,
1983-12-27,,11.75,10.85,,,,,,0.9000000000000004
1983-12-28,,11.81,10.85,,,,,,0.9600000000000009
1983-12-29,,11.79,10.84,,,,,,0.9499999999999993
1983-12-30,,11.82,10.85,,,,,,0.9700000000000006
1984-01-01,,,,9.56,102.1,0.04290091930541351,8.0,0.0,
1984-01-02,,,,,,,,,
1984-01-03,,11.86,10.87,,,,,,0.9900000000000002
1984-01-04,,11.78,10.77,,,,,,1.0099999999999998
1984-01-05,,11.77,10.75,,,,,,1.0199999999999996
1984-01-06,,11.73,10.68,,,,,,1.0500000000000007
1984-01-09,,11.75,10.73,,,,,,1.0199999999999996
1984-01-10,,11.71,10.66,,,,,,1.0500000000000007
1984-01-11,,11.76,10.72,,,,,,1.0399999999999991
1984-01-12,,11.76,10.71,,,,,,1.049999999999999
1984-01-13,,11.59,10.5,,,,,,1.0899999999999999
1984-01-16,,11.54,10.52,,,,,,1.0199999999999996
1984-01-17,,11.57,10.55,,,,,,1.0199999999999996
1984-01-18,,11.61,10.58,,,,,,1.0299999999999994
1984-01-19,,11.6,10.57,,,,,,1.0299999999999994
1984-01-20,,11.64,10.6,,,,,,1.040000000000001
1984-01-23,,11.63,10.61,,,,,,1.0200000000000014
1984-01-24,,11.63,10.63,,,,,,1.0
1984-01-25,,11.64,10.65,,,,,,0.9900000000000002
1984-01-26,,11.63,10.62,,,,,,1.0100000000000016
1984-01-27,,11.63,10.62,,,,,,1.0100000000000016
1984-01-30,,11.66,10.57,,,,,,1.0899999999999999
1984-01-31,,11.67,10.58,,,,,,1.0899999999999999
1984-02-01,,11.64,10.56,9.59,102.6,0.04693877551020398,7.8,0.0,1.08
1984-02-02,,11.6,10.54,,,,,,1.0600000000000005
1984-02-03,,11.6,10.53,,,,,,1.0700000000000003
1984-02-06,,11.7,10.67,,,,,,1.0299999999999994
1984-02-07,,11.71,10.66,,,,,,1.0500000000000007
1984-02-08,,11.72,10.65,,,,,,1.0700000000000003
1984-02-09,,11.73,10.66,,,,,,1.0700000000000003
1984-02-10,,11.83,10.73,,,,,,1.0999999999999996
1984-02-13,,,,,,,,,
1984-02-14,,11.85,10.78,,,,,,1.0700000000000003
1984-02-15,,11.81,10.73,,,,,,1.08
1984-02-16,,11.83,10.75,,,,,,1.08
1984-02-17,,11.92,10.87,,,,,,1.0500000000000007
1984-02-20,,,,,,,,,
1984-02-21,,11.91,10.85,,,,,,1.0600000000000005
1984-02-22,,11.93,10.92,,,,,,1.0099999999999998
1984-02-23,,12.05,11.03,,,,,,1.0200000000000014
1984-02-24,,11.99,10.94,,,,,,1.0500000000000007
1984-02-27,,12.05,11.02,,,,,,1.0300000000000011
1984-02-28,,12.09,11.04,,,,,,1.0500000000000007
1984-02-29,,12.04,10.99,,,,,,1.049999999999999
1984-03-01,,12.07,11.05,9.91,102.9,0.04892966360856277,7.8,0.0,1.0199999999999996
1984-03-02,,11.99,10.92,,,,,,1.0700000000000003
1984-03-05,,12.07,11.01,,,,,,1.0600000000000005
1984-03-06,,12.09,11.01,,,,,,1.08
1984-03-07,,12.22,11.08,,,,,,1.1400000000000006
1984-03-08,,12.24,11.15,,,,,,1.0899999999999999
1984-03-09,,12.28,11.19,,,,,,1.0899999999999999
1984-03-12,,12.24,11.18,,,,,,1.0600000000000005
1984-03-13,,12.27,11.22,,,,,,1.049999999999999
1984-03-14,,12.31,11.26,,,,,,1.0500000000000007
1984-03-15,,12.31,11.28,,,,,,1.0300000000000011
1984-03-16,,12.34,11.27,,,,,,1.0700000000000003
1984-03-19,,12.45,11.39,,,,,,1.0599999999999987
1984-03-20,,12.44,11.45,,,,,,0.9900000000000002
1984-03-21,,12.45,11.57,,,,,,0.879999999999999
1984-03-22,,12.49,11.59,,,,,,0.9000000000000004
1984-03-23,,12.48,11.59,,,,,,0.8900000000000006
1984-03-26,,12.46,11.56,,,,,,0.9000000000000004
1984-03-27,,12.46,11.58,,,,,,0.8800000000000008
1984-03-28,,12.42,11.48,,,,,,0.9399999999999995
1984-03-29,,12.41,11.49,,,,,,0.9199999999999999
1984-03-30,,12.53,11.6,,,,,,0.9299999999999997
1984-04-01,,,,10.29,103.3,0.045546558704453455,7.7,0.0,
1984-04-02,,12.56,11.61,,,,,,0.9500000000000011
1984-04-03,,12.65,11.73,,,,,,0.9199999999999999
1984-04-04,,12.67,11.76,,,,,,0.9100000000000001
1984-04-05,,12.65,11.7,,,,,,0.9500000000000011
1984-04-06,,12.51,11.55,,,,,,0.9599999999999991
1984-04-09,,12.47,11.55,,,,,,0.9199999999999999
1984-04-10,,12.52,11.54,,,,,,0.9800000000000004
1984-04-11,,12.5,11.53,,,,,,0.9700000000000006
1984-04-12,,12.4,11.49,,,,,,0.9100000000000001
1984-04-13,,12.57,11.66,,,,,,0.9100000000000001
1984-04-16,,12.61,11.7,,,,,,0.9100000000000001
1984-04-17,,12.57,11.59,,,,,,0.9800000000000004
1984-04-18,,12.7,11.69,,,,,,1.0099999999999998
1984-04-19,,12.77,11.77,,,,,,1.0
1984-04-20,,,,,,,,,
1984-04-23,,12.8,11.78,,,,,,1.0200000000000014
1984-04-24,,12.75,11.73,,,,,,1.0199999999999996
1984-04-25,,12.69,11.79,,,,,,0.9000000000000004
1984-04-26,,12.67,11.77,,,,,,0.9000000000000004
1984-04-27,,12.79,11.89,,,,,,0.8999999999999986
1984-04-30,,12.82,11.89,,,,,,0.9299999999999997
1984-05-01,,12.82,11.88,10.32,103.5,0.043346774193548265,7.4,0.0,0.9399999999999995
1984-05-02,,12.86,11.92,,,,,,0.9399999999999995
1984-05-03,,12.89,11.96,,,,,,0.9299999999999997
1984-05-04,,13.07,12.15,,,,,,0.9199999999999999
1984-05-07,,13.13,12.24,,,,,,0.8900000000000006
1984-05-08,,13.09,12.23,,,,,,0.8599999999999994
1984-05-09,,13.21,12.32,,,,,,0.8900000000000006
1984-05-10,,13.25,12.32,,,,,,0.9299999999999997
1984-05-11,,13.46,12.55,,,,,,0.9100000000000001
1984-05-14,,13.58,12.57,,,,,,1.0099999999999998
1984-05-15,,13.48,12.51,,,,,,0.9700000000000006
1984-05-16,,13.41,12.42,,,,,,0.9900000000000002
1984-05-17,,13.54,12.51,,,,,,1.0299999999999994
1984-05-18,,13.45,12.47,,,,,,0.9799999999999986
1984-05-21,,13.43,12.48,,,,,,0.9499999999999993
1984-05-22,,13.52,12.58,,,,,,0.9399999999999995
1984-05-23,,13.54,12.67,,,,,,0.8699999999999992
1984-05-24,,13.72,12.77,,,,,,0.9500000000000011
1984-05-25,,13.75,12.77,,,,,,0.9800000000000004
1984-05-28,,,,,,,,,
1984-05-29,,13.89,12.98,,,,,,0.9100000000000001
1984-05-30,,13.99,13.04,,,,,,0.9500000000000011
1984-05-31,,13.91,13.0,,,,,,0.9100000000000001
1984-06-01,,13.63,12.72,11.06,103.7,0.04325955734406439,7.2,0.0,0.9100000000000001
1984-06-04,,13.42,12.63,,,,,,0.7899999999999991
1984-06-05,,13.37,12.6,,,,,,0.7699999999999996
1984-06-06,,13.54,12.75,,,,,,0.7899999999999991
1984-06-07,,13.54,12.81,,,,,,0.7299999999999986
1984-06-08,,13.46,12.74,,,,,,0.7200000000000006
1984-06-11,,13.58,13.0,,,,,,0.5800000000000001
1984-06-12,,13.54,12.92,,,,,,0.6199999999999992
1984-06-13,,13.44,12.83,,,,,,0.6099999999999994
1984-06-14,,13.39,12.75,,,,,,0.6400000000000006
1984-06-15,,13.21,12.63,,,,,,0.5800000000000001
1984-06-18,,13.27,12.75,,,,,,0.5199999999999996
1984-06-19,,13.38,12.79,,,,,,0.5900000000000016
1984-06-20,,13.65,13.08,,,,,,0.5700000000000003
1984-06-21,,13.72,13.14,,,,,,0.5800000000000001
1984-06-22,,13.74,13.15,,,,,,0.5899999999999999
1984-06-25,,13.75,13.12,,,,,,0.6300000000000008
1984-06-26,,13.79,13.17,,,,,,0.6199999999999992
1984-06-27,,13.76,13.12,,,,,,0.6400000000000006
1984-06-28,,13.8,13.17,,,,,,0.6300000000000008
1984-06-29,,13.84,13.17,,,,,,0.6699999999999999
1984-07-01,,,,11.23,104.1,0.043086172344689366,7.5,0.0,
1984-07-02,,13.87,13.17,,,,,,0.6999999999999993
1984-07-03,,13.8,13.12,,,,,,0.6800000000000015
1984-07-04,,,,,,,,,
1984-07-05,,13.77,13.07,,,,,,0.6999999999999993
1984-07-06,,13.75,13.13,,,,,,0.6199999999999992
1984-07-09,,13.48,12.96,,,,,,0.5199999999999996
1984-07-10,,13.53,13.0,,,,,,0.5299999999999994
1984-07-11,,13.55,13.06,,,,,,0.4900000000000002
1984-07-12,,13.42,12.96,,,,,,0.4599999999999991
1984-07-13,,13.3,12.85,,,,,,0.45000000000000107
1984-07-16,,13.32,12.89,,,,,,0.4299999999999997
1984-07-17,,13.37,12.93,,,,,,0.4399999999999995
1984-07-18,,13.32,12.89,,,,,,0.4299999999999997
1984-07-19,,13.25,12.82,,,,,,0.4299999999999997
1984-07-20,,13.36,12.85,,,,,,0.5099999999999998
1984-07-23,,13.35,12.87,,,,,,0.4800000000000004
1984-07-24,,13.31,12.85,,,,,,0.46000000000000085
1984-07-25,,13.06,12.64,,,,,,0.41999999999999993
1984-07-26,,12.89,12.55,,,,,,0.33999999999999986
1984-07-27,,12.95,12.59,,,,,,0.35999999999999943
1984-07-30,,13.05,12.66,,,,,,0.39000000000000057
1984-07-31,,12.91,12.57,,,,,,0.33999999999999986
1984-08-01,,12.81,12.48,11.64,104.4,0.04295704295704317,7.5,0.0,0.33000000000000007
1984-08-02,,12.74,12.48,,,,,,0.2599999999999998
1984-08-03,,12.61,12.3,,,,,,0.3099999999999987
1984-08-06,,12.73,12.42,,,,,,0.3100000000000005
1984-08-07,,12.69,12.41,,,,,,0.27999999999999936
1984-08-08,,12.66,12.37,,,,,,0.2900000000000009
1984-08-09,,12.61,12.33,,,,,,0.27999999999999936
1984-08-10,,12.68,12.35,,,,,,0.33000000000000007
1984-08-13,,12.74,12.45,,,,,,0.2900000000000009
1984-08-14,,12.67,12.34,,,,,,0.33000000000000007
1984-08-15,,12.74,12.39,,,,,,0.34999999999999964
1984-08-16,,12.7,12.4,,,,,,0.29999999999999893
1984-08-17,,12.7,12.4,,,,,,0.29999999999999893
1984-08-20,,12.69,12.42,,,,,,0.2699999999999996
1984-08-21,,12.62,12.41,,,,,,0.20999999999999908
1984-08-22,,12.65,12.45,,,,,,0.20000000000000107
1984-08-23,,12.69,12.44,,,,,,0.25
1984-08-24,,12.66,12.41,,,,,,0.25
1984-08-27,,12.81,12.54,,,,,,0.27000000000000135
1984-08-28,,12.81,12.54,,,,,,0.27000000000000135
1984-08-29,,12.83,12.56,,,,,,0.2699999999999996
1984-08-30,,12.84,12.56,,,,,,0.27999999999999936
1984-08-31,,12.79,12.54,,,,,,0.25
1984-09-01,,,,11.3,104.7,0.042828685258964105,7.3,0.0,
1984-09-03,,,,,,,,,
1984-09-04,,12.88,12.59,,,,,,0.2900000000000009
1984-09-05,,12.92,12.63,,,,,,0.28999999999999915
1984-09-06,,12.81,12.54,,,,,,0.27000000000000135
1984-09-07,,12.7,12.45,,,,,,0.25
1984-09-10,,12.62,12.27,,,,,,0.34999999999999964
1984-09-11,,12.54,12.26,,,,,,0.27999999999999936
1984-09-12,,12.55,12.3,,,,,,0.25
1984-09-13,,12.44,12.21,,,,,,0.22999999999999865
1984-09-14,,12.42,12.15,,,,,,0.2699999999999996
1984-09-17,,12.4,12.16,,,,,,0.2400000000000002
1984-09-18,,12.35,12.1,,,,,,0.25
1984-09-19,,12.25,11.94,,,,,,0.3100000000000005
1984-09-20,,12.28,11.94,,,,,,0.33999999999999986
1984-09-21,,12.45,12.06,,,,,,0.3899999999999988
1984-09-24,,12.52,12.1,,,,,,0.41999999999999993
1984-09-25,,12.56,12.12,,,,,,0.4400000000000013
1984-09-26,,12.46,12.05,,,,,,0.41000000000000014
1984-09-27,,12.31,11.95,,,,,,0.3600000000000012
1984-09-28,,12.47,12.07,,,,,,0.40000000000000036
1984-10-01,,12.54,12.09,9.99,105.1,0.04265873015873023,7.4,0.0,0.4499999999999993
1984-10-02,,12.54,12.07,,,,,,0.46999999999999886
1984-10-03,,12.54,12.06,,,,,,0.47999999999999865
1984-10-04,,12.52,12.02,,,,,,0.5
1984-10-05,,12.39,11.93,,,,,,0.46000000000000085
1984-10-08,,,,,,,,,
1984-10-09,,12.36,11.87,,,,,,0.4900000000000002
1984-10-10,,12.36,11.89,,,,,,0.46999999999999886
1984-10-11,,12.31,11.78,,,,,,0.5300000000000011
1984-10-12,,12.28,11.72,,,,,,0.5599999999999987
1984-10-15,,12.34,11.78,,,,,,0.5600000000000005
1984-10-16,,12.32,11.77,,,,,,0.5500000000000007
1984-10-17,,12.28,11.7,,,,,,0.5800000000000001
1984-10-18,,12.09,11.53,,,,,,0.5600000000000005
1984-10-19,,11.93,11.39,,,,,,0.5399999999999991
1984-10-22,,11.9,11.35,,,,,,0.5500000000000007
1984-10-23,,11.78,11.17,,,,,,0.6099999999999994
1984-10-24,,11.74,11.1,,,,,,0.6400000000000006
1984-10-25,,11.83,11.13,,,,,,0.6999999999999993
1984-10-26,,11.99,11.33,,,,,,0.6600000000000001
1984-10-29,,11.95,11.3,,,,,,0.6499999999999986
1984-10-30,,11.75,11.13,,,,,,0.6199999999999992
1984-10-31,,11.79,11.09,,,,,,0.6999999999999993
1984-11-01,,11.66,10.93,9.43,105.3,0.041543026706231556,7.2,0.0,0.7300000000000004
1984-11-02,,11.66,10.96,,,,,,0.6999999999999993
1984-11-05,,11.6,10.79,,,,,,0.8100000000000005
1984-11-06,,,,,,,,,
1984-11-07,,11.72,10.8,,,,,,0.9199999999999999
1984-11-08,,11.81,10.95,,,,,,0.8600000000000012
1984-11-09,,11.71,10.81,,,,,,0.9000000000000004
1984-11-12,,,,,,,,,
1984-11-13,,11.78,10.89,,,,,,0.8899999999999988
1984-11-14,,11.81,10.91,,,,,,0.9000000000000004
1984-11-15,,11.73,10.78,,,,,,0.9500000000000011
1984-11-16,,11.69,10.71,,,,,,0.9799999999999986
1984-11-19,,11.61,10.67,,,,,,0.9399999999999995
1984-11-20,,11.53,10.59,,,,,,0.9399999999999995
1984-11-21,,11.39,10.39,,,,,,1.0
1984-11-22,,,,,,,,,
1984-11-23,,11.24,10.29,,,,,,0.9500000000000011
1984-11-26,,11.28,10.33,,,,,,0.9499999999999993
1984-11-27,,11.28,10.31,,,,,,0.9699999999999989
1984-11-28,,11.38,10.35,,,,,,1.0300000000000011
1984-11-29,,11.42,10.37,,,,,,1.0500000000000007
1984-11-30,,11.58,10.5,,,,,,1.08
1984-12-01,,,,8.38,105.5,0.04043392504930954,7.3,0.0,
1984-12-03,,11.56,10.5,,,,,,1.0600000000000005
1984-12-04,,11.52,10.44,,,,,,1.08
1984-12-05,,11.52,10.4,,,,,,1.1199999999999992
1984-12-06,,11.61,10.49,,,,,,1.1199999999999992
1984-12-07,,11.7,10.51,,,,,,1.1899999999999995
1984-12-10,,11.66,10.47,,,,,,1.1899999999999995
1984-12-11,,11.57,10.4,,,,,,1.17
1984-12-12,,11.54,10.35,,,,,,1.1899999999999995
1984-12-13,,11.7,10.4,,,,,,1.299999999999999
1984-12-14,,11.56,10.2,,,,,,1.3600000000000012
1984-12-17,,11.49,10.07,,,,,,1.42
1984-12-18,,11.29,9.85,,,,,,1.4399999999999995
1984-12-19,,11.34,9.89,,,,,,1.4499999999999993
1984-12-20,,11.37,9.94,,,,,,1.4299999999999997
1984-12-21,,11.34,9.94,,,,,,1.4000000000000004
1984-12-24,,11.31,9.83,,,,,,1.4800000000000004
1984-12-25,,,,,,,,,
1984-12-26,,11.45,9.95,,,,,,1.5
1984-12-27,,11.45,9.96,,,,,,1.4899999999999984
1984-12-28,,11.46,10.02,,,,,,1.4400000000000013
1984-12-31,,11.55,10.02,,,,,,1.5300000000000011
1985-01-01,,,,8.35,105.7,0.0352595494613126,7.3,0.0,
1985-01-02,,11.7,10.03,,,,,,1.67
1985-01-03,,11.62,10.06,,,,,,1.5599999999999987
1985-01-04,,11.67,10.08,,,,,,1.5899999999999999
1985-01-07,,11.5,10.01,,,,,,1.4900000000000002
1985-01-08,,11.45,9.99,,,,,,1.459999999999999
1985-01-09,,11.47,9.95,,,,,,1.5200000000000014
1985-01-10,,11.48,10.0,,,,,,1.4800000000000004
1985-01-11,,11.59,10.08,,,,,,1.5099999999999998
1985-01-14,,11.6,10.07,,,,,,1.5299999999999994
1985-01-15,,11.49,10.0,,,,,,1.4900000000000002
1985-01-16,,11.51,9.99,,,,,,1.5199999999999996
1985-01-17,,11.48,9.98,,,,,,1.5
1985-01-18,,11.39,9.91,,,,,,1.4800000000000004
1985-01-21,,,,,,,,,
1985-01-22,,11.27,9.83,,,,,,1.4399999999999995
1985-01-23,,11.21,9.83,,,,,,1.3800000000000008
1985-01-24,,11.06,9.74,,,,,,1.3200000000000003
1985-01-25,,11.11,9.76,,,,,,1.3499999999999996
1985-01-28,,11.11,9.79,,,,,,1.3200000000000003
1985-01-29,,11.11,9.79,,,,,,1.3200000000000003
1985-01-30,,11.08,9.76,,,,,,1.3200000000000003
1985-01-31,,11.17,9.9,,,,,,1.2699999999999996
1985-02-01,,11.29,10.04,8.5,106.3,0.03606237816764146,7.2,0.0,1.25
1985-02-04,,11.35,10.03,,,,,,1.3200000000000003
1985-02-05,,11.3,9.99,,,,,,1.3100000000000005
1985-02-06,,11.4,10.03,,,,,,1.370000000000001
1985-02-07,,11.41,10.06,,,,,,1.3499999999999996
1985-02-08,,11.37,10.03,,,,,,1.3399999999999999
1985-02-11,,11.42,10.06,,,,,,1.3599999999999994
1985-02-12,,,,,,,,,
1985-02-13,,11.39,10.03,,,,,,1.3600000000000012
1985-02-14,,11.29,9.98,,,,,,1.3099999999999987
1985-02-15,,11.38,10.02,,,,,,1.3600000000000012
1985-02-18,,,,,,,,,
1985-02-19,,11.37,10.01,,,,,,1.3599999999999994
1985-02-20,,11.52,10.13,,,,,,1.3899999999999988
1985-02-21,,11.64,10.29,,,,,,1.3500000000000014
1985-02-22,,11.76,10.34,,,,,,1.42
1985-02-25,,11.75,10.36,,,,,,1.3900000000000006
1985-02-26,,11.72,10.36,,,,,,1.3600000000000012
1985-02-27,,11.89,10.56,,,,,,1.33
1985-02-28,,11.91,10.66,,,,,,1.25
1985-03-01,,11.86,10.73,8.58,106.8,0.03790087463556846,7.2,0.0,1.129999999999999
1985-03-04,,11.93,10.78,,,,,,1.1500000000000004
1985-03-05,,11.86,10.71,,,,,,1.1499999999999986
1985-03-06,,11.92,10.75,,,,,,1.17
1985-03-07,,11.94,10.83,,,,,,1.1099999999999994
1985-03-08,,11.71,10.56,,,,,,1.1500000000000004
1985-03-11,,11.72,10.56,,,,,,1.1600000000000001
1985-03-12,,11.78,10.62,,,,,,1.1600000000000001
1985-03-13,,11.9,10.79,,,,,,1.1100000000000012
1985-03-14,,11.92,10.86,,,,,,1.0600000000000005
1985-03-15,,11.93,10.82,,,,,,1.1099999999999994
1985-03-18,,12.02,10.89,,,,,,1.129999999999999
1985-03-19,,11.99,10.85,,,,,,1.1400000000000006
1985-03-20,,11.91,10.85,,,,,,1.0600000000000005
1985-03-21,,11.82,10.69,,,,,,1.1300000000000008
1985-03-22,,11.88,10.75,,,,,,1.1300000000000008
1985-03-25,,11.86,10.71,,,,,,1.1499999999999986
1985-03-26,,11.77,10.63,,,,,,1.1399999999999988
1985-03-27,,11.84,10.63,,,,,,1.209999999999999
1985-03-28,,11.75,10.53,,,,,,1.2200000000000006
1985-03-29,,11.65,10.43,,,,,,1.2200000000000006
1985-04-01,,11.66,10.45,8.27,107.0,0.03581800580832528,7.3,0.0,1.2100000000000009
1985-04-02,,11.7,10.48,,,,,,1.2199999999999989
1985-04-03,,11.73,10.49,,,,,,1.2400000000000002
1985-04-04,,11.75,10.53,,,,,,1.2200000000000006
1985-04-05,,,,,,,,,
1985-04-08,,11.77,10.49,,,,,,1.2799999999999994
1985-04-09,,11.66,10.38,,,,,,1.2799999999999994
1985-04-10,,11.58,10.31,,,,,,1.2699999999999996
1985-04-11,,11.42,10.12,,,,,,1.3000000000000007
1985-04-12,,11.43,10.13,,,,,,1.299999999999999
1985-04-15,,11.37,10.09,,,,,,1.2799999999999994
1985-04-16,,11.25,9.86,,,,,,1.3900000000000006
1985-04-17,,11.29,9.93,,,,,,1.3599999999999994
1985-04-18,,11.13,9.73,,,,,,1.4000000000000004
1985-04-19,,11.16,9.81,,,,,,1.3499999999999996
1985-04-22,,11.13,9.72,,,,,,1.4100000000000001
1985-04-23,,11.25,9.88,,,,,,1.3699999999999992
1985-04-24,,11.25,9.81,,,,,,1.4399999999999995
1985-04-25,,11.37,9.9,,,,,,1.4699999999999989
1985-04-26,,11.35,9.88,,,,,,1.4699999999999989
1985-04-29,,11.47,9.97,,,,,,1.5
1985-04-30,,11.41,9.91,,,,,,1.5
1985-05-01,,11.27,9.82,7.97,107.2,0.035748792270531515,7.2,0.0,1.4499999999999993
1985-05-02,,11.29,9.86,,,,,,1.4299999999999997
1985-05-03,,11.21,9.71,,,,,,1.5
1985-05-06,,11.19,9.7,,,,,,1.4900000000000002
1985-05-07,,11.17,9.66,,,,,,1.5099999999999998
1985-05-08,,11.26,9.73,,,,,,1.5299999999999994
1985-05-09,,11.2,9.67,,,,,,1.5299999999999994
1985-05-10,,11.04,9.62,,,,,,1.42
1985-05-13,,11.04,9.64,,,,,,1.3999999999999986
1985-05-14,,10.87,9.47,,,,,,1.3999999999999986
1985-05-15,,10.89,9.4,,,,,,1.4900000000000002
1985-05-16,,10.81,9.31,,,,,,1.5
1985-05-17,,10.84,9.37,,,,,,1.4700000000000006
1985-05-20,,10.56,9.1,,,,,,1.4600000000000009
1985-05-21,,10.6,9.11,,,,,,1.4900000000000002
1985-05-22,,10.62,9.11,,,,,,1.5099999999999998
1985-05-23,,10.64,9.21,,,,,,1.4299999999999997
1985-05-24,,10.57,9.13,,,,,,1.4399999999999995
1985-05-27,,,,,,,,,
1985-05-28,,10.43,9.05,,,,,,1.379999999999999
1985-05-29,,10.46,9.05,,,,,,1.4100000000000001
1985-05-30,,10.39,9.03,,,,,,1.3600000000000012
1985-05-31,,10.28,8.92,,,,,,1.3599999999999994
1985-06-01,,,,7.53,107.5,0.03664416586306651,7.4,0.0,
1985-06-03,,10.05,8.72,,,,,,1.33
1985-06-04,,10.05,8.68,,,,,,1.370000000000001
1985-06-05,,9.83,8.42,,,,,,1.4100000000000001
1985-06-06,,9.89,8.51,,,,,,1.3800000000000008
1985-06-07,,10.19,8.82,,,,,,1.3699999999999992
1985-06-10,,10.16,8.87,,,,,,1.290000000000001
1985-06-11,,10.08,8.78,,,,,,1.3000000000000007
1985-06-12,,10.16,8.76,,,,,,1.4000000000000004
1985-06-13,,10.21,8.76,,,,,,1.450000000000001
1985-06-14,,9.98,8.45,,,,,,1.5300000000000011
1985-06-17,,9.97,8.48,,,,,,1.4900000000000002
1985-06-18,,9.9,8.37,,,,,,1.5300000000000011
1985-06-19,,10.04,8.5,,,,,,1.5399999999999991
1985-06-20,,10.14,8.59,,,,,,1.5500000000000007
1985-06-21,,10.34,8.8,,,,,,1.5399999999999991
1985-06-24,,10.45,8.87,,,,,,1.58
1985-06-25,,10.5,8.96,,,,,,1.5399999999999991
1985-06-26,,10.54,8.94,,,,,,1.5999999999999996
1985-06-27,,10.39,8.81,,,,,,1.58
1985-06-28,,10.25,8.67,,,,,,1.58
1985-07-01,,10.19,8.66,7.88,107.7,0.03458213256484166,7.4,0.0,1.5299999999999994
1985-07-02,,10.2,8.66,,,,,,1.5399999999999991
1985-07-03,,10.23,8.66,,,,,,1.5700000000000003
1985-07-04,,,,,,,,,
1985-07-05,,9.93,8.36,,,,,,1.5700000000000003
1985-07-08,,10.05,8.52,,,,,,1.5300000000000011
1985-07-09,,10.05,8.52,,,,,,1.5300000000000011
1985-07-10,,10.07,8.55,,,,,,1.5199999999999996
1985-07-11,,10.22,8.73,,,,,,1.4900000000000002
1985-07-12,,10.23,8.78,,,,,,1.450000000000001
1985-07-15,,10.22,8.76,,,,,,1.4600000000000009
1985-07-16,,10.15,8.67,,,,,,1.4800000000000004
1985-07-17,,10.12,8.63,,,,,,1.4899999999999984
1985-07-18,,10.3,8.76,,,,,,1.540000000000001
1985-07-19,,10.34,8.82,,,,,,1.5199999999999996
1985-07-22,,10.46,8.95,,,,,,1.5100000000000016
1985-07-23,,10.47,8.97,,,,,,1.5
1985-07-24,,10.51,8.99,,,,,,1.5199999999999996
1985-07-25,,10.52,8.96,,,,,,1.5599999999999987
1985-07-26,,10.59,8.98,,,,,,1.6099999999999994
1985-07-29,,10.67,9.03,,,,,,1.6400000000000006
1985-07-30,,10.66,9.04,,,,,,1.620000000000001
1985-07-31,,10.57,9.01,,,,,,1.5600000000000005
1985-08-01,,10.51,9.04,7.9,107.9,0.03352490421455934,7.1,0.0,1.4700000000000006
1985-08-02,,10.66,9.15,,,,,,1.5099999999999998
1985-08-05,,10.64,9.13,,,,,,1.5099999999999998
1985-08-06,,10.65,9.13,,,,,,1.5199999999999996
1985-08-07,,10.55,9.08,,,,,,1.4700000000000006
1985-08-08,,10.43,8.99,,,,,,1.4399999999999995
1985-08-09,,10.37,8.95,,,,,,1.42
1985-08-12,,10.38,8.95,,,,,,1.4300000000000015
1985-08-13,,10.46,8.96,,,,,,1.5
1985-08-14,,10.38,8.96,,,,,,1.42
1985-08-15,,10.36,8.96,,,,,,1.3999999999999986
1985-08-16,,10.26,8.9,,,,,,1.3599999999999994
1985-08-19,,10.23,8.89,,,,,,1.3399999999999999
1985-08-20,,10.2,8.86,,,,,,1.3399999999999999
1985-08-21,,10.12,8.82,,,,,,1.299999999999999
1985-08-22,,10.1,8.81,,,,,,1.2899999999999991
1985-08-23,,10.14,8.87,,,,,,1.2700000000000014
1985-08-26,,10.18,8.88,,,,,,1.299999999999999
1985-08-27,,10.12,8.81,,,,,,1.3099999999999987
1985-08-28,,10.16,8.85,,,,,,1.3100000000000005
1985-08-29,,10.12,8.81,,,,,,1.3099999999999987
1985-08-30,,10.28,8.96,,,,,,1.3199999999999985
1985-09-01,,,,7.92,108.1,0.032473734479465,7.1,0.0,
1985-09-02,,,,,,,,,
1985-09-03,,10.24,8.95,,,,,,1.290000000000001
1985-09-04,,10.16,8.85,,,,,,1.3100000000000005
1985-09-05,,10.27,8.92,,,,,,1.3499999999999996
1985-09-06,,10.5,9.15,,,,,,1.3499999999999996
1985-09-09,,10.49,9.13,,,,,,1.3599999999999994
1985-09-10,,10.48,9.1,,,,,,1.3800000000000008
1985-09-11,,10.51,9.13,,,,,,1.379999999999999
1985-09-12,,10.52,9.15,,,,,,1.3699999999999992
1985-09-13,,10.4,9.03,,,,,,1.370000000000001
1985-09-16,,10.37,8.99,,,,,,1.379999999999999
1985-09-17,,10.41,9.05,,,,,,1.3599999999999994
1985-09-18,,10.43,9.07,,,,,,1.3599999999999994
1985-09-19,,10.43,9.13,,,,,,1.299999999999999
1985-09-20,,10.36,9.01,,,,,,1.3499999999999996
1985-09-23,,10.39,8.89,,,,,,1.5
1985-09-24,,10.33,8.82,,,,,,1.5099999999999998
1985-09-25,,10.27,8.71,,,,,,1.5599999999999987
1985-09-26,,10.22,8.72,,,,,,1.5
1985-09-27,,,,,,,,,
1985-09-30,,10.31,8.88,,,,,,1.4299999999999997
1985-10-01,,10.29,8.83,7.99,108.5,0.032350142721217834,7.1,0.0,1.459999999999999
1985-10-02,,10.3,8.84,,,,,,1.4600000000000009
1985-10-03,,10.32,8.84,,,,,,1.4800000000000004
1985-10-04,,10.36,8.84,,,,,,1.5199999999999996
1985-10-07,,10.42,8.97,,,,,,1.4499999999999993
1985-10-08,,10.36,8.96,,,,,,1.3999999999999986
1985-10-09,,10.37,8.97,,,,,,1.3999999999999986
1985-10-10,,10.35,8.96,,,,,,1.3899999999999988
1985-10-11,,10.34,8.96,,,,,,1.379999999999999
1985-10-14,,,,,,,,,
1985-10-15,,10.3,8.94,,,,,,1.3600000000000012
1985-10-16,,10.25,8.89,,,,,,1.3599999999999994
1985-10-17,,10.21,8.85,,,,,,1.3600000000000012
1985-10-18,,10.17,8.81,,,,,,1.3599999999999994
1985-10-21,,10.18,8.83,,,,,,1.3499999999999996
1985-10-22,,10.12,8.8,,,,,,1.3199999999999985
1985-10-23,,10.14,8.84,,,,,,1.3000000000000007
1985-10-24,,10.15,8.9,,,,,,1.25
1985-10-25,,10.21,8.88,,,,,,1.33
1985-10-28,,10.28,8.91,,,,,,1.3699999999999992
1985-10-29,,10.11,8.82,,,,,,1.2899999999999991
1985-10-30,,9.97,8.68,,,,,,1.290000000000001
1985-10-31,,10.01,8.7,,,,,,1.3100000000000005
1985-11-01,,9.98,8.7,8.05,109.0,0.03513770180436859,7.0,0.0,1.2800000000000011
1985-11-04,,9.98,8.71,,,,,,1.2699999999999996
1985-11-05,,9.93,8.69,,,,,,1.2400000000000002
1985-11-06,,9.93,8.67,,,,,,1.2599999999999998
1985-11-07,,9.91,8.67,,,,,,1.2400000000000002
1985-11-08,,9.84,8.57,,,,,,1.2699999999999996
1985-11-11,,,,,,,,,
1985-11-12,,9.74,8.53,,,,,,1.2100000000000009
1985-11-13,,9.78,8.58,,,,,,1.1999999999999993
1985-11-14,,9.84,8.63,,,,,,1.209999999999999
1985-11-15,,9.92,8.66,,,,,,1.2599999999999998
1985-11-18,,9.72,8.51,,,,,,1.2100000000000009
1985-11-19,,9.73,8.52,,,,,,1.2100000000000009
1985-11-20,,9.72,8.54,,,,,,1.1800000000000015
1985-11-21,,9.58,8.51,,,,,,1.0700000000000003
1985-11-22,,9.66,8.52,,,,,,1.1400000000000006
1985-11-25,,9.68,8.52,,,,,,1.1600000000000001
1985-11-26,,9.68,8.53,,,,,,1.1500000000000004
1985-11-27,,9.64,8.52,,,,,,1.120000000000001
1985-11-28,,,,,,,,,
1985-11-29,,9.59,8.46,,,,,,1.129999999999999
1985-12-01,,,,8.27,109.5,0.03791469194312791,7.0,0.0,
1985-12-02,,9.69,8.54,,,,,,1.1500000000000004
1985-12-03,,9.68,8.52,,,,,,1.1600000000000001
1985-12-04,,9.63,8.49,,,,,,1.1400000000000006
1985-12-05,,9.62,8.47,,,,,,1.1499999999999986
1985-12-06,,9.65,8.47,,,,,,1.1799999999999997
1985-12-09,,9.49,8.35,,,,,,1.1400000000000006
1985-12-10,,9.36,8.23,,,,,,1.129999999999999
1985-12-11,,9.2,8.0,,,,,,1.1999999999999993
1985-12-12,,9.27,8.07,,,,,,1.1999999999999993
1985-12-13,,9.21,7.97,,,,,,1.240000000000001
1985-12-16,,9.16,8.0,,,,,,1.1600000000000001
1985-12-17,,9.04,7.94,,,,,,1.0999999999999988
1985-12-18,,9.11,8.04,,,,,,1.0700000000000003
1985-12-19,,9.1,8.0,,,,,,1.0999999999999996
1985-12-20,,9.04,8.01,,,,,,1.0299999999999994
1985-12-23,,9.08,8.01,,,,,,1.0700000000000003
1985-12-24,,9.07,8.02,,,,,,1.0500000000000007
1985-12-25,,,,,,,,,
1985-12-26,,9.04,7.99,,,,,,1.049999999999999
1985-12-27,,8.99,7.99,,,,,,1.0
1985-12-30,,9.01,7.99,,,,,,1.0199999999999996
1985-12-31,,9.0,7.98,,,,,,1.0199999999999996
1986-01-01,,,,8.14,109.9,0.039735099337748325,6.7,0.0,
1986-01-02,,9.04,8.02,,,,,,1.0199999999999996
1986-01-03,,9.05,8.03,,,,,,1.0200000000000014
1986-01-06,,9.07,8.04,,,,,,1.0300000000000011
1986-01-07,,8.94,7.97,,,,,,0.9699999999999998
1986-01-08,,9.13,8.09,,,,,,1.040000000000001
1986-01-09,,9.27,8.27,,,,,,1.0
1986-01-10,,9.39,8.36,,,,,,1.0300000000000011
1986-01-13,,9.49,8.38,,,,,,1.1099999999999994
1986-01-14,,9.43,8.33,,,,,,1.0999999999999996
1986-01-15,,9.31,8.24,,,,,,1.0700000000000003
1986-01-16,,9.3,8.21,,,,,,1.0899999999999999
1986-01-17,,9.24,8.19,,,,,,1.0500000000000007
1986-01-20,,,,,,,,,
1986-01-21,,9.22,8.2,,,,,,1.0200000000000014
1986-01-22,,9.28,8.19,,,,,,1.0899999999999999
1986-01-23,,9.23,8.17,,,,,,1.0600000000000005
1986-01-24,,9.23,8.13,,,,,,1.0999999999999996
1986-01-27,,9.13,8.07,,,,,,1.0600000000000005
1986-01-28,,9.05,8.02,,,,,,1.0300000000000011
1986-01-29,,9.09,8.05,,,,,,1.0399999999999991
1986-01-30,,9.1,8.04,,,,,,1.0600000000000005
1986-01-31,,9.08,7.99,,,,,,1.0899999999999999
1986-02-01,,,,7.86,109.7,0.0319849482596426,7.2,0.0,
1986-02-03,,9.02,7.97,,,,,,1.0499999999999998
1986-02-04,,8.96,7.94,,,,,,1.0200000000000005
1986-02-05,,8.97,7.99,,,,,,0.9800000000000004
1986-02-06,,9.03,8.02,,,,,,1.0099999999999998
1986-02-07,,9.11,8.15,,,,,,0.9599999999999991
1986-02-10,,9.0,8.08,,,,,,0.9199999999999999
1986-02-11,,8.93,8.04,,,,,,0.8900000000000006
1986-02-12,,8.91,8.08,,,,,,0.8300000000000001
1986-02-13,,8.85,8.06,,,,,,0.7899999999999991
1986-02-14,,8.68,7.99,,,,,,0.6899999999999995
1986-02-17,,,,,,,,,
1986-02-18,,8.64,7.96,,,,,,0.6800000000000006
1986-02-19,,8.7,8.06,,,,,,0.6399999999999988
1986-02-20,,8.67,8.05,,,,,,0.6199999999999992
1986-02-21,,8.48,7.93,,,,,,0.5500000000000007
1986-02-24,,8.39,7.86,,,,,,0.5300000000000002
1986-02-25,,8.4,7.89,,,,,,0.5100000000000007
1986-02-26,,8.36,7.88,,,,,,0.47999999999999954
1986-02-27,,8.15,7.72,,,,,,0.4300000000000006
1986-02-28,,8.13,7.71,,,,,,0.4200000000000008
1986-03-01,,,,7.48,109.1,0.021535580524344455,7.2,0.0,
1986-03-03,,7.99,7.55,,,,,,0.4400000000000004
1986-03-04,,7.93,7.38,,,,,,0.5499999999999998
1986-03-05,,8.12,7.54,,,,,,0.5799999999999992
1986-03-06,,8.04,7.38,,,,,,0.6599999999999993
1986-03-07,,7.96,7.29,,,,,,0.6699999999999999
1986-03-10,,7.76,7.16,,,,,,0.5999999999999996
1986-03-11,,7.7,7.15,,,,,,0.5499999999999998
1986-03-12,,7.68,7.17,,,,,,0.5099999999999998
1986-03-13,,7.75,7.21,,,,,,0.54
1986-03-14,,7.72,7.18,,,,,,0.54
1986-03-17,,7.77,7.22,,,,,,0.5499999999999998
1986-03-18,,7.83,7.23,,,,,,0.5999999999999996
1986-03-19,,7.82,7.17,,,,,,0.6500000000000004
1986-03-20,,7.78,7.17,,,,,,0.6100000000000003
1986-03-21,,7.8,7.19,,,,,,0.6099999999999994
1986-03-24,,7.7,7.11,,,,,,0.5899999999999999
1986-03-25,,7.7,7.12,,,,,,0.5800000000000001
1986-03-26,,7.64,7.11,,,,,,0.5299999999999994
1986-03-27,,7.49,7.04,,,,,,0.4500000000000002
1986-03-28,,,,,,,,,
1986-03-31,,7.39,6.92,,,,,,0.46999999999999975
1986-04-01,,7.37,6.89,6.99,108.7,0.015887850467289688,7.1,0.0,0.4800000000000004
1986-04-02,,7.33,6.9,,,,,,0.4299999999999997
1986-04-03,,7.41,6.94,,,,,,0.46999999999999975
1986-04-04,,7.45,6.85,,,,,,0.6000000000000005
1986-04-07,,7.43,6.82,,,,,,0.6099999999999994
1986-04-08,,7.31,6.7,,,,,,0.6099999999999994
1986-04-09,,7.27,6.58,,,,,,0.6899999999999995
1986-04-10,,7.23,6.58,,,,,,0.6500000000000004
1986-04-11,,7.29,6.65,,,,,,0.6399999999999997
1986-04-14,,7.19,6.53,,,,,,0.6600000000000001
1986-04-15,,7.22,6.53,,,,,,0.6899999999999995
1986-04-16,,6.98,6.39,,,,,,0.5900000000000007
1986-04-17,,7.03,6.44,,,,,,0.5899999999999999
1986-04-18,,7.09,6.44,,,,,,0.6499999999999995
1986-04-21,,7.04,6.46,,,,,,0.5800000000000001
1986-04-22,,7.25,6.58,,,,,,0.6699999999999999
1986-04-23,,7.36,6.67,,,,,,0.6900000000000004
1986-04-24,,7.51,6.89,,,,,,0.6200000000000001
1986-04-25,,7.58,6.91,,,,,,0.6699999999999999
1986-04-28,,7.48,6.86,,,,,,0.6200000000000001
1986-04-29,,7.38,6.85,,,,,,0.5300000000000002
1986-04-30,,7.38,6.83,,,,,,0.5499999999999998
1986-05-01,,7.45,6.85,6.85,109.0,0.01679104477611948,7.2,0.0,0.6000000000000005
1986-05-02,,7.51,6.88,,,,,,0.6299999999999999
1986-05-05,,7.45,6.82,,,,,,0.6299999999999999
1986-05-06,,7.46,6.82,,,,,,0.6399999999999997
1986-05-07,,7.43,6.83,,,,,,0.5999999999999996
1986-05-08,,7.4,6.78,,,,,,0.6200000000000001
1986-05-09,,7.48,6.85,,,,,,0.6300000000000008
1986-05-12,,7.67,6.98,,,,,,0.6899999999999995
1986-05-13,,7.63,7.0,,,,,,0.6299999999999999
1986-05-14,,7.66,7.0,,,,,,0.6600000000000001
1986-05-15,,7.79,7.16,,,,,,0.6299999999999999
1986-05-16,,7.99,7.32,,,,,,0.6699999999999999
1986-05-19,,7.98,7.28,,,,,,0.7000000000000002
1986-05-20,,7.88,7.23,,,,,,0.6499999999999995
1986-05-21,,7.9,7.2,,,,,,0.7000000000000002
1986-05-22,,7.88,7.2,,,,,,0.6799999999999997
1986-05-23,,7.84,7.19,,,,,,0.6499999999999995
1986-05-26,,,,,,,,,
1986-05-27,,7.73,7.14,,,,,,0.5900000000000007
1986-05-28,,7.73,7.17,,,,,,0.5600000000000005
1986-05-29,,7.99,7.35,,,,,,0.6400000000000006
1986-05-30,,8.05,7.36,,,,,,0.6900000000000004
1986-06-01,,,,6.92,109.4,0.017674418604651132,7.2,0.0,
1986-06-02,,8.32,7.5,,,,,,0.8200000000000003
1986-06-03,,8.19,7.49,,,,,,0.6999999999999993
1986-06-04,,8.39,7.63,,,,,,0.7600000000000007
1986-06-05,,8.31,7.54,,,,,,0.7700000000000005
1986-06-06,,7.95,7.27,,,,,,0.6800000000000006
1986-06-09,,8.13,7.39,,,,,,0.7400000000000011
1986-06-10,,8.07,7.38,,,,,,0.6900000000000004
1986-06-11,,8.01,7.39,,,,,,0.6200000000000001
1986-06-12,,7.98,7.31,,,,,,0.6700000000000008
1986-06-13,,7.73,7.15,,,,,,0.5800000000000001
1986-06-16,,7.63,7.1,,,,,,0.5300000000000002
1986-06-17,,7.63,7.08,,,,,,0.5499999999999998
1986-06-18,,7.57,7.01,,,,,,0.5600000000000005
1986-06-19,,7.69,7.1,,,,,,0.5900000000000007
1986-06-20,,7.6,7.06,,,,,,0.54
1986-06-23,,7.55,7.03,,,,,,0.5199999999999996
1986-06-24,,7.47,6.98,,,,,,0.4899999999999993
1986-06-25,,7.42,6.91,,,,,,0.5099999999999998
1986-06-26,,7.42,6.91,,,,,,0.5099999999999998
1986-06-27,,7.38,6.84,,,,,,0.54
1986-06-30,,7.35,6.81,,,,,,0.54
1986-07-01,,7.37,6.8,6.56,109.5,0.01671309192200554,7.0,0.0,0.5700000000000003
1986-07-02,,7.37,6.81,,,,,,0.5600000000000005
1986-07-03,,7.31,6.71,,,,,,0.5999999999999996
1986-07-04,,,,,,,,,
1986-07-07,,7.31,6.7,,,,,,0.6099999999999994
1986-07-08,,7.44,6.84,,,,,,0.6000000000000005
1986-07-09,,7.31,6.73,,,,,,0.5799999999999992
1986-07-10,,7.31,6.73,,,,,,0.5799999999999992
1986-07-11,,7.3,6.6,,,,,,0.7000000000000002
1986-07-14,,7.25,6.58,,,,,,0.6699999999999999
1986-07-15,,7.16,6.56,,,,,,0.6000000000000005
1986-07-16,,7.2,6.59,,,,,,0.6100000000000003
1986-07-17,,7.18,6.61,,,,,,0.5699999999999994
1986-07-18,,7.16,6.56,,,,,,0.6000000000000005
1986-07-21,,7.14,6.56,,,,,,0.5800000000000001
1986-07-22,,7.2,6.6,,,,,,0.6000000000000005
1986-07-23,,7.29,6.63,,,,,,0.6600000000000001
1986-07-24,,7.35,6.67,,,,,,0.6799999999999997
1986-07-25,,7.33,6.67,,,,,,0.6600000000000001
1986-07-28,,7.53,6.76,,,,,,0.7700000000000005
1986-07-29,,7.41,6.71,,,,,,0.7000000000000002
1986-07-30,,7.41,6.67,,,,,,0.7400000000000002
1986-07-31,,7.34,6.57,,,,,,0.7699999999999996
1986-08-01,,7.34,6.56,6.17,109.6,0.01575532900834098,6.9,0.0,0.7800000000000002
1986-08-04,,7.33,6.56,,,,,,0.7700000000000005
1986-08-05,,7.39,6.58,,,,,,0.8099999999999996
1986-08-06,,7.47,6.61,,,,,,0.8599999999999994
1986-08-07,,7.45,6.61,,,,,,0.8399999999999999
1986-08-08,,7.3,6.54,,,,,,0.7599999999999998
1986-08-11,,7.25,6.51,,,,,,0.7400000000000002
1986-08-12,,7.23,6.46,,,,,,0.7700000000000005
1986-08-13,,7.15,6.37,,,,,,0.7800000000000002
1986-08-14,,7.16,6.39,,,,,,0.7700000000000005
1986-08-15,,7.14,6.36,,,,,,0.7799999999999994
1986-08-18,,7.14,6.37,,,,,,0.7699999999999996
1986-08-19,,7.02,6.29,,,,,,0.7299999999999995
1986-08-20,,7.0,6.17,,,,,,0.8300000000000001
1986-08-21,,6.96,6.08,,,,,,0.8799999999999999
1986-08-22,,7.07,6.14,,,,,,0.9300000000000006
1986-08-25,,7.06,6.1,,,,,,0.96
1986-08-26,,6.97,6.02,,,,,,0.9500000000000002
1986-08-27,,7.06,6.12,,,,,,0.9399999999999995
1986-08-28,,7.04,6.07,,,,,,0.9699999999999998
1986-08-29,,6.95,5.94,,,,,,1.0099999999999998
1986-09-01,,,,5.89,110.0,0.01757631822386685,7.0,0.0,
1986-09-02,,7.03,5.99,,,,,,1.04
1986-09-03,,7.2,6.14,,,,,,1.0600000000000005
1986-09-04,,7.15,6.11,,,,,,1.04
1986-09-05,,7.32,6.25,,,,,,1.0700000000000003
1986-09-08,,7.38,6.3,,,,,,1.08
1986-09-09,,7.35,6.3,,,,,,1.0499999999999998
1986-09-10,,7.35,6.27,,,,,,1.08
1986-09-11,,7.57,6.43,,,,,,1.1400000000000006
1986-09-12,,7.63,6.43,,,,,,1.2000000000000002
1986-09-15,,7.53,6.39,,,,,,1.1400000000000006
1986-09-16,,7.53,6.38,,,,,,1.1500000000000004
1986-09-17,,7.46,6.37,,,,,,1.0899999999999999
1986-09-18,,7.62,6.47,,,,,,1.1500000000000004
1986-09-19,,7.67,6.52,,,,,,1.1500000000000004
1986-09-22,,7.62,6.49,,,,,,1.13
1986-09-23,,7.58,6.46,,,,,,1.12
1986-09-24,,7.48,6.37,,,,,,1.1100000000000003
1986-09-25,,7.47,6.37,,,,,,1.0999999999999996
1986-09-26,,7.47,6.39,,,,,,1.08
1986-09-29,,7.54,6.46,,,,,,1.08
1986-09-30,,7.45,6.38,,,,,,1.0700000000000003
1986-10-01,,7.41,6.36,5.85,110.2,0.015668202764977046,7.0,0.0,1.0499999999999998
1986-10-02,,7.45,6.38,,,,,,1.0700000000000003
1986-10-03,,7.31,6.16,,,,,,1.1499999999999995
1986-10-06,,7.28,6.14,,,,,,1.1400000000000006
1986-10-07,,7.28,6.13,,,,,,1.1500000000000004
1986-10-08,,7.31,6.11,,,,,,1.1999999999999993
1986-10-09,,7.33,6.15,,,,,,1.1799999999999997
1986-10-10,,7.36,6.16,,,,,,1.2000000000000002
1986-10-13,,,,,,,,,
1986-10-14,,7.49,6.26,,,,,,1.2300000000000004
1986-10-15,,7.51,6.27,,,,,,1.2400000000000002
1986-10-16,,7.53,6.29,,,,,,1.2400000000000002
1986-10-17,,7.57,6.38,,,,,,1.1900000000000004
1986-10-20,,7.66,6.47,,,,,,1.1900000000000004
1986-10-21,,7.57,6.4,,,,,,1.17
1986-10-22,,7.49,6.34,,,,,,1.1500000000000004
1986-10-23,,7.43,6.31,,,,,,1.12
1986-10-24,,7.47,6.35,,,,,,1.12
1986-10-27,,7.42,6.32,,,,,,1.0999999999999996
1986-10-28,,7.45,6.34,,,,,,1.1100000000000003
1986-10-29,,7.41,6.32,,,,,,1.0899999999999999
1986-10-30,,7.31,6.24,,,,,,1.0699999999999994
1986-10-31,,7.34,6.26,,,,,,1.08
1986-11-01,,,,6.04,110.4,0.012844036697247763,6.9,0.0,
1986-11-03,,7.29,6.21,,,,,,1.08
1986-11-04,,7.31,6.23,,,,,,1.0799999999999992
1986-11-05,,7.24,6.26,,,,,,0.9800000000000004
1986-11-06,,7.32,6.29,,,,,,1.0300000000000002
1986-11-07,,7.4,6.35,,,,,,1.0500000000000007
1986-11-10,,7.38,6.42,,,,,,0.96
1986-11-11,,,,,,,,,
1986-11-12,,7.35,6.38,,,,,,0.9699999999999998
1986-11-13,,7.33,6.35,,,,,,0.9800000000000004
1986-11-14,,7.29,6.33,,,,,,0.96
1986-11-17,,7.22,6.32,,,,,,0.8999999999999995
1986-11-18,,7.27,6.32,,,,,,0.9499999999999993
1986-11-19,,7.19,6.21,,,,,,0.9800000000000004
1986-11-20,,7.19,6.26,,,,,,0.9300000000000006
1986-11-21,,7.17,6.21,,,,,,0.96
1986-11-24,,7.11,6.19,,,,,,0.9199999999999999
1986-11-25,,7.15,6.23,,,,,,0.9199999999999999
1986-11-26,,7.15,6.21,,,,,,0.9400000000000004
1986-11-27,,,,,,,,,
1986-11-28,,7.15,6.21,,,,,,0.9400000000000004
1986-12-01,,7.18,6.25,6.91,110.8,0.01187214611872145,6.6,0.0,0.9299999999999997
1986-12-02,,7.08,6.22,,,,,,0.8600000000000003
1986-12-03,,7.06,6.17,,,,,,0.8899999999999997
1986-12-04,,7.01,6.15,,,,,,0.8599999999999994
1986-12-05,,7.12,6.24,,,,,,0.8799999999999999
1986-12-08,,7.1,6.24,,,,,,0.8599999999999994
1986-12-09,,7.07,6.21,,,,,,0.8600000000000003
1986-12-10,,7.05,6.19,,,,,,0.8599999999999994
1986-12-11,,7.12,6.24,,,,,,0.8799999999999999
1986-12-12,,7.13,6.24,,,,,,0.8899999999999997
1986-12-15,,7.15,6.29,,,,,,0.8600000000000003
1986-12-16,,7.12,6.29,,,,,,0.8300000000000001
1986-12-17,,7.12,6.31,,,,,,0.8100000000000005
1986-12-18,,7.11,6.31,,,,,,0.8000000000000007
1986-12-19,,7.1,6.29,,,,,,0.8099999999999996
1986-12-22,,7.1,6.3,,,,,,0.7999999999999998
1986-12-23,,7.08,6.3,,,,,,0.7800000000000002
1986-12-24,,7.07,6.3,,,,,,0.7700000000000005
1986-12-25,,,,,,,,,
1986-12-26,,7.08,6.3,,,,,,0.7800000000000002
1986-12-29,,7.17,6.37,,,,,,0.7999999999999998
1986-12-30,,7.23,6.42,,,,,,0.8100000000000005
1986-12-31,,7.23,6.35,,,,,,0.8800000000000008
1987-01-01,,,,6.43,111.4,0.01364877161055511,6.6,0.0,
1987-01-02,,7.18,6.3,,,,,,0.8799999999999999
1987-01-05,,7.08,6.24,,,,,,0.8399999999999999
1987-01-06,,7.08,6.25,,,,,,0.8300000000000001
1987-01-07,,7.05,6.22,,,,,,0.8300000000000001
1987-01-08,,7.04,6.2,,,,,,0.8399999999999999
1987-01-09,,7.01,6.19,,,,,,0.8199999999999994
1987-01-12,,7.05,6.2,,,,,,0.8499999999999996
1987-01-13,,7.1,6.22,,,,,,0.8799999999999999
1987-01-14,,7.11,6.24,,,,,,0.8700000000000001
1987-01-15,,7.08,6.22,,,,,,0.8600000000000003
1987-01-16,,7.03,6.22,,,,,,0.8100000000000005
1987-01-19,,,,,,,,,
1987-01-20,,7.01,6.17,,,,,,0.8399999999999999
1987-01-21,,7.01,6.17,,,,,,0.8399999999999999
1987-01-22,,7.03,6.17,,,,,,0.8600000000000003
1987-01-23,,7.06,6.2,,,,,,0.8599999999999994
1987-01-26,,7.17,6.26,,,,,,0.9100000000000001
1987-01-27,,7.16,6.24,,,,,,0.9199999999999999
1987-01-28,,7.13,6.24,,,,,,0.8899999999999997
1987-01-29,,7.13,6.24,,,,,,0.8899999999999997
1987-01-30,,7.18,6.33,,,,,,0.8499999999999996
1987-02-01,,,,6.1,111.8,0.019143117593436676,6.6,0.0,
1987-02-02,,7.23,6.36,,,,,,0.8700000000000001
1987-02-03,,7.25,6.38,,,,,,0.8700000000000001
1987-02-04,,7.23,6.38,,,,,,0.8500000000000005
1987-02-05,,7.2,6.33,,,,,,0.8700000000000001
1987-02-06,,7.19,6.38,,,,,,0.8100000000000005
1987-02-09,,7.25,6.45,,,,,,0.7999999999999998
1987-02-10,,7.33,6.49,,,,,,0.8399999999999999
1987-02-11,,7.37,6.58,,,,,,0.79
1987-02-12,,7.31,6.47,,,,,,0.8399999999999999
1987-02-13,,7.28,6.43,,,,,,0.8500000000000005
1987-02-16,,,,,,,,,
1987-02-17,,7.33,6.48,,,,,,0.8499999999999996
1987-02-18,,7.3,6.43,,,,,,0.8700000000000001
1987-02-19,,7.23,6.33,,,,,,0.9000000000000004
1987-02-20,,7.24,6.33,,,,,,0.9100000000000001
1987-02-23,,7.23,6.35,,,,,,0.8800000000000008
1987-02-24,,7.18,6.32,,,,,,0.8599999999999994
1987-02-25,,7.21,6.37,,,,,,0.8399999999999999
1987-02-26,,7.21,6.35,,,,,,0.8600000000000003
1987-02-27,,7.19,6.35,,,,,,0.8400000000000007
1987-03-01,,,,6.13,112.2,0.028414298808432603,6.6,0.0,
1987-03-02,,7.17,6.34,,,,,,0.8300000000000001
1987-03-03,,7.21,6.37,,,,,,0.8399999999999999
1987-03-04,,7.14,6.32,,,,,,0.8199999999999994
1987-03-05,,7.16,6.35,,,,,,0.8100000000000005
1987-03-06,,7.23,6.42,,,,,,0.8100000000000005
1987-03-09,,7.23,6.43,,,,,,0.8000000000000007
1987-03-10,,7.23,6.44,,,,,,0.79
1987-03-11,,7.23,6.44,,,,,,0.79
1987-03-12,,7.22,6.43,,,,,,0.79
1987-03-13,,7.19,6.39,,,,,,0.8000000000000007
1987-03-16,,7.22,6.41,,,,,,0.8099999999999996
1987-03-17,,7.2,6.42,,,,,,0.7800000000000002
1987-03-18,,7.21,6.4,,,,,,0.8099999999999996
1987-03-19,,7.21,6.38,,,,,,0.8300000000000001
1987-03-20,,7.22,6.4,,,,,,0.8199999999999994
1987-03-23,,7.25,6.42,,,,,,0.8300000000000001
1987-03-24,,7.27,6.44,,,,,,0.8299999999999992
1987-03-25,,7.26,6.46,,,,,,0.7999999999999998
1987-03-26,,7.24,6.42,,,,,,0.8200000000000003
1987-03-27,,7.33,6.49,,,,,,0.8399999999999999
1987-03-30,,7.54,6.63,,,,,,0.9100000000000001
1987-03-31,,7.51,6.54,,,,,,0.9699999999999998
1987-04-01,,7.59,6.65,6.37,112.7,0.03679852805887762,6.3,0.0,0.9399999999999995
1987-04-02,,7.59,6.63,,,,,,0.96
1987-04-03,,7.59,6.62,,,,,,0.9699999999999998
1987-04-06,,7.54,6.57,,,,,,0.9699999999999998
1987-04-07,,7.62,6.59,,,,,,1.0300000000000002
1987-04-08,,7.61,6.59,,,,,,1.0200000000000005
1987-04-09,,7.78,6.74,,,,,,1.04
1987-04-10,,7.98,6.97,,,,,,1.0100000000000007
1987-04-13,,8.07,7.08,,,,,,0.9900000000000002
1987-04-14,,8.28,7.19,,,,,,1.089999999999999
1987-04-15,,8.1,7.02,,,,,,1.08
1987-04-16,,8.03,6.9,,,,,,1.129999999999999
1987-04-17,,,,,,,,,
1987-04-20,,8.2,7.06,,,,,,1.1399999999999997
1987-04-21,,8.19,7.09,,,,,,1.0999999999999996
1987-04-22,,8.24,7.23,,,,,,1.0099999999999998
1987-04-23,,8.39,7.36,,,,,,1.0300000000000002
1987-04-24,,8.47,7.48,,,,,,0.9900000000000002
1987-04-27,,8.37,7.5,,,,,,0.8699999999999992
1987-04-28,,8.28,7.43,,,,,,0.8499999999999996
1987-04-29,,8.35,7.43,,,,,,0.9199999999999999
1987-04-30,,8.21,7.38,,,,,,0.830000000000001
1987-05-01,,8.39,7.47,6.85,113.0,0.03669724770642202,6.3,0.0,0.9200000000000008
1987-05-04,,8.52,7.61,,,,,,0.9099999999999993
1987-05-05,,8.45,7.6,,,,,,0.8499999999999996
1987-05-06,,8.54,7.62,,,,,,0.919999999999999
1987-05-07,,8.5,7.6,,,,,,0.9000000000000004
1987-05-08,,8.43,7.57,,,,,,0.8599999999999994
1987-05-11,,8.57,7.66,,,,,,0.9100000000000001
1987-05-12,,8.55,7.68,,,,,,0.870000000000001
1987-05-13,,8.55,7.68,,,,,,0.870000000000001
1987-05-14,,8.57,7.66,,,,,,0.9100000000000001
1987-05-15,,8.8,7.95,,,,,,0.8500000000000005
1987-05-18,,8.73,7.93,,,,,,0.8000000000000007
1987-05-19,,8.89,7.99,,,,,,0.9000000000000004
1987-05-20,,8.92,8.05,,,,,,0.8699999999999992
1987-05-21,,8.87,8.06,,,,,,0.8099999999999987
1987-05-22,,8.78,7.97,,,,,,0.8099999999999996
1987-05-25,,,,,,,,,
1987-05-26,,8.55,7.79,,,,,,0.7600000000000007
1987-05-27,,8.6,7.84,,,,,,0.7599999999999998
1987-05-28,,8.56,7.81,,,,,,0.7500000000000009
1987-05-29,,8.49,7.69,,,,,,0.7999999999999998
1987-06-01,,8.45,7.67,6.73,113.5,0.03747714808043878,6.2,0.0,0.7799999999999994
1987-06-02,,8.72,7.85,,,,,,0.870000000000001
1987-06-03,,8.64,7.78,,,,,,0.8600000000000003
1987-06-04,,8.58,7.76,,,,,,0.8200000000000003
1987-06-05,,8.5,7.66,,,,,,0.8399999999999999
1987-06-08,,8.53,7.68,,,,,,0.8499999999999996
1987-06-09,,8.56,7.71,,,,,,0.8500000000000005
1987-06-10,,8.56,7.68,,,,,,0.8800000000000008
1987-06-11,,8.52,7.66,,,,,,0.8599999999999994
1987-06-12,,8.32,7.51,,,,,,0.8100000000000005
1987-06-15,,8.28,7.47,,,,,,0.8099999999999996
1987-06-16,,8.28,7.47,,,,,,0.8099999999999996
1987-06-17,,8.23,7.42,,,,,,0.8100000000000005
1987-06-18,,8.27,7.44,,,,,,0.8299999999999992
1987-06-19,,8.3,7.45,,,,,,0.8500000000000005
1987-06-22,,8.23,7.42,,,,,,0.8100000000000005
1987-06-23,,8.23,7.45,,,,,,0.7800000000000002
1987-06-24,,8.31,7.54,,,,,,0.7700000000000005
1987-06-25,,8.25,7.47,,,,,,0.7800000000000002
1987-06-26,,8.37,7.56,,,,,,0.8099999999999996
1987-06-29,,8.34,7.48,,,,,,0.8599999999999994
1987-06-30,,8.38,7.48,,,,,,0.9000000000000004
1987-07-01,,8.36,7.44,6.58,113.8,0.03926940639269394,6.1,0.0,0.919999999999999
1987-07-02,,8.3,7.38,,,,,,0.9200000000000008
1987-07-03,,,,,,,,,
1987-07-06,,8.29,7.38,,,,,,0.9099999999999993
1987-07-07,,8.28,7.36,,,,,,0.919999999999999
1987-07-08,,8.32,7.35,,,,,,0.9700000000000006
1987-07-09,,8.37,7.38,,,,,,0.9899999999999993
1987-07-10,,8.32,7.32,,,,,,1.0
1987-07-13,,8.38,7.36,,,,,,1.0200000000000005
1987-07-14,,8.33,7.32,,,,,,1.0099999999999998
1987-07-15,,8.43,7.37,,,,,,1.0599999999999996
1987-07-16,,8.41,7.34,,,,,,1.0700000000000003
1987-07-17,,8.36,7.34,,,,,,1.0199999999999996
1987-07-20,,8.41,7.38,,,,,,1.0300000000000002
1987-07-21,,8.49,7.45,,,,,,1.04
1987-07-22,,8.54,7.47,,,,,,1.0699999999999994
1987-07-23,,8.56,7.46,,,,,,1.1000000000000005
1987-07-24,,8.58,7.53,,,,,,1.0499999999999998
1987-07-27,,8.6,7.59,,,,,,1.0099999999999998
1987-07-28,,8.62,7.61,,,,,,1.009999999999999
1987-07-29,,8.61,7.64,,,,,,0.9699999999999998
1987-07-30,,8.61,7.63,,,,,,0.9799999999999995
1987-07-31,,8.66,7.63,,,,,,1.0300000000000002
1987-08-01,,,,6.73,114.3,0.042883211678832245,6.0,0.0,
1987-08-03,,8.81,7.72,,,,,,1.0900000000000007
1987-08-04,,8.81,7.72,,,,,,1.0900000000000007
1987-08-05,,8.71,7.65,,,,,,1.0600000000000005
1987-08-06,,8.73,7.65,,,,,,1.08
1987-08-07,,8.7,7.69,,,,,,1.009999999999999
1987-08-10,,8.74,7.71,,,,,,1.0300000000000002
1987-08-11,,8.73,7.69,,,,,,1.04
1987-08-12,,8.72,7.67,,,,,,1.0500000000000007
1987-08-13,,8.63,7.64,,,,,,0.9900000000000011
1987-08-14,,8.58,7.62,,,,,,0.96
1987-08-17,,8.56,7.62,,,,,,0.9400000000000004
1987-08-18,,8.73,7.71,,,,,,1.0200000000000005
1987-08-19,,8.77,7.76,,,,,,1.0099999999999998
1987-08-20,,8.74,7.77,,,,,,0.9700000000000006
1987-08-21,,8.77,7.79,,,,,,0.9799999999999995
1987-08-24,,8.78,7.81,,,,,,0.9699999999999998
1987-08-25,,8.73,7.79,,,,,,0.9400000000000004
1987-08-26,,8.79,7.87,,,,,,0.919999999999999
1987-08-27,,8.92,7.95,,,,,,0.9699999999999998
1987-08-28,,9.02,8.01,,,,,,1.0099999999999998
1987-08-31,,9.0,7.97,,,,,,1.0300000000000002
1987-09-01,,9.05,7.98,7.22,114.7,0.042727272727272725,5.9,0.0,1.0700000000000003
1987-09-02,,9.28,8.15,,,,,,1.129999999999999
1987-09-03,,9.29,8.19,,,,,,1.0999999999999996
1987-09-04,,9.3,8.26,,,,,,1.040000000000001
1987-09-07,,,,,,,,,
1987-09-08,,9.5,8.46,,,,,,1.0399999999999991
1987-09-09,,9.48,8.43,,,,,,1.0500000000000007
1987-09-10,,9.42,8.36,,,,,,1.0600000000000005
1987-09-11,,9.33,8.31,,,,,,1.0199999999999996
1987-09-14,,9.34,8.26,,,,,,1.08
1987-09-15,,9.44,8.3,,,,,,1.1399999999999988
1987-09-16,,9.52,8.35,,,,,,1.17
1987-09-17,,9.48,8.34,,,,,,1.1400000000000006
1987-09-18,,9.38,8.3,,,,,,1.08
1987-09-21,,9.45,8.33,,,,,,1.1199999999999992
1987-09-22,,9.37,8.31,,,,,,1.0599999999999987
1987-09-23,,9.4,8.31,,,,,,1.0899999999999999
1987-09-24,,9.51,8.42,,,,,,1.0899999999999999
1987-09-25,,9.53,8.48,,,,,,1.049999999999999
1987-09-28,,9.52,8.48,,,,,,1.0399999999999991
1987-09-29,,9.64,8.6,,,,,,1.040000000000001
1987-09-30,,9.63,8.6,,,,,,1.0300000000000011
1987-10-01,,9.66,8.62,7.29,115.0,0.04355716878402904,6.0,0.0,1.040000000000001
1987-10-02,,9.6,8.61,,,,,,0.9900000000000002
1987-10-05,,9.69,8.66,,,,,,1.0299999999999994
1987-10-06,,9.72,8.73,,,,,,0.9900000000000002
1987-10-07,,9.71,8.73,,,,,,0.9800000000000004
1987-10-08,,9.86,9.03,,,,,,0.8300000000000001
1987-10-09,,9.94,9.01,,,,,,0.9299999999999997
1987-10-12,,,,,,,,,
1987-10-13,,9.9,8.94,,,,,,0.9600000000000009
1987-10-14,,10.13,9.14,,,,,,0.9900000000000002
1987-10-15,,10.18,9.23,,,,,,0.9499999999999993
1987-10-16,,10.23,9.22,,,,,,1.0099999999999998
1987-10-19,,10.15,8.93,,,,,,1.2200000000000006
1987-10-20,,9.4,8.09,,,,,,1.3100000000000005
1987-10-21,,9.3,7.9,,,,,,1.4000000000000004
1987-10-22,,8.97,7.76,,,,,,1.2100000000000009
1987-10-23,,8.98,7.76,,,,,,1.2200000000000006
1987-10-26,,8.8,7.57,,,,,,1.2300000000000004
1987-10-27,,8.92,7.66,,,,,,1.2599999999999998
1987-10-28,,9.01,7.65,,,,,,1.3599999999999994
1987-10-29,,8.89,7.53,,,,,,1.3600000000000003
1987-10-30,,8.88,7.58,,,,,,1.3000000000000007
1987-11-01,,,,6.69,115.4,0.04528985507246386,5.8,0.0,
1987-11-02,,8.98,7.72,,,,,,1.2600000000000007
1987-11-03,,8.91,7.67,,,,,,1.2400000000000002
1987-11-04,,8.85,7.6,,,,,,1.25
1987-11-05,,8.72,7.5,,,,,,1.2200000000000006
1987-11-06,,8.76,7.62,,,,,,1.1399999999999997
1987-11-09,,8.78,7.64,,,,,,1.1399999999999997
1987-11-10,,8.79,7.61,,,,,,1.1799999999999988
1987-11-11,,,,,,,,,
1987-11-12,,8.8,7.67,,,,,,1.1300000000000008
1987-11-13,,8.84,7.75,,,,,,1.0899999999999999
1987-11-16,,8.82,7.78,,,,,,1.04
1987-11-17,,8.86,7.73,,,,,,1.129999999999999
1987-11-18,,8.85,7.74,,,,,,1.1099999999999994
1987-11-19,,8.83,7.69,,,,,,1.1399999999999997
1987-11-20,,8.79,7.66,,,,,,1.129999999999999
1987-11-23,,8.8,7.67,,,,,,1.1300000000000008
1987-11-24,,8.89,7.73,,,,,,1.1600000000000001
1987-11-25,,8.98,7.78,,,,,,1.2000000000000002
1987-11-26,,,,,,,,,
1987-11-27,,9.11,7.87,,,,,,1.2399999999999993
1987-11-30,,8.99,7.73,,,,,,1.2599999999999998
1987-12-01,,9.01,7.77,6.77,115.6,0.04332129963898912,5.7,0.0,1.2400000000000002
1987-12-02,,9.01,7.79,,,,,,1.2199999999999998
1987-12-03,,8.94,7.72,,,,,,1.2199999999999998
1987-12-04,,8.94,7.72,,,,,,1.2199999999999998
1987-12-07,,9.07,7.86,,,,,,1.21
1987-12-08,,9.09,7.88,,,,,,1.21
1987-12-09,,9.05,7.88,,,,,,1.1700000000000008
1987-12-10,,9.23,8.0,,,,,,1.2300000000000004
1987-12-11,,9.28,8.02,,,,,,1.2599999999999998
1987-12-14,,9.23,8.01,,,,,,1.2200000000000006
1987-12-15,,9.09,7.92,,,,,,1.17
1987-12-16,,9.0,7.89,,,,,,1.1100000000000003
1987-12-17,,9.03,7.89,,,,,,1.1399999999999997
1987-12-18,,8.89,7.82,,,,,,1.0700000000000003
1987-12-21,,8.88,7.84,,,,,,1.040000000000001
1987-12-22,,8.95,7.91,,,,,,1.0399999999999991
1987-12-23,,8.83,7.83,,,,,,1.0
1987-12-24,,8.82,7.83,,,,,,0.9900000000000002
1987-12-25,,,,,,,,,
1987-12-28,,8.93,7.91,,,,,,1.0199999999999996
1987-12-29,,8.85,7.86,,,,,,0.9899999999999993
1987-12-30,,8.78,7.75,,,,,,1.0299999999999994
1987-12-31,,8.83,7.77,,,,,,1.0600000000000005
1988-01-01,,,,6.83,116.0,0.04129263913824044,5.7,0.0,
1988-01-04,,8.83,7.77,,,,,,1.0600000000000005
1988-01-05,,8.76,7.76,,,,,,1.0
1988-01-06,,8.82,7.79,,,,,,1.0300000000000002
1988-01-07,,8.83,7.79,,,,,,1.04
1988-01-08,,8.97,7.92,,,,,,1.0500000000000007
1988-01-11,,8.94,7.8,,,,,,1.1399999999999997
1988-01-12,,8.93,7.8,,,,,,1.13
1988-01-13,,8.87,7.76,,,,,,1.1099999999999994
1988-01-14,,8.86,7.76,,,,,,1.0999999999999996
1988-01-15,,8.6,7.61,,,,,,0.9899999999999993
1988-01-18,,,,,,,,,
1988-01-19,,8.65,7.66,,,,,,0.9900000000000002
1988-01-20,,8.61,7.59,,,,,,1.0199999999999996
1988-01-21,,8.53,7.52,,,,,,1.0099999999999998
1988-01-22,,8.49,7.51,,,,,,0.9800000000000004
1988-01-25,,8.45,7.49,,,,,,0.9599999999999991
1988-01-26,,8.54,7.56,,,,,,0.9799999999999995
1988-01-27,,8.38,7.37,,,,,,1.0100000000000007
1988-01-28,,8.33,7.29,,,,,,1.04
1988-01-29,,8.26,7.22,,,,,,1.04
1988-02-01,,8.26,7.22,6.58,116.2,0.03935599284436497,5.7,0.0,1.04
1988-02-02,,8.18,7.21,,,,,,0.9699999999999998
1988-02-03,,8.21,7.24,,,,,,0.9700000000000006
1988-02-04,,8.24,7.24,,,,,,1.0
1988-02-05,,8.12,7.1,,,,,,1.0199999999999996
1988-02-08,,8.19,7.16,,,,,,1.0299999999999994
1988-02-09,,8.16,7.12,,,,,,1.04
1988-02-10,,8.11,7.07,,,,,,1.0399999999999991
1988-02-11,,8.16,7.12,,,,,,1.04
1988-02-12,,8.28,7.22,,,,,,1.0599999999999996
1988-02-15,,,,,,,,,
1988-02-16,,8.31,7.26,,,,,,1.0500000000000007
1988-02-17,,8.32,7.24,,,,,,1.08
1988-02-18,,8.28,7.23,,,,,,1.049999999999999
1988-02-19,,8.26,7.21,,,,,,1.0499999999999998
1988-02-22,,8.24,7.2,,,,,,1.04
1988-02-23,,8.17,7.16,,,,,,1.0099999999999998
1988-02-24,,8.18,7.15,,,,,,1.0299999999999994
1988-02-25,,8.23,7.17,,,,,,1.0600000000000005
1988-02-26,,8.18,7.16,,,,,,1.0199999999999996
1988-02-29,,8.16,7.13,,,,,,1.0300000000000002
1988-03-01,,8.15,7.11,6.58,116.5,0.03832442067736186,5.7,0.0,1.04
1988-03-02,,8.13,7.07,,,,,,1.0600000000000005
1988-03-03,,8.12,7.08,,,,,,1.0399999999999991
1988-03-04,,8.28,7.2,,,,,,1.0799999999999992
1988-03-07,,8.3,7.22,,,,,,1.080000000000001
1988-03-08,,8.33,7.25,,,,,,1.08
1988-03-09,,8.32,7.22,,,,,,1.1000000000000005
1988-03-10,,8.35,7.25,,,,,,1.0999999999999996
1988-03-11,,8.29,7.2,,,,,,1.089999999999999
1988-03-14,,8.29,7.2,,,,,,1.089999999999999
1988-03-15,,8.3,7.19,,,,,,1.1100000000000003
1988-03-16,,8.36,7.24,,,,,,1.1199999999999992
1988-03-17,,8.3,7.17,,,,,,1.1300000000000008
1988-03-18,,8.41,7.23,,,,,,1.1799999999999997
1988-03-21,,8.47,7.32,,,,,,1.1500000000000004
1988-03-22,,8.46,7.33,,,,,,1.1300000000000008
1988-03-23,,8.47,7.39,,,,,,1.080000000000001
1988-03-24,,8.51,7.46,,,,,,1.0499999999999998
1988-03-25,,8.47,7.41,,,,,,1.0600000000000005
1988-03-28,,8.58,7.42,,,,,,1.1600000000000001
1988-03-29,,8.56,7.42,,,,,,1.1400000000000006
1988-03-30,,8.57,7.43,,,,,,1.1400000000000006
1988-03-31,,8.57,7.41,,,,,,1.1600000000000001
1988-04-01,,,,6.87,117.2,0.03992901508429458,5.4,0.0,
1988-04-04,,8.68,7.58,,,,,,1.0999999999999996
1988-04-05,,8.67,7.6,,,,,,1.0700000000000003
1988-04-06,,8.61,7.57,,,,,,1.0399999999999991
1988-04-07,,8.6,7.54,,,,,,1.0599999999999996
1988-04-08,,8.52,7.47,,,,,,1.0499999999999998
1988-04-11,,8.59,7.5,,,,,,1.0899999999999999
1988-04-12,,8.57,7.49,,,,,,1.08
1988-04-13,,8.56,7.45,,,,,,1.1100000000000003
1988-04-14,,8.67,7.56,,,,,,1.1100000000000003
1988-04-15,,8.74,7.6,,,,,,1.1400000000000006
1988-04-18,,8.81,7.6,,,,,,1.2100000000000009
1988-04-19,,8.81,7.57,,,,,,1.2400000000000002
1988-04-20,,8.83,7.65,,,,,,1.1799999999999997
1988-04-21,,8.82,7.64,,,,,,1.1800000000000006
1988-04-22,,8.78,7.64,,,,,,1.1399999999999997
1988-04-25,,8.78,7.64,,,,,,1.1399999999999997
1988-04-26,,8.8,7.64,,,,,,1.160000000000001
1988-04-27,,8.8,7.63,,,,,,1.1700000000000008
1988-04-28,,8.86,7.69,,,,,,1.169999999999999
1988-04-29,,8.87,7.73,,,,,,1.1399999999999988
1988-05-01,,,,7.09,117.5,0.03982300884955747,5.6,0.0,
1988-05-02,,8.94,7.78,,,,,,1.1599999999999993
1988-05-03,,8.89,7.77,,,,,,1.120000000000001
1988-05-04,,8.9,7.77,,,,,,1.1300000000000008
1988-05-05,,8.92,7.79,,,,,,1.13
1988-05-06,,9.01,7.87,,,,,,1.1399999999999997
1988-05-09,,9.03,7.95,,,,,,1.0799999999999992
1988-05-10,,9.07,8.0,,,,,,1.0700000000000003
1988-05-11,,9.05,7.95,,,,,,1.1000000000000005
1988-05-12,,9.04,7.95,,,,,,1.089999999999999
1988-05-13,,9.0,7.9,,,,,,1.0999999999999996
1988-05-16,,9.01,7.93,,,,,,1.08
1988-05-17,,9.12,7.99,,,,,,1.129999999999999
1988-05-18,,9.19,8.04,,,,,,1.1500000000000004
1988-05-19,,9.18,8.04,,,,,,1.1400000000000006
1988-05-20,,9.22,8.08,,,,,,1.1400000000000006
1988-05-23,,9.23,8.12,,,,,,1.1100000000000012
1988-05-24,,9.22,8.14,,,,,,1.08
1988-05-25,,9.2,8.17,,,,,,1.0299999999999994
1988-05-26,,9.21,8.23,,,,,,0.9800000000000004
1988-05-27,,9.24,8.23,,,,,,1.0099999999999998
1988-05-30,,,,,,,,,
1988-05-31,,9.2,8.21,,,,,,0.9899999999999984
1988-06-01,,9.03,8.09,7.51,118.0,0.0396475770925111,5.4,0.0,0.9399999999999995
1988-06-02,,9.07,8.13,,,,,,0.9399999999999995
1988-06-03,,8.97,8.06,,,,,,0.9100000000000001
1988-06-06,,8.97,8.04,,,,,,0.9300000000000015
1988-06-07,,9.02,8.04,,,,,,0.9800000000000004
1988-06-08,,8.92,7.96,,,,,,0.96
1988-06-09,,8.96,7.97,,,,,,0.9900000000000011
1988-06-10,,8.92,7.99,,,,,,0.9299999999999997
1988-06-13,,8.91,7.98,,,,,,0.9299999999999997
1988-06-14,,8.69,7.8,,,,,,0.8899999999999997
1988-06-15,,8.71,7.84,,,,,,0.870000000000001
1988-06-16,,8.89,7.96,,,,,,0.9300000000000006
1988-06-17,,9.02,8.1,,,,,,0.9199999999999999
1988-06-20,,9.02,8.14,,,,,,0.879999999999999
1988-06-21,,9.03,8.15,,,,,,0.879999999999999
1988-06-22,,8.9,8.04,,,,,,0.8600000000000012
1988-06-23,,8.88,8.05,,,,,,0.8300000000000001
1988-06-24,,8.85,8.03,,,,,,0.8200000000000003
1988-06-27,,8.94,8.1,,,,,,0.8399999999999999
1988-06-28,,8.87,8.05,,,,,,0.8199999999999985
1988-06-29,,8.88,8.03,,,,,,0.8500000000000014
1988-06-30,,8.82,8.02,,,,,,0.8000000000000007
1988-07-01,,8.77,7.98,7.75,118.5,0.04130052724077338,5.4,0.0,0.7899999999999991
1988-07-04,,,,,,,,,
1988-07-05,,8.82,8.04,,,,,,0.7800000000000011
1988-07-06,,8.91,8.07,,,,,,0.8399999999999999
1988-07-07,,8.95,8.13,,,,,,0.8199999999999985
1988-07-08,,9.04,8.25,,,,,,0.7899999999999991
1988-07-11,,9.02,8.25,,,,,,0.7699999999999996
1988-07-12,,9.08,8.27,,,,,,0.8100000000000005
1988-07-13,,9.12,8.27,,,,,,0.8499999999999996
1988-07-14,,9.12,8.33,,,,,,0.7899999999999991
1988-07-15,,9.08,8.31,,,,,,0.7699999999999996
1988-07-18,,9.15,8.35,,,,,,0.8000000000000007
1988-07-19,,9.1,8.32,,,,,,0.7799999999999994
1988-07-20,,9.11,8.31,,,,,,0.7999999999999989
1988-07-21,,9.16,8.39,,,,,,0.7699999999999996
1988-07-22,,9.11,8.35,,,,,,0.7599999999999998
1988-07-25,,9.07,8.34,,,,,,0.7300000000000004
1988-07-26,,9.09,8.35,,,,,,0.7400000000000002
1988-07-27,,9.14,8.44,,,,,,0.7000000000000011
1988-07-28,,9.16,8.44,,,,,,0.7200000000000006
1988-07-29,,9.12,8.39,,,,,,0.7299999999999986
1988-08-01,,9.07,8.36,8.01,119.0,0.04111986001749779,5.6,0.0,0.7100000000000009
1988-08-02,,9.0,8.32,,,,,,0.6799999999999997
1988-08-03,,9.04,8.34,,,,,,0.6999999999999993
1988-08-04,,8.99,8.31,,,,,,0.6799999999999997
1988-08-05,,9.12,8.47,,,,,,0.6499999999999986
1988-08-08,,9.12,8.48,,,,,,0.6399999999999988
1988-08-09,,9.2,8.59,,,,,,0.6099999999999994
1988-08-10,,9.3,8.64,,,,,,0.6600000000000001
1988-08-11,,9.35,8.68,,,,,,0.6699999999999999
1988-08-12,,9.36,8.68,,,,,,0.6799999999999997
1988-08-15,,9.37,8.7,,,,,,0.6699999999999999
1988-08-16,,9.35,8.72,,,,,,0.629999999999999
1988-08-17,,9.38,8.74,,,,,,0.6400000000000006
1988-08-18,,9.35,8.74,,,,,,0.6099999999999994
1988-08-19,,9.35,8.74,,,,,,0.6099999999999994
1988-08-22,,9.37,8.76,,,,,,0.6099999999999994
1988-08-23,,9.32,8.71,,,,,,0.6099999999999994
1988-08-24,,9.34,8.73,,,,,,0.6099999999999994
1988-08-25,,9.41,8.78,,,,,,0.6300000000000008
1988-08-26,,9.38,8.78,,,,,,0.6000000000000014
1988-08-29,,9.3,8.75,,,,,,0.5500000000000007
1988-08-30,,9.27,8.73,,,,,,0.5399999999999991
1988-08-31,,9.25,8.71,,,,,,0.5399999999999991
1988-09-01,,9.25,8.68,8.19,119.5,0.04184829991281602,5.4,0.0,0.5700000000000003
1988-09-02,,9.0,8.45,,,,,,0.5500000000000007
1988-09-05,,,,,,,,,
1988-09-06,,8.99,8.47,,,,,,0.5199999999999996
1988-09-07,,8.99,8.45,,,,,,0.5400000000000009
1988-09-08,,8.99,8.45,,,,,,0.5400000000000009
1988-09-09,,8.93,8.42,,,,,,0.5099999999999998
1988-09-12,,8.97,8.44,,,,,,0.5300000000000011
1988-09-13,,8.94,8.4,,,,,,0.5399999999999991
1988-09-14,,8.88,8.36,,,,,,0.5200000000000014
1988-09-15,,8.91,8.39,,,,,,0.5199999999999996
1988-09-16,,8.93,8.4,,,,,,0.5299999999999994
1988-09-19,,8.97,8.44,,,,,,0.5300000000000011
1988-09-20,,8.97,8.45,,,,,,0.5200000000000014
1988-09-21,,8.93,8.4,,,,,,0.5299999999999994
1988-09-22,,8.95,8.44,,,,,,0.5099999999999998
1988-09-23,,8.97,8.47,,,,,,0.5
1988-09-26,,9.0,8.52,,,,,,0.4800000000000004
1988-09-27,,9.04,8.55,,,,,,0.48999999999999844
1988-09-28,,9.06,8.59,,,,,,0.47000000000000064
1988-09-29,,8.98,8.53,,,,,,0.45000000000000107
1988-09-30,,8.87,8.43,,,,,,0.4399999999999995
1988-10-01,,,,8.3,119.9,0.04260869565217407,5.4,0.0,
1988-10-03,,8.84,8.41,,,,,,0.4299999999999997
1988-10-04,,8.87,8.43,,,,,,0.4399999999999995
1988-10-05,,8.87,8.43,,,,,,0.4399999999999995
1988-10-06,,8.87,8.43,,,,,,0.4399999999999995
1988-10-07,,8.7,8.26,,,,,,0.4399999999999995
1988-10-10,,,,,,,,,
1988-10-11,,8.75,8.29,,,,,,0.46000000000000085
1988-10-12,,8.84,8.35,,,,,,0.4900000000000002
1988-10-13,,8.84,8.36,,,,,,0.4800000000000004
1988-10-14,,8.81,8.33,,,,,,0.4800000000000004
1988-10-17,,8.79,8.33,,,,,,0.4599999999999991
1988-10-18,,8.78,8.33,,,,,,0.4499999999999993
1988-10-19,,8.82,8.38,,,,,,0.4399999999999995
1988-10-20,,8.79,8.38,,,,,,0.40999999999999837
1988-10-21,,8.83,8.4,,,,,,0.4299999999999997
1988-10-24,,8.83,8.42,,,,,,0.41000000000000014
1988-10-25,,8.83,8.42,,,,,,0.41000000000000014
1988-10-26,,8.79,8.34,,,,,,0.4499999999999993
1988-10-27,,8.72,8.27,,,,,,0.45000000000000107
1988-10-28,,8.69,8.27,,,,,,0.41999999999999993
1988-10-31,,8.65,8.25,,,,,,0.40000000000000036
1988-11-01,,8.68,8.25,8.35,120.3,0.04246100519930662,5.3,0.0,0.4299999999999997
1988-11-02,,8.73,8.29,,,,,,0.4400000000000013
1988-11-03,,8.69,8.27,,,,,,0.41999999999999993
1988-11-04,,8.85,8.39,,,,,,0.4599999999999991
1988-11-07,,8.91,8.5,,,,,,0.41000000000000014
1988-11-08,,8.91,8.53,,,,,,0.3800000000000008
1988-11-09,,8.91,8.57,,,,,,0.33999999999999986
1988-11-10,,8.9,8.6,,,,,,0.3000000000000007
1988-11-11,,,,,,,,,
1988-11-14,,8.91,8.62,,,,,,0.2900000000000009
1988-11-15,,8.92,8.69,,,,,,0.23000000000000043
1988-11-16,,9.0,8.75,,,,,,0.25
1988-11-17,,9.06,8.75,,,,,,0.3100000000000005
1988-11-18,,9.05,8.77,,,,,,0.28000000000000114
1988-11-21,,9.04,8.81,,,,,,0.22999999999999865
1988-11-22,,9.09,8.88,,,,,,0.20999999999999908
1988-11-23,,9.08,8.87,,,,,,0.21000000000000085
1988-11-24,,,,,,,,,
1988-11-25,,9.17,8.98,,,,,,0.1899999999999995
1988-11-28,,9.16,9.0,,,,,,0.16000000000000014
1988-11-29,,9.13,8.96,,,,,,0.16999999999999993
1988-11-30,,9.06,8.84,,,,,,0.22000000000000064
1988-12-01,,9.01,8.86,8.76,120.7,0.044117647058823595,5.3,0.0,0.15000000000000036
1988-12-02,,9.18,9.12,,,,,,0.0600000000000005
1988-12-05,,9.13,9.09,,,,,,0.040000000000000924
1988-12-06,,8.95,8.88,,,,,,0.06999999999999851
1988-12-07,,9.0,8.93,,,,,,0.07000000000000028
1988-12-08,,9.02,9.0,,,,,,0.019999999999999574
1988-12-09,,9.07,9.03,,,,,,0.040000000000000924
1988-12-12,,9.08,9.05,,,,,,0.02999999999999936
1988-12-13,,9.15,9.16,,,,,,-0.009999999999999787
1988-12-14,,9.19,9.2,,,,,,-0.009999999999999787
1988-12-15,,9.19,9.2,,,,,,-0.009999999999999787
1988-12-16,,9.17,9.18,,,,,,-0.009999999999999787
1988-12-19,,9.15,9.18,,,,,,-0.02999999999999936
1988-12-20,,9.08,9.11,,,,,,-0.02999999999999936
1988-12-21,,9.07,9.09,,,,,,-0.019999999999999574
1988-12-22,,9.07,9.04,,,,,,0.030000000000001137
1988-12-23,,9.05,9.04,,,,,,0.010000000000001563
1988-12-26,,,,,,,,,
1988-12-27,,9.13,9.15,,,,,,-0.019999999999999574
1988-12-28,,9.21,9.23,,,,,,-0.019999999999999574
1988-12-29,,9.18,9.18,,,,,,0.0
1988-12-30,,9.14,9.14,,,,,,0.0
1989-01-01,,,,9.12,121.2,0.04482758620689653,5.4,0.0,
1989-01-02,,,,,,,,,
1989-01-03,,9.23,9.21,,,,,,0.019999999999999574
1989-01-04,,9.22,9.25,,,,,,-0.02999999999999936
1989-01-05,,9.27,9.32,,,,,,-0.05000000000000071
1989-01-06,,9.25,9.32,,,,,,-0.07000000000000028
1989-01-09,,9.23,9.29,,,,,,-0.05999999999999872
1989-01-10,,9.24,9.25,,,,,,-0.009999999999999787
1989-01-11,,9.24,9.29,,,,,,-0.049999999999998934
1989-01-12,,9.14,9.2,,,,,,-0.05999999999999872
1989-01-13,,9.06,9.14,,,,,,-0.08000000000000007
1989-01-16,,,,,,,,,
1989-01-17,,9.06,9.16,,,,,,-0.09999999999999964
1989-01-18,,8.99,9.13,,,,,,-0.14000000000000057
1989-01-19,,9.0,9.09,,,,,,-0.08999999999999986
1989-01-20,,9.03,9.13,,,,,,-0.10000000000000142
1989-01-23,,9.0,9.13,,,,,,-0.13000000000000078
1989-01-24,,8.93,9.07,,,,,,-0.14000000000000057
1989-01-25,,8.99,9.1,,,,,,-0.10999999999999943
1989-01-26,,8.99,9.14,,,,,,-0.15000000000000036
1989-01-27,,8.95,9.07,,,,,,-0.120000000000001
1989-01-30,,9.0,9.1,,,,,,-0.09999999999999964
1989-01-31,,9.01,9.12,,,,,,-0.10999999999999943
1989-02-01,,8.99,9.12,9.36,121.6,0.04647160068846801,5.2,0.0,-0.129999999999999
1989-02-02,,8.98,9.12,,,,,,-0.1399999999999988
1989-02-03,,9.01,9.23,,,,,,-0.22000000000000064
1989-02-06,,9.01,9.25,,,,,,-0.2400000000000002
1989-02-07,,8.96,9.19,,,,,,-0.22999999999999865
1989-02-08,,8.95,9.21,,,,,,-0.26000000000000156
1989-02-09,,9.13,9.28,,,,,,-0.14999999999999858
1989-02-10,,9.19,9.37,,,,,,-0.17999999999999972
1989-02-13,,9.2,9.39,,,,,,-0.19000000000000128
1989-02-14,,9.23,9.43,,,,,,-0.1999999999999993
1989-02-15,,9.22,9.41,,,,,,-0.1899999999999995
1989-02-16,,9.21,9.37,,,,,,-0.15999999999999837
1989-02-17,,9.2,9.37,,,,,,-0.16999999999999993
1989-02-20,,,,,,,,,
1989-02-21,,9.22,9.41,,,,,,-0.1899999999999995
1989-02-22,,9.29,9.48,,,,,,-0.19000000000000128
1989-02-23,,9.36,9.6,,,,,,-0.2400000000000002
1989-02-24,,9.38,9.66,,,,,,-0.27999999999999936
1989-02-27,,9.36,9.62,,,,,,-0.2599999999999998
1989-02-28,,9.32,9.55,,,,,,-0.23000000000000043
1989-03-01,,9.36,9.55,9.85,122.2,0.04892703862660941,5.0,0.0,-0.19000000000000128
1989-03-02,,9.31,9.52,,,,,,-0.20999999999999908
1989-03-03,,9.31,9.5,,,,,,-0.1899999999999995
1989-03-06,,9.26,9.46,,,,,,-0.20000000000000107
1989-03-07,,9.26,9.48,,,,,,-0.22000000000000064
1989-03-08,,9.23,9.48,,,,,,-0.25
1989-03-09,,9.24,9.48,,,,,,-0.2400000000000002
1989-03-10,,9.34,9.66,,,,,,-0.3200000000000003
1989-03-13,,9.35,9.64,,,,,,-0.2900000000000009
1989-03-14,,9.32,9.64,,,,,,-0.3200000000000003
1989-03-15,,9.31,9.62,,,,,,-0.3099999999999987
1989-03-16,,9.3,9.61,,,,,,-0.3099999999999987
1989-03-17,,9.49,9.84,,,,,,-0.34999999999999964
1989-03-20,,9.53,9.9,,,,,,-0.370000000000001
1989-03-21,,9.53,9.92,,,,,,-0.39000000000000057
1989-03-22,,9.45,9.81,,,,,,-0.3600000000000012
1989-03-23,,9.43,9.81,,,,,,-0.3800000000000008
1989-03-24,,,,,,,,,
1989-03-27,,9.44,9.85,,,,,,-0.41000000000000014
1989-03-28,,9.41,9.86,,,,,,-0.4499999999999993
1989-03-29,,9.36,9.8,,,,,,-0.4400000000000013
1989-03-30,,9.34,9.79,,,,,,-0.4499999999999993
1989-03-31,,9.3,9.73,,,,,,-0.4299999999999997
1989-04-01,,,,9.84,123.1,0.05034129692832767,5.2,0.0,
1989-04-03,,9.21,9.56,,,,,,-0.34999999999999964
1989-04-04,,9.17,9.47,,,,,,-0.3000000000000007
1989-04-05,,9.17,9.45,,,,,,-0.27999999999999936
1989-04-06,,9.2,9.54,,,,,,-0.33999999999999986
1989-04-07,,9.27,9.57,,,,,,-0.3000000000000007
1989-04-10,,9.27,9.57,,,,,,-0.3000000000000007
1989-04-11,,9.27,9.57,,,,,,-0.3000000000000007
1989-04-12,,9.29,9.59,,,,,,-0.3000000000000007
1989-04-13,,9.34,9.66,,,,,,-0.3200000000000003
1989-04-14,,9.18,9.43,,,,,,-0.25
1989-04-17,,9.2,9.48,,,,,,-0.28000000000000114
1989-04-18,,9.06,9.28,,,,,,-0.21999999999999886
1989-04-19,,9.08,9.3,,,,,,-0.22000000000000064
1989-04-20,,9.2,9.46,,,,,,-0.26000000000000156
1989-04-21,,9.15,9.44,,,,,,-0.28999999999999915
1989-04-24,,9.15,9.46,,,,,,-0.3100000000000005
1989-04-25,,9.12,9.41,,,,,,-0.2900000000000009
1989-04-26,,9.11,9.34,,,,,,-0.23000000000000043
1989-04-27,,9.05,9.23,,,,,,-0.17999999999999972
1989-04-28,,9.02,9.22,,,,,,-0.20000000000000107
1989-05-01,,9.14,9.36,9.81,123.7,0.052765957446808454,5.2,0.0,-0.21999999999999886
1989-05-02,,9.08,9.27,,,,,,-0.1899999999999995
1989-05-03,,9.06,9.21,,,,,,-0.15000000000000036
1989-05-04,,9.06,9.21,,,,,,-0.15000000000000036
1989-05-05,,8.99,9.04,,,,,,-0.049999999999998934
1989-05-08,,9.04,9.09,,,,,,-0.05000000000000071
1989-05-09,,9.15,9.23,,,,,,-0.08000000000000007
1989-05-10,,9.16,9.27,,,,,,-0.10999999999999943
1989-05-11,,9.1,9.14,,,,,,-0.040000000000000924
1989-05-12,,8.81,8.82,,,,,,-0.009999999999999787
1989-05-15,,8.82,8.91,,,,,,-0.08999999999999986
1989-05-16,,8.82,8.95,,,,,,-0.129999999999999
1989-05-17,,8.8,8.96,,,,,,-0.16000000000000014
1989-05-18,,8.78,9.0,,,,,,-0.22000000000000064
1989-05-19,,8.71,8.94,,,,,,-0.22999999999999865
1989-05-22,,8.58,8.84,,,,,,-0.2599999999999998
1989-05-23,,8.6,8.83,,,,,,-0.23000000000000043
1989-05-24,,8.63,8.82,,,,,,-0.1899999999999995
1989-05-25,,8.67,8.92,,,,,,-0.25
1989-05-26,,8.66,8.89,,,,,,-0.23000000000000043
1989-05-29,,,,,,,,,
1989-05-30,,8.64,8.87,,,,,,-0.22999999999999865
1989-05-31,,8.6,8.82,,,,,,-0.22000000000000064
1989-06-01,,8.61,8.82,9.53,124.1,0.051694915254237195,5.3,0.0,-0.21000000000000085
1989-06-02,,8.43,8.52,,,,,,-0.08999999999999986
1989-06-05,,8.36,8.44,,,,,,-0.08000000000000007
1989-06-06,,8.36,8.45,,,,,,-0.08999999999999986
1989-06-07,,8.27,8.38,,,,,,-0.11000000000000121
1989-06-08,,8.27,8.33,,,,,,-0.0600000000000005
1989-06-09,,8.15,8.28,,,,,,-0.129999999999999
1989-06-12,,8.16,8.29,,,,,,-0.129999999999999
1989-06-13,,8.25,8.41,,,,,,-0.16000000000000014
1989-06-14,,8.2,8.36,,,,,,-0.16000000000000014
1989-06-15,,8.33,8.48,,,,,,-0.15000000000000036
1989-06-16,,8.35,8.53,,,,,,-0.17999999999999972
1989-06-19,,8.37,8.55,,,,,,-0.1800000000000015
1989-06-20,,8.31,8.5,,,,,,-0.1899999999999995
1989-06-21,,8.37,8.53,,,,,,-0.16000000000000014
1989-06-22,,8.38,8.55,,,,,,-0.16999999999999993
1989-06-23,,8.25,8.39,,,,,,-0.14000000000000057
1989-06-26,,8.18,8.35,,,,,,-0.16999999999999993
1989-06-27,,8.11,8.27,,,,,,-0.16000000000000014
1989-06-28,,8.17,8.27,,,,,,-0.09999999999999964
1989-06-29,,8.12,8.16,,,,,,-0.040000000000000924
1989-06-30,,8.1,8.08,,,,,,0.019999999999999574
1989-07-01,,,,9.24,124.5,0.05063291139240511,5.2,0.0,
1989-07-03,,8.09,8.02,,,,,,0.07000000000000028
1989-07-04,,,,,,,,,
1989-07-05,,8.11,7.99,,,,,,0.11999999999999922
1989-07-06,,8.08,7.94,,,,,,0.13999999999999968
1989-07-07,,8.02,7.83,,,,,,0.1899999999999995
1989-07-10,,7.99,7.81,,,,,,0.1800000000000006
1989-07-11,,8.0,7.81,,,,,,0.1900000000000004
1989-07-12,,8.0,7.74,,,,,,0.2599999999999998
1989-07-13,,8.0,7.74,,,,,,0.2599999999999998
1989-07-14,,8.04,7.83,,,,,,0.20999999999999908
1989-07-17,,8.05,7.85,,,,,,0.20000000000000107
1989-07-18,,8.13,7.95,,,,,,0.1800000000000006
1989-07-19,,8.09,7.9,,,,,,0.1899999999999995
1989-07-20,,8.01,7.81,,,,,,0.20000000000000018
1989-07-21,,8.07,7.91,,,,,,0.16000000000000014
1989-07-24,,8.05,7.93,,,,,,0.120000000000001
1989-07-25,,8.01,7.84,,,,,,0.16999999999999993
1989-07-26,,8.02,7.75,,,,,,0.2699999999999996
1989-07-27,,7.92,7.65,,,,,,0.2699999999999996
1989-07-28,,7.87,7.56,,,,,,0.3100000000000005
1989-07-31,,7.82,7.53,,,,,,0.29000000000000004
1989-08-01,,7.74,7.46,8.99,124.5,0.04621848739495804,5.2,0.0,0.28000000000000025
1989-08-02,,7.76,7.53,,,,,,0.22999999999999954
1989-08-03,,7.8,7.6,,,,,,0.20000000000000018
1989-08-04,,8.0,7.92,,,,,,0.08000000000000007
1989-08-07,,8.03,8.01,,,,,,0.019999999999999574
1989-08-08,,8.0,7.96,,,,,,0.040000000000000036
1989-08-09,,8.05,7.99,,,,,,0.0600000000000005
1989-08-10,,8.02,7.99,,,,,,0.02999999999999936
1989-08-11,,8.09,8.12,,,,,,-0.02999999999999936
1989-08-14,,8.24,8.31,,,,,,-0.07000000000000028
1989-08-15,,8.21,8.29,,,,,,-0.0799999999999983
1989-08-16,,8.12,8.17,,,,,,-0.05000000000000071
1989-08-17,,8.18,8.26,,,,,,-0.08000000000000007
1989-08-18,,8.15,8.26,,,,,,-0.10999999999999943
1989-08-21,,8.2,8.32,,,,,,-0.120000000000001
1989-08-22,,8.29,8.43,,,,,,-0.14000000000000057
1989-08-23,,8.25,8.37,,,,,,-0.11999999999999922
1989-08-24,,8.2,8.32,,,,,,-0.120000000000001
1989-08-25,,8.21,8.34,,,,,,-0.129999999999999
1989-08-28,,8.27,8.41,,,,,,-0.14000000000000057
1989-08-29,,8.27,8.44,,,,,,-0.16999999999999993
1989-08-30,,8.25,8.41,,,,,,-0.16000000000000014
1989-08-31,,8.26,8.42,,,,,,-0.16000000000000014
1989-09-01,,8.19,8.37,9.02,124.8,0.04435146443514637,5.3,0.0,-0.17999999999999972
1989-09-04,,,,,,,,,
1989-09-05,,8.19,8.37,,,,,,-0.17999999999999972
1989-09-06,,8.17,8.35,,,,,,-0.17999999999999972
1989-09-07,,8.17,8.35,,,,,,-0.17999999999999972
1989-09-08,,8.14,8.27,,,,,,-0.129999999999999
1989-09-11,,8.13,8.2,,,,,,-0.06999999999999851
1989-09-12,,8.13,8.18,,,,,,-0.049999999999998934
1989-09-13,,8.18,8.2,,,,,,-0.019999999999999574
1989-09-14,,8.13,8.09,,,,,,0.040000000000000924
1989-09-15,,8.09,8.06,,,,,,0.02999999999999936
1989-09-18,,8.1,8.13,,,,,,-0.030000000000001137
1989-09-19,,8.09,8.14,,,,,,-0.05000000000000071
1989-09-20,,8.15,8.27,,,,,,-0.11999999999999922
1989-09-21,,8.2,8.32,,,,,,-0.120000000000001
1989-09-22,,8.22,8.34,,,,,,-0.11999999999999922
1989-09-25,,8.32,8.43,,,,,,-0.10999999999999943
1989-09-26,,8.3,8.36,,,,,,-0.05999999999999872
1989-09-27,,8.3,8.39,,,,,,-0.08999999999999986
1989-09-28,,8.3,8.41,,,,,,-0.10999999999999943
1989-09-29,,8.31,8.46,,,,,,-0.15000000000000036
1989-10-01,,,,8.84,125.4,0.04587155963302747,5.3,0.0,
1989-10-02,,8.28,8.48,,,,,,-0.20000000000000107
1989-10-03,,8.23,8.39,,,,,,-0.16000000000000014
1989-10-04,,8.22,8.37,,,,,,-0.14999999999999858
1989-10-05,,8.15,8.31,,,,,,-0.16000000000000014
1989-10-06,,8.03,8.1,,,,,,-0.07000000000000028
1989-10-09,,,,,,,,,
1989-10-10,,8.03,8.06,,,,,,-0.030000000000001137
1989-10-11,,8.07,8.08,,,,,,-0.009999999999999787
1989-10-12,,8.04,8.01,,,,,,0.02999999999999936
1989-10-13,,7.87,7.69,,,,,,0.17999999999999972
1989-10-16,,7.98,7.85,,,,,,0.13000000000000078
1989-10-17,,8.0,7.83,,,,,,0.16999999999999993
1989-10-18,,8.01,7.83,,,,,,0.17999999999999972
1989-10-19,,7.96,7.87,,,,,,0.08999999999999986
1989-10-20,,7.98,7.92,,,,,,0.0600000000000005
1989-10-23,,7.92,7.88,,,,,,0.040000000000000036
1989-10-24,,7.87,7.78,,,,,,0.08999999999999986
1989-10-25,,7.86,7.76,,,,,,0.10000000000000053
1989-10-26,,7.88,7.78,,,,,,0.09999999999999964
1989-10-27,,7.94,7.87,,,,,,0.07000000000000028
1989-10-30,,7.92,7.85,,,,,,0.07000000000000028
1989-10-31,,7.92,7.85,,,,,,0.07000000000000028
1989-11-01,,7.91,7.87,8.55,125.9,0.046550290939318506,5.4,0.0,0.040000000000000036
1989-11-02,,7.87,7.81,,,,,,0.0600000000000005
1989-11-03,,7.96,8.01,,,,,,-0.04999999999999982
1989-11-06,,8.0,8.04,,,,,,-0.03999999999999915
1989-11-07,,7.9,7.87,,,,,,0.03000000000000025
1989-11-08,,7.87,7.78,,,,,,0.08999999999999986
1989-11-09,,7.9,7.8,,,,,,0.10000000000000053
1989-11-10,,7.92,7.83,,,,,,0.08999999999999986
1989-11-13,,7.89,7.82,,,,,,0.0699999999999994
1989-11-14,,7.87,7.75,,,,,,0.1200000000000001
1989-11-15,,7.82,7.69,,,,,,0.1299999999999999
1989-11-16,,7.82,7.71,,,,,,0.11000000000000032
1989-11-17,,7.88,7.77,,,,,,0.11000000000000032
1989-11-20,,7.86,7.77,,,,,,0.09000000000000075
1989-11-21,,7.85,7.77,,,,,,0.08000000000000007
1989-11-22,,7.81,7.66,,,,,,0.14999999999999947
1989-11-23,,,,,,,,,
1989-11-24,,7.8,7.64,,,,,,0.16000000000000014
1989-11-27,,7.85,7.79,,,,,,0.05999999999999961
1989-11-28,,7.86,7.78,,,,,,0.08000000000000007
1989-11-29,,7.88,7.8,,,,,,0.08000000000000007
1989-11-30,,7.84,7.75,,,,,,0.08999999999999986
1989-12-01,,7.81,7.7,8.45,126.3,0.046396023198011616,5.4,0.0,0.10999999999999943
1989-12-04,,7.82,7.72,,,,,,0.10000000000000053
1989-12-05,,7.82,7.72,,,,,,0.10000000000000053
1989-12-06,,7.85,7.8,,,,,,0.04999999999999982
1989-12-07,,7.88,7.85,,,,,,0.03000000000000025
1989-12-08,,7.82,7.78,,,,,,0.040000000000000036
1989-12-11,,7.83,7.78,,,,,,0.04999999999999982
1989-12-12,,7.84,7.8,,,,,,0.040000000000000036
1989-12-13,,7.82,7.82,,,,,,0.0
1989-12-14,,7.79,7.75,,,,,,0.040000000000000036
1989-12-15,,7.8,7.75,,,,,,0.04999999999999982
1989-12-18,,7.77,7.75,,,,,,0.019999999999999574
1989-12-19,,7.78,7.72,,,,,,0.0600000000000005
1989-12-20,,7.77,7.64,,,,,,0.1299999999999999
1989-12-21,,7.77,7.68,,,,,,0.08999999999999986
1989-12-22,,7.82,7.74,,,,,,0.08000000000000007
1989-12-25,,,,,,,,,
1989-12-26,,7.95,7.9,,,,,,0.04999999999999982
1989-12-27,,7.94,7.9,,,,,,0.040000000000000036
1989-12-28,,7.91,7.87,,,,,,0.040000000000000036
1989-12-29,,7.93,7.87,,,,,,0.05999999999999961
1990-01-01,,,,8.23,127.5,0.051980198019802026,5.4,0.0,
1990-01-02,17.24,7.94,7.87,,,,,,0.07000000000000028
1990-01-03,18.19,7.99,7.94,,,,,,0.04999999999999982
1990-01-04,19.22,7.98,7.92,,,,,,0.0600000000000005
1990-01-05,20.11,7.99,7.9,,,,,,0.08999999999999986
1990-01-08,20.26,8.02,7.9,,,,,,0.11999999999999922
1990-01-09,22.2,8.02,7.91,,,,,,0.10999999999999943
1990-01-10,22.44,8.03,7.91,,,,,,0.11999999999999922
1990-01-11,20.05,8.04,7.91,,,,,,0.129999999999999
1990-01-12,24.64,8.1,7.93,,,,,,0.16999999999999993
1990-01-15,26.34,,,,,,,,
1990-01-16,24.18,8.2,8.1,,,,,,0.09999999999999964
1990-01-17,24.16,8.19,8.09,,,,,,0.09999999999999964
1990-01-18,24.34,8.32,8.25,,,,,,0.07000000000000028
1990-01-19,22.5,8.26,8.2,,,,,,0.0600000000000005
1990-01-22,26.7,8.27,8.18,,,,,,0.08999999999999986
1990-01-23,24.72,8.26,8.18,,,,,,0.08000000000000007
1990-01-24,25.39,8.38,8.2,,,,,,0.1800000000000015
1990-01-25,25.63,8.42,8.24,,,,,,0.17999999999999972
1990-01-26,26.28,8.49,8.28,,,,,,0.21000000000000085
1990-01-29,26.44,8.5,8.3,,,,,,0.1999999999999993
1990-01-30,27.25,8.51,8.3,,,,,,0.20999999999999908
1990-01-31,25.36,8.43,8.28,,,,,,0.15000000000000036
1990-02-01,24.87,8.42,8.28,8.24,128.0,0.05263157894736836,5.3,0.0,0.14000000000000057
1990-02-02,24.32,8.5,8.37,,,,,,0.13000000000000078
1990-02-05,24.54,8.53,8.37,,,,,,0.16000000000000014
1990-02-06,24.69,8.57,8.42,,,,,,0.15000000000000036
1990-02-07,24.29,8.52,8.42,,,,,,0.09999999999999964
1990-02-08,23.77,8.49,8.37,,,,,,0.120000000000001
1990-02-09,23.69,8.31,8.25,,,,,,0.0600000000000005
1990-02-12,24.38,8.4,8.32,,,,,,0.08000000000000007
1990-02-13,23.76,8.35,8.21,,,,,,0.1399999999999988
1990-02-14,22.05,8.36,8.27,,,,,,0.08999999999999986
1990-02-15,19.71,8.43,8.35,,,,,,0.08000000000000007
1990-02-16,20.78,8.42,8.36,,,,,,0.0600000000000005
1990-02-19,,,,,,,,,
1990-02-20,22.78,8.62,8.52,,,,,,0.09999999999999964
1990-02-21,23.89,8.62,8.5,,,,,,0.11999999999999922
1990-02-22,22.54,8.54,8.45,,,,,,0.08999999999999986
1990-02-23,23.69,8.53,8.43,,,,,,0.09999999999999964
1990-02-26,23.56,8.46,8.38,,,,,,0.08000000000000007
1990-02-27,22.69,8.41,8.34,,,,,,0.07000000000000028
1990-02-28,21.99,8.51,8.43,,,,,,0.08000000000000007
1990-03-01,21.9,8.59,8.53,8.28,128.6,0.05237315875613735,5.2,0.0,0.0600000000000005
1990-03-02,21.34,8.54,8.48,,,,,,0.05999999999999872
1990-03-05,22.03,8.65,8.55,,,,,,0.09999999999999964
1990-03-06,20.55,8.59,8.54,,,,,,0.05000000000000071
1990-03-07,19.1,8.58,8.54,,,,,,0.040000000000000924
1990-03-08,19.74,8.57,8.59,,,,,,-0.019999999999999574
1990-03-09,20.3,8.65,8.73,,,,,,-0.08000000000000007
1990-03-12,20.07,8.63,8.71,,,,,,-0.08000000000000007
1990-03-13,21.05,8.73,8.77,,,,,,-0.03999999999999915
1990-03-14,19.65,8.65,8.69,,,,,,-0.03999999999999915
1990-03-15,18.81,8.66,8.71,,,,,,-0.05000000000000071
1990-03-16,17.62,8.59,8.64,,,,,,-0.05000000000000071
1990-03-19,18.29,8.59,8.68,,,,,,-0.08999999999999986
1990-03-20,19.06,8.54,8.68,,,,,,-0.14000000000000057
1990-03-21,20.1,8.55,8.69,,,,,,-0.1399999999999988
1990-03-22,22.74,8.53,8.62,,,,,,-0.08999999999999986
1990-03-23,20.46,8.52,8.61,,,,,,-0.08999999999999986
1990-03-26,19.59,8.51,8.61,,,,,,-0.09999999999999964
1990-03-27,21.01,8.52,8.59,,,,,,-0.07000000000000028
1990-03-28,19.77,8.51,8.57,,,,,,-0.0600000000000005
1990-03-29,18.46,8.6,8.62,,,,,,-0.019999999999999574
1990-03-30,19.73,8.65,8.64,,,,,,0.009999999999999787
1990-04-01,,,,8.26,128.9,0.04711616571892785,5.4,0.0,
1990-04-02,22.84,8.65,8.62,,,,,,0.030000000000001137
1990-04-03,20.44,8.63,8.61,,,,,,0.02000000000000135
1990-04-04,22.03,8.55,8.54,,,,,,0.010000000000001563
1990-04-05,21.21,8.57,8.54,,,,,,0.030000000000001137
1990-04-06,21.76,8.56,8.52,,,,,,0.040000000000000924
1990-04-09,22.3,8.59,8.54,,,,,,0.05000000000000071
1990-04-10,21.69,8.6,8.54,,,,,,0.0600000000000005
1990-04-11,17.73,8.63,8.56,,,,,,0.07000000000000028
1990-04-12,19.8,8.64,8.57,,,,,,0.07000000000000028
1990-04-13,,,,,,,,,
1990-04-16,20.75,8.68,8.61,,,,,,0.07000000000000028
1990-04-17,20.38,8.77,8.7,,,,,,0.07000000000000028
1990-04-18,22.67,8.86,8.79,,,,,,0.07000000000000028
1990-04-19,22.46,8.87,8.81,,,,,,0.05999999999999872
1990-04-20,23.33,8.95,8.82,,,,,,0.129999999999999
1990-04-23,24.16,8.98,8.87,,,,,,0.11000000000000121
1990-04-24,21.7,9.0,8.92,,,,,,0.08000000000000007
1990-04-25,20.86,9.01,8.95,,,,,,0.0600000000000005
1990-04-26,20.25,9.07,9.03,,,,,,0.040000000000000924
1990-04-27,22.19,9.06,8.98,,,,,,0.08000000000000007
1990-04-30,19.52,9.04,8.96,,,,,,0.0799999999999983
1990-05-01,18.43,9.08,9.02,8.18,129.1,0.043654001616814764,5.4,0.0,0.0600000000000005
1990-05-02,19.32,9.09,9.05,,,,,,0.03999999999999915
1990-05-03,17.81,9.04,8.98,,,,,,0.05999999999999872
1990-05-04,17.28,8.84,8.7,,,,,,0.14000000000000057
1990-05-07,17.65,8.87,8.74,,,,,,0.129999999999999
1990-05-08,18.49,8.84,8.68,,,,,,0.16000000000000014
1990-05-09,18.64,8.88,8.75,,,,,,0.13000000000000078
1990-05-10,18.59,8.82,8.69,,,,,,0.13000000000000078
1990-05-11,19.81,8.64,8.55,,,,,,0.08999999999999986
1990-05-14,20.14,8.61,8.51,,,,,,0.09999999999999964
1990-05-15,19.49,8.65,8.54,,,,,,0.11000000000000121
1990-05-16,17.71,8.68,8.54,,,,,,0.14000000000000057
1990-05-17,17.27,8.69,8.56,,,,,,0.129999999999999
1990-05-18,17.2,8.75,8.63,,,,,,0.11999999999999922
1990-05-21,16.72,8.74,8.61,,,,,,0.13000000000000078
1990-05-22,17.84,8.65,8.54,,,,,,0.11000000000000121
1990-05-23,17.18,8.61,8.51,,,,,,0.09999999999999964
1990-05-24,17.7,8.63,8.5,,,,,,0.13000000000000078
1990-05-25,17.32,8.69,8.53,,,,,,0.16000000000000014
1990-05-28,,,,,,,,,
1990-05-29,18.75,8.66,8.52,,,,,,0.14000000000000057
1990-05-30,17.44,8.62,8.48,,,,,,0.1399999999999988
1990-05-31,17.37,8.6,8.5,,,,,,0.09999999999999964
1990-06-01,17.09,8.44,8.33,8.29,129.9,0.04673650282030639,5.2,0.0,0.10999999999999943
1990-06-04,18.39,8.44,8.31,,,,,,0.129999999999999
1990-06-05,18.97,8.47,8.34,,,,,,0.13000000000000078
1990-06-06,17.42,8.46,8.34,,,,,,0.120000000000001
1990-06-07,16.88,8.46,8.34,,,,,,0.120000000000001
1990-06-08,17.58,8.46,8.33,,,,,,0.13000000000000078
1990-06-11,16.34,8.48,8.36,,,,,,0.120000000000001
1990-06-12,16.6,8.48,8.36,,,,,,0.120000000000001
1990-06-13,17.38,8.4,8.27,,,,,,0.13000000000000078
1990-06-14,17.4,8.38,8.24,,,,,,0.14000000000000057
1990-06-15,15.9,8.46,8.33,,,,,,0.13000000000000078
1990-06-18,17.71,8.5,8.39,,,,,,0.10999999999999943
1990-06-19,15.23,8.51,8.41,,,,,,0.09999999999999964
1990-06-20,15.27,8.55,8.43,,,,,,0.120000000000001
1990-06-21,14.72,8.52,8.41,,,,,,0.10999999999999943
1990-06-22,19.36,8.51,8.4,,,,,,0.10999999999999943
1990-06-25,17.06,8.58,8.45,,,,,,0.13000000000000078
1990-06-26,16.29,8.56,8.41,,,,,,0.15000000000000036
1990-06-27,16.0,8.52,8.37,,,,,,0.15000000000000036
1990-06-28,16.18,8.47,8.31,,,,,,0.16000000000000014
1990-06-29,15.5,8.43,8.24,,,,,,0.1899999999999995
1990-07-01,,,,8.15,130.5,0.04819277108433728,5.5,0.0,
1990-07-02,16.26,8.43,8.25,,,,,,0.17999999999999972
1990-07-03,16.11,8.4,8.2,,,,,,0.20000000000000107
1990-07-04,,,,,,,,,
1990-07-05,17.25,8.42,8.22,,,,,,0.1999999999999993
1990-07-06,16.41,8.51,8.32,,,,,,0.1899999999999995
1990-07-09,16.66,8.57,8.39,,,,,,0.17999999999999972
1990-07-10,16.92,8.57,8.4,,,,,,0.16999999999999993
1990-07-11,16.68,8.57,8.4,,,,,,0.16999999999999993
1990-07-12,17.06,8.5,8.2,,,,,,0.3000000000000007
1990-07-13,17.09,8.45,8.13,,,,,,0.3199999999999985
1990-07-16,16.75,8.44,8.15,,,,,,0.28999999999999915
1990-07-17,16.66,8.44,8.13,,,,,,0.3099999999999987
1990-07-18,18.9,8.5,8.13,,,,,,0.3699999999999992
1990-07-19,18.56,8.51,8.13,,,,,,0.379999999999999
1990-07-20,15.63,8.48,8.08,,,,,,0.40000000000000036
1990-07-23,23.68,8.48,8.05,,,,,,0.4299999999999997
1990-07-24,21.79,8.53,8.12,,,,,,0.41000000000000014
1990-07-25,20.19,8.49,8.08,,,,,,0.41000000000000014
1990-07-26,20.26,8.49,8.08,,,,,,0.41000000000000014
1990-07-27,21.12,8.42,8.0,,,,,,0.41999999999999993
1990-07-30,21.16,8.34,7.93,,,,,,0.41000000000000014
1990-07-31,21.11,8.36,7.91,,,,,,0.4499999999999993
1990-08-01,21.64,8.29,7.85,8.13,131.6,0.05702811244979911,5.7,1.0,0.4399999999999995
1990-08-02,20.43,8.41,7.9,,,,,,0.5099999999999998
1990-08-03,28.74,8.43,7.79,,,,,,0.6399999999999997
1990-08-06,35.91,8.71,7.9,,,,,,0.8100000000000005
1990-08-07,32.75,8.78,8.04,,,,,,0.7400000000000002
1990-08-08,28.27,8.77,8.02,,,,,,0.75
1990-08-09,24.39,8.66,7.99,,,,,,0.6699999999999999
1990-08-10,25.75,8.68,7.95,,,,,,0.7299999999999995
1990-08-13,25.74,8.71,7.94,,,,,,0.7700000000000005
1990-08-14,24.18,8.66,7.94,,,,,,0.7199999999999998
1990-08-15,23.31,8.64,7.94,,,,,,0.7000000000000002
1990-08-16,27.16,8.76,8.09,,,,,,0.6699999999999999
1990-08-17,27.53,8.8,8.11,,,,,,0.6900000000000013
1990-08-20,26.46,8.81,8.13,,,,,,0.6799999999999997
1990-08-21,28.9,8.84,8.19,,,,,,0.6500000000000004
1990-08-22,30.55,8.91,8.26,,,,,,0.6500000000000004
1990-08-23,36.47,9.0,8.26,,,,,,0.7400000000000002
1990-08-24,33.93,9.05,8.32,,,,,,0.7300000000000004
1990-08-27,29.63,8.9,8.21,,,,,,0.6899999999999995
1990-08-28,29.12,8.94,8.23,,,,,,0.7099999999999991
1990-08-29,27.38,8.84,8.16,,,,,,0.6799999999999997
1990-08-30,29.89,8.86,8.12,,,,,,0.7400000000000002
1990-08-31,29.9,8.86,8.07,,,,,,0.7899999999999991
1990-09-01,,,,8.2,132.5,0.06169871794871806,5.9,1.0,
1990-09-03,,,,,,,,,
1990-09-04,29.58,8.9,8.09,,,,,,0.8100000000000005
1990-09-05,28.52,8.86,8.04,,,,,,0.8200000000000003
1990-09-06,30.19,8.84,8.06,,,,,,0.7799999999999994
1990-09-07,28.73,8.81,8.04,,,,,,0.7700000000000014
1990-09-10,29.34,8.85,8.09,,,,,,0.7599999999999998
1990-09-11,28.38,8.83,8.1,,,,,,0.7300000000000004
1990-09-12,28.12,8.82,8.05,,,,,,0.7699999999999996
1990-09-13,29.33,8.82,8.01,,,,,,0.8100000000000005
1990-09-14,30.56,8.87,8.03,,,,,,0.8399999999999999
1990-09-17,29.55,8.9,8.05,,,,,,0.8499999999999996
1990-09-18,28.82,8.9,8.03,,,,,,0.870000000000001
1990-09-19,27.88,8.88,8.08,,,,,,0.8000000000000007
1990-09-20,28.66,8.91,8.1,,,,,,0.8100000000000005
1990-09-21,30.04,8.99,8.12,,,,,,0.870000000000001
1990-09-24,30.56,9.04,8.21,,,,,,0.8299999999999983
1990-09-25,28.81,9.02,8.18,,,,,,0.8399999999999999
1990-09-26,28.19,9.0,8.16,,,,,,0.8399999999999999
1990-09-27,28.67,8.91,8.05,,,,,,0.8599999999999994
1990-09-28,29.11,8.82,8.02,,,,,,0.8000000000000007
1990-10-01,28.06,8.71,7.94,8.11,133.4,0.06379585326953752,5.9,1.0,0.7700000000000005
1990-10-02,27.28,8.69,7.92,,,,,,0.7699999999999996
1990-10-03,27.9,8.71,7.88,,,,,,0.830000000000001
1990-10-04,27.51,8.67,7.87,,,,,,0.7999999999999998
1990-10-05,27.85,8.65,7.81,,,,,,0.8400000000000007
1990-10-08,28.04,,,,,,,,
1990-10-09,30.71,8.83,7.94,,,,,,0.8899999999999997
1990-10-10,31.19,8.89,7.99,,,,,,0.9000000000000004
1990-10-11,33.98,8.92,7.99,,,,,,0.9299999999999997
1990-10-12,31.94,8.84,7.94,,,,,,0.8999999999999995
1990-10-15,31.64,8.8,7.92,,,,,,0.8800000000000008
1990-10-16,31.45,8.79,7.92,,,,,,0.8699999999999992
1990-10-17,31.37,8.76,7.92,,,,,,0.8399999999999999
1990-10-18,29.6,8.71,7.91,,,,,,0.8000000000000007
1990-10-19,27.86,8.62,7.85,,,,,,0.7699999999999996
1990-10-22,27.27,8.63,7.85,,,,,,0.7800000000000011
1990-10-23,27.57,8.65,7.84,,,,,,0.8100000000000005
1990-10-24,28.28,8.66,7.84,,,,,,0.8200000000000003
1990-10-25,29.04,8.62,7.8,,,,,,0.8199999999999994
1990-10-26,30.75,8.63,7.8,,,,,,0.830000000000001
1990-10-29,31.54,8.7,7.82,,,,,,0.879999999999999
1990-10-30,30.52,8.7,7.79,,,,,,0.9099999999999993
1990-10-31,30.04,8.65,7.77,,,,,,0.8800000000000008
1990-11-01,30.25,8.57,7.68,7.81,133.7,0.06195393169181873,6.2,1.0,0.8900000000000006
1990-11-02,30.03,8.57,7.68,,,,,,0.8900000000000006
1990-11-05,29.85,8.5,7.63,,,,,,0.8700000000000001
1990-11-06,29.11,8.52,7.65,,,,,,0.8699999999999992
1990-11-07,30.87,8.57,7.67,,,,,,0.9000000000000004
1990-11-08,30.79,8.58,7.67,,,,,,0.9100000000000001
1990-11-09,26.96,8.49,7.61,,,,,,0.8799999999999999
1990-11-12,25.6,,,,,,,,
1990-11-13,24.58,8.37,7.6,,,,,,0.7699999999999996
1990-11-14,22.89,8.36,7.58,,,,,,0.7799999999999994
1990-11-15,22.57,8.37,7.6,,,,,,0.7699999999999996
1990-11-16,21.34,8.3,7.58,,,,,,0.7200000000000006
1990-11-19,20.95,8.35,7.62,,,,,,0.7299999999999995
1990-11-20,20.09,8.31,7.62,,,,,,0.6900000000000004
1990-11-21,21.09,8.27,7.55,,,,,,0.7199999999999998
1990-11-22,,,,,,,,,
1990-11-23,20.98,8.28,7.53,,,,,,0.7499999999999991
1990-11-26,22.76,8.27,7.55,,,,,,0.7199999999999998
1990-11-27,22.86,8.28,7.5,,,,,,0.7799999999999994
1990-11-28,22.96,8.3,7.56,,,,,,0.7400000000000011
1990-11-29,23.91,8.32,7.58,,,,,,0.7400000000000002
1990-11-30,22.16,8.26,7.53,,,,,,0.7299999999999995
1990-12-01,,,,7.31,134.2,0.06254948535233562,6.3,1.0,
1990-12-03,22.29,8.22,7.51,,,,,,0.7100000000000009
1990-12-04,22.03,8.2,7.46,,,,,,0.7399999999999993
1990-12-05,20.94,8.16,7.46,,,,,,0.7000000000000002
1990-12-06,22.62,8.18,7.48,,,,,,0.6999999999999993
1990-12-07,22.59,8.03,7.33,,,,,,0.6999999999999993
1990-12-10,23.58,7.98,7.28,,,,,,0.7000000000000002
1990-12-11,23.75,7.94,7.26,,,,,,0.6800000000000006
1990-12-12,21.28,7.91,7.22,,,,,,0.6900000000000004
1990-12-13,23.05,7.98,7.31,,,,,,0.6700000000000008
1990-12-14,23.85,8.05,7.35,,,,,,0.7000000000000011
1990-12-17,24.85,8.02,7.31,,,,,,0.71
1990-12-18,23.11,7.99,7.28,,,,,,0.71
1990-12-19,23.08,8.0,7.21,,,,,,0.79
1990-12-20,23.13,8.05,7.25,,,,,,0.8000000000000007
1990-12-21,22.66,8.11,7.3,,,,,,0.8099999999999996
1990-12-24,24.03,8.2,7.35,,,,,,0.8499999999999996
1990-12-25,,,,,,,,,
1990-12-26,24.18,8.15,7.27,,,,,,0.8800000000000008
1990-12-27,24.81,8.11,7.25,,,,,,0.8599999999999994
1990-12-28,25.05,8.14,7.25,,,,,,0.8900000000000006
1990-12-31,26.38,8.08,7.15,,,,,,0.9299999999999997
1991-01-01,,,,6.91,134.7,0.05647058823529405,6.4,1.0,
1991-01-02,26.62,7.97,7.08,,,,,,0.8899999999999997
1991-01-03,27.93,7.93,7.08,,,,,,0.8499999999999996
1991-01-04,27.19,8.02,7.17,,,,,,0.8499999999999996
1991-01-07,28.95,8.13,7.2,,,,,,0.9300000000000006
1991-01-08,30.38,8.16,7.15,,,,,,1.0099999999999998
1991-01-09,33.3,8.25,7.1,,,,,,1.1500000000000004
1991-01-10,31.33,8.16,7.14,,,,,,1.0200000000000005
1991-01-11,32.63,8.2,7.14,,,,,,1.0599999999999996
1991-01-14,36.2,8.23,7.18,,,,,,1.0500000000000007
1991-01-15,36.16,8.22,7.16,,,,,,1.0600000000000005
1991-01-16,33.2,8.24,7.21,,,,,,1.0300000000000002
1991-01-17,27.45,8.05,7.19,,,,,,0.8600000000000003
1991-01-18,25.39,8.03,7.14,,,,,,0.8899999999999997
1991-01-21,24.33,,,,,,,,
1991-01-22,24.9,8.07,7.13,,,,,,0.9400000000000004
1991-01-23,23.92,8.04,7.08,,,,,,0.9599999999999991
1991-01-24,22.86,8.0,7.04,,,,,,0.96
1991-01-25,22.2,8.06,7.1,,,,,,0.9600000000000009
1991-01-28,23.05,8.06,7.12,,,,,,0.9400000000000004
1991-01-29,23.17,8.03,7.1,,,,,,0.9299999999999997
1991-01-30,21.37,8.05,7.07,,,,,,0.9800000000000004
1991-01-31,20.91,8.03,7.05,,,,,,0.9799999999999995
1991-02-01,21.04,7.91,6.83,6.25,134.8,0.05312500000000009,6.6,1.0,1.08
1991-02-04,21.86,7.88,6.82,,,,,,1.0599999999999996
1991-02-05,21.46,7.85,6.8,,,,,,1.0499999999999998
1991-02-06,22.68,7.79,6.82,,,,,,0.9699999999999998
1991-02-07,23.6,7.82,6.8,,,,,,1.0200000000000005
1991-02-08,23.38,7.77,6.8,,,,,,0.9699999999999998
1991-02-11,22.56,7.78,6.78,,,,,,1.0
1991-02-12,22.26,7.78,6.78,,,,,,1.0
1991-02-13,20.86,7.78,6.78,,,,,,1.0
1991-02-14,21.48,7.8,6.77,,,,,,1.0300000000000002
1991-02-15,19.57,7.78,6.82,,,,,,0.96
1991-02-18,,,,,,,,,
1991-02-19,19.84,7.8,6.87,,,,,,0.9299999999999997
1991-02-20,22.26,7.84,6.87,,,,,,0.9699999999999998
1991-02-21,20.78,7.88,6.9,,,,,,0.9799999999999995
1991-02-22,21.01,7.91,6.98,,,,,,0.9299999999999997
1991-02-25,22.86,7.91,6.99,,,,,,0.9199999999999999
1991-02-26,20.38,7.96,7.0,,,,,,0.96
1991-02-27,21.26,7.98,7.02,,,,,,0.9600000000000009
1991-02-28,21.23,8.02,7.04,,,,,,0.9799999999999995
1991-03-01,,8.12,7.18,6.12,134.8,0.04821150855365497,6.8,1.0,0.9399999999999995
1991-03-04,20.86,8.12,7.16,,,,,,0.9599999999999991
1991-03-05,20.45,8.08,7.13,,,,,,0.9500000000000002
1991-03-06,20.55,8.11,7.15,,,,,,0.9599999999999991
1991-03-07,21.05,8.07,7.12,,,,,,0.9500000000000002
1991-03-08,20.81,8.13,7.08,,,,,,1.0500000000000007
1991-03-11,20.88,8.06,7.05,,,,,,1.0100000000000007
1991-03-12,18.82,8.09,7.07,,,,,,1.0199999999999996
1991-03-13,16.09,8.02,7.0,,,,,,1.0199999999999996
1991-03-14,14.94,8.02,6.95,,,,,,1.0699999999999994
1991-03-15,14.9,8.1,7.01,,,,,,1.0899999999999999
1991-03-18,15.79,8.15,7.09,,,,,,1.0600000000000005
1991-03-19,16.11,8.25,7.22,,,,,,1.0300000000000002
1991-03-20,16.04,8.2,7.2,,,,,,0.9999999999999991
1991-03-21,16.86,8.16,7.13,,,,,,1.0300000000000002
1991-03-22,16.49,8.13,7.13,,,,,,1.0000000000000009
1991-03-25,16.76,8.13,7.14,,,,,,0.9900000000000011
1991-03-26,16.31,8.13,7.16,,,,,,0.9700000000000006
1991-03-27,16.55,8.08,7.07,,,,,,1.0099999999999998
1991-03-28,16.88,8.05,7.02,,,,,,1.0300000000000011
1991-03-29,,,,,,,,,
1991-04-01,17.42,8.07,7.01,5.91,135.1,0.04809930178432875,6.7,0.0,1.0600000000000005
1991-04-02,17.4,8.03,6.97,,,,,,1.0599999999999996
1991-04-03,17.61,8.05,6.99,,,,,,1.0600000000000005
1991-04-04,18.01,8.0,6.94,,,,,,1.0599999999999996
1991-04-05,17.63,7.99,6.92,,,,,,1.0700000000000003
1991-04-08,17.41,7.98,6.91,,,,,,1.0700000000000003
1991-04-09,20.12,8.03,6.94,,,,,,1.089999999999999
1991-04-10,19.73,8.1,7.02,,,,,,1.08
1991-04-11,17.24,8.09,6.95,,,,,,1.1399999999999997
1991-04-12,18.45,7.98,6.88,,,,,,1.1000000000000005
1991-04-15,16.5,7.95,6.9,,,,,,1.0499999999999998
1991-04-16,15.82,7.97,6.92,,,,,,1.0499999999999998
1991-04-17,15.47,7.95,6.9,,,,,,1.0499999999999998
1991-04-18,16.26,8.02,6.99,,,,,,1.0299999999999994
1991-04-19,15.68,8.1,7.03,,,,,,1.0699999999999994
1991-04-22,16.78,8.15,7.07,,,,,,1.08
1991-04-23,17.02,8.12,7.05,,,,,,1.0699999999999994
1991-04-24,16.72,8.06,6.95,,,,,,1.1100000000000003
1991-04-25,17.15,8.07,6.93,,,,,,1.1400000000000006
1991-04-26,17.27,8.06,6.89,,,,,,1.1700000000000008
1991-04-29,18.27,8.07,6.9,,,,,,1.17
1991-04-30,18.24,8.02,6.8,,,,,,1.2199999999999998
1991-05-01,17.77,8.01,6.8,5.78,135.6,0.05034856700232382,6.9,0.0,1.21
1991-05-02,17.52,7.97,6.76,,,,,,1.21
1991-05-03,17.24,8.04,6.8,,,,,,1.2399999999999993
1991-05-06,17.92,8.05,6.82,,,,,,1.2300000000000004
1991-05-07,17.46,8.06,6.82,,,,,,1.2400000000000002
1991-05-08,17.78,8.04,6.84,,,,,,1.1999999999999993
1991-05-09,17.17,8.02,6.84,,,,,,1.1799999999999997
1991-05-10,17.54,8.12,6.87,,,,,,1.2499999999999991
1991-05-13,17.66,8.07,6.84,,,,,,1.2300000000000004
1991-05-14,18.0,8.14,6.86,,,,,,1.2800000000000002
1991-05-15,18.38,8.13,6.84,,,,,,1.290000000000001
1991-05-16,17.24,8.12,6.84,,,,,,1.2799999999999994
1991-05-17,16.64,8.08,6.86,,,,,,1.2199999999999998
1991-05-20,17.1,8.1,6.86,,,,,,1.2399999999999993
1991-05-21,16.07,8.06,6.84,,,,,,1.2200000000000006
1991-05-22,16.16,8.06,6.77,,,,,,1.290000000000001
1991-05-23,16.11,8.1,6.74,,,,,,1.3599999999999994
1991-05-24,15.23,8.1,6.69,,,,,,1.4099999999999993
1991-05-27,,,,,,,,,
1991-05-28,15.67,8.07,6.66,,,,,,1.4100000000000001
1991-05-29,15.9,8.07,6.61,,,,,,1.46
1991-05-30,16.02,8.02,6.6,,,,,,1.42
1991-05-31,15.93,8.06,6.68,,,,,,1.3800000000000008
1991-06-01,,,,5.9,136.0,0.046959199384141614,6.9,0.0,
1991-06-03,16.87,8.14,6.79,,,,,,1.3500000000000005
1991-06-04,16.17,8.14,6.79,,,,,,1.3500000000000005
1991-06-05,16.4,8.19,6.83,,,,,,1.3599999999999994
1991-06-06,16.93,8.23,6.86,,,,,,1.37
1991-06-07,16.98,8.29,6.98,,,,,,1.3099999999999987
1991-06-10,17.47,8.29,7.01,,,,,,1.2799999999999994
1991-06-11,17.32,8.29,6.99,,,,,,1.299999999999999
1991-06-12,17.72,8.36,7.08,,,,,,1.2799999999999994
1991-06-13,16.99,8.34,7.08,,,,,,1.2599999999999998
1991-06-14,15.98,8.29,7.02,,,,,,1.2699999999999996
1991-06-17,15.5,8.3,7.02,,,,,,1.2800000000000011
1991-06-18,16.14,8.32,7.0,,,,,,1.3200000000000003
1991-06-19,17.44,8.33,6.95,,,,,,1.38
1991-06-20,16.75,8.3,6.87,,,,,,1.4300000000000006
1991-06-21,16.51,8.32,6.94,,,,,,1.38
1991-06-24,18.28,8.33,6.96,,,,,,1.37
1991-06-25,17.85,8.33,7.04,,,,,,1.29
1991-06-26,17.98,8.33,7.01,,,,,,1.3200000000000003
1991-06-27,17.87,8.32,7.0,,,,,,1.3200000000000003
1991-06-28,19.55,8.24,6.9,,,,,,1.3399999999999999
1991-07-01,18.64,8.26,6.97,5.82,136.2,0.04367816091954024,6.8,0.0,1.29
1991-07-02,17.63,8.27,7.0,,,,,,1.2699999999999996
1991-07-03,19.47,8.26,6.97,,,,,,1.29
1991-07-04,,,,,,,,,
1991-07-05,18.35,8.34,7.04,,,,,,1.2999999999999998
1991-07-08,20.29,8.34,7.0,,,,,,1.3399999999999999
1991-07-09,19.76,8.36,7.0,,,,,,1.3599999999999994
1991-07-10,19.19,8.35,6.97,,,,,,1.38
1991-07-11,17.39,8.3,6.92,,,,,,1.3800000000000008
1991-07-12,18.29,8.26,6.88,,,,,,1.38
1991-07-15,17.78,8.26,6.88,,,,,,1.38
1991-07-16,17.49,8.27,6.9,,,,,,1.3699999999999992
1991-07-17,17.52,8.3,6.94,,,,,,1.3600000000000003
1991-07-18,15.77,8.31,6.91,,,,,,1.4000000000000004
1991-07-19,15.5,8.28,6.89,,,,,,1.3899999999999997
1991-07-22,16.9,8.28,6.91,,,,,,1.3699999999999992
1991-07-23,16.58,8.31,6.94,,,,,,1.37
1991-07-24,16.41,8.24,6.88,,,,,,1.3600000000000003
1991-07-25,15.74,8.2,6.87,,,,,,1.3299999999999992
1991-07-26,15.45,8.2,6.85,,,,,,1.3499999999999996
1991-07-29,15.67,8.2,6.82,,,,,,1.379999999999999
1991-07-30,15.47,8.21,6.84,,,,,,1.370000000000001
1991-07-31,15.18,8.2,6.81,,,,,,1.3899999999999997
1991-08-01,15.47,8.2,6.84,5.66,136.6,0.03799392097264431,6.9,0.0,1.3599999999999994
1991-08-02,15.26,8.06,6.69,,,,,,1.37
1991-08-05,15.92,8.04,6.69,,,,,,1.3499999999999988
1991-08-06,15.54,7.97,6.57,,,,,,1.3999999999999995
1991-08-07,15.56,7.93,6.54,,,,,,1.3899999999999997
1991-08-08,15.98,7.98,6.52,,,,,,1.4600000000000009
1991-08-09,15.45,7.98,6.49,,,,,,1.4900000000000002
1991-08-12,15.26,7.95,6.49,,,,,,1.46
1991-08-13,14.73,7.91,6.48,,,,,,1.4299999999999997
1991-08-14,15.09,7.82,6.37,,,,,,1.4500000000000002
1991-08-15,15.19,7.84,6.33,,,,,,1.5099999999999998
1991-08-16,16.01,7.84,6.31,,,,,,1.5300000000000002
1991-08-19,21.19,7.83,6.24,,,,,,1.5899999999999999
1991-08-20,18.86,7.81,6.17,,,,,,1.6399999999999997
1991-08-21,15.62,7.8,6.27,,,,,,1.5300000000000002
1991-08-22,14.59,7.78,6.27,,,,,,1.5100000000000007
1991-08-23,14.41,7.88,6.46,,,,,,1.42
1991-08-26,14.81,7.91,6.48,,,,,,1.4299999999999997
1991-08-27,15.46,7.89,6.41,,,,,,1.4799999999999995
1991-08-28,15.31,7.82,6.3,,,,,,1.5200000000000005
1991-08-29,14.82,7.74,6.25,,,,,,1.4900000000000002
1991-08-30,14.46,7.82,6.36,,,,,,1.46
1991-09-01,,,,5.45,137.0,0.03396226415094339,6.9,0.0,
1991-09-02,,,,,,,,,
1991-09-03,16.57,7.81,6.33,,,,,,1.4799999999999995
1991-09-04,17.18,7.81,6.31,,,,,,1.5
1991-09-05,17.31,7.83,6.31,,,,,,1.5200000000000005
1991-09-06,16.76,7.76,6.26,,,,,,1.5
1991-09-09,17.73,7.73,6.23,,,,,,1.5
1991-09-10,18.22,7.73,6.21,,,,,,1.5200000000000005
1991-09-11,17.96,7.74,6.23,,,,,,1.5099999999999998
1991-09-12,16.21,7.67,6.2,,,,,,1.4699999999999998
1991-09-13,17.88,7.66,6.18,,,,,,1.4800000000000004
1991-09-16,17.82,7.63,6.17,,,,,,1.46
1991-09-17,17.68,7.62,6.18,,,,,,1.4400000000000004
1991-09-18,17.56,7.62,6.18,,,,,,1.4400000000000004
1991-09-19,17.56,7.61,6.2,,,,,,1.4100000000000001
1991-09-20,17.08,7.57,6.18,,,,,,1.3900000000000006
1991-09-23,16.38,7.55,6.17,,,,,,1.38
1991-09-24,16.04,7.56,6.11,,,,,,1.4499999999999993
1991-09-25,15.68,7.58,6.12,,,,,,1.46
1991-09-26,15.35,7.56,6.05,,,,,,1.5099999999999998
1991-09-27,16.31,7.49,6.02,,,,,,1.4700000000000006
1991-09-30,15.85,7.47,5.99,,,,,,1.4799999999999995
1991-10-01,14.81,7.45,5.99,5.21,137.2,0.028485757121439192,7.0,0.0,1.46
1991-10-02,15.81,7.47,5.99,,,,,,1.4799999999999995
1991-10-03,17.04,7.47,5.98,,,,,,1.4899999999999993
1991-10-04,15.63,7.39,5.91,,,,,,1.4799999999999995
1991-10-07,18.58,7.4,5.93,,,,,,1.4700000000000006
1991-10-08,17.81,7.43,5.89,,,,,,1.54
1991-10-09,18.54,7.51,5.93,,,,,,1.58
1991-10-10,17.8,7.58,5.98,,,,,,1.5999999999999996
1991-10-11,17.6,7.49,5.91,,,,,,1.58
1991-10-14,16.71,,,,,,,,
1991-10-15,16.22,7.46,5.85,,,,,,1.6100000000000003
1991-10-16,14.85,7.45,5.86,,,,,,1.5899999999999999
1991-10-17,16.32,7.55,5.93,,,,,,1.62
1991-10-18,15.87,7.53,5.95,,,,,,1.58
1991-10-21,16.66,7.62,5.99,,,,,,1.63
1991-10-22,16.55,7.67,6.02,,,,,,1.6500000000000004
1991-10-23,16.26,7.69,6.01,,,,,,1.6800000000000006
1991-10-24,15.62,7.65,5.93,,,,,,1.7200000000000006
1991-10-25,15.75,7.68,5.93,,,,,,1.75
1991-10-28,15.45,7.65,5.88,,,,,,1.7700000000000005
1991-10-29,15.55,7.51,5.78,,,,,,1.7299999999999995
1991-10-30,15.46,7.48,5.73,,,,,,1.75
1991-10-31,15.48,7.47,5.7,,,,,,1.7699999999999996
1991-11-01,15.6,7.48,5.65,4.81,137.8,0.030665669409125185,7.0,0.0,1.83
1991-11-04,16.35,7.5,5.63,,,,,,1.87
1991-11-05,16.48,7.56,5.7,,,,,,1.8599999999999994
1991-11-06,16.47,7.51,5.63,,,,,,1.88
1991-11-07,15.97,7.43,5.62,,,,,,1.8099999999999996
1991-11-08,15.43,7.41,5.63,,,,,,1.7800000000000002
1991-11-11,14.89,,,,,,,,
1991-11-12,14.04,7.37,5.65,,,,,,1.7199999999999998
1991-11-13,13.95,7.41,5.65,,,,,,1.7599999999999998
1991-11-14,13.96,7.35,5.6,,,,,,1.75
1991-11-15,21.18,7.33,5.54,,,,,,1.79
1991-11-18,18.28,7.33,5.55,,,,,,1.7800000000000002
1991-11-19,20.34,7.37,5.5,,,,,,1.87
1991-11-20,20.4,7.38,5.52,,,,,,1.8600000000000003
1991-11-21,19.11,7.39,5.5,,,,,,1.8899999999999997
1991-11-22,21.2,7.44,5.49,,,,,,1.9500000000000002
1991-11-25,21.92,7.45,5.5,,,,,,1.9500000000000002
1991-11-26,19.8,7.42,5.45,,,,,,1.9699999999999998
1991-11-27,19.84,7.42,5.43,,,,,,1.9900000000000002
1991-11-28,,,,,,,,,
1991-11-29,20.26,7.38,5.38,,,,,,2.0
1991-12-01,,,,4.43,138.2,0.02980625931445613,7.3,0.0,
1991-12-02,20.18,7.32,5.33,,,,,,1.9900000000000002
1991-12-03,19.7,7.28,5.29,,,,,,1.9900000000000002
1991-12-04,19.54,7.17,5.22,,,,,,1.9500000000000002
1991-12-05,20.19,7.21,5.22,,,,,,1.9900000000000002
1991-12-06,19.04,7.26,5.19,,,,,,2.0699999999999994
1991-12-09,19.74,7.22,5.09,,,,,,2.13
1991-12-10,19.89,7.21,5.07,,,,,,2.1399999999999997
1991-12-11,20.57,7.22,5.04,,,,,,2.1799999999999997
1991-12-12,19.08,7.19,5.06,,,,,,2.130000000000001
1991-12-13,17.88,7.22,5.09,,,,,,2.13
1991-12-16,17.62,7.21,5.06,,,,,,2.1500000000000004
1991-12-17,18.12,7.18,5.02,,,,,,2.16
1991-12-18,17.78,7.19,5.11,,,,,,2.08
1991-12-19,17.96,7.11,5.05,,,,,,2.0600000000000005
1991-12-20,17.65,6.97,4.8,,,,,,2.17
1991-12-23,16.61,6.88,4.79,,,,,,2.09
1991-12-24,15.67,6.88,4.84,,,,,,2.04
1991-12-25,,,,,,,,,
1991-12-26,15.44,6.85,4.85,,,,,,2.0
1991-12-27,15.7,6.82,4.85,,,,,,1.9700000000000006
1991-12-30,17.63,6.76,4.8,,,,,,1.96
1991-12-31,19.31,6.71,4.77,,,,,,1.9400000000000004
1992-01-01,,,,4.03,138.3,0.02672605790645899,7.3,0.0,
1992-01-02,18.95,6.78,4.77,,,,,,2.0100000000000007
1992-01-03,18.75,6.85,4.8,,,,,,2.05
1992-01-06,18.96,6.82,4.76,,,,,,2.0600000000000005
1992-01-07,19.23,6.76,4.67,,,,,,2.09
1992-01-08,18.72,6.77,4.66,,,,,,2.1099999999999994
1992-01-09,18.96,6.79,4.77,,,,,,2.0200000000000005
1992-01-10,18.45,6.85,4.85,,,,,,2.0
1992-01-13,18.01,6.92,4.93,,,,,,1.9900000000000002
1992-01-14,17.01,7.03,5.0,,,,,,2.0300000000000002
1992-01-15,17.39,7.05,5.07,,,,,,1.9799999999999995
1992-01-16,17.64,7.13,5.07,,,,,,2.0599999999999996
1992-01-17,16.32,7.09,5.02,,,,,,2.0700000000000003
1992-01-20,16.42,,,,,,,,
1992-01-21,17.92,7.03,4.97,,,,,,2.0600000000000005
1992-01-22,16.75,7.09,4.95,,,,,,2.1399999999999997
1992-01-23,16.46,7.2,5.02,,,,,,2.1800000000000006
1992-01-24,16.24,7.25,5.13,,,,,,2.12
1992-01-27,16.67,7.24,5.15,,,,,,2.09
1992-01-28,17.67,7.16,5.1,,,,,,2.0600000000000005
1992-01-29,17.62,7.25,5.15,,,,,,2.0999999999999996
1992-01-30,17.49,7.31,5.17,,,,,,2.1399999999999997
1992-01-31,17.4,7.31,5.11,,,,,,2.1999999999999993
1992-02-01,,,,4.06,138.6,0.028189910979228294,7.4,0.0,
1992-02-03,18.2,7.36,5.15,,,,,,2.21
1992-02-04,17.96,7.29,5.12,,,,,,2.17
1992-02-05,18.22,7.21,5.07,,,,,,2.1399999999999997
1992-02-06,18.79,7.2,5.05,,,,,,2.1500000000000004
1992-02-07,18.51,7.2,4.97,,,,,,2.2300000000000004
1992-02-10,18.56,7.21,4.94,,,,,,2.2699999999999996
1992-02-11,17.7,7.23,5.01,,,,,,2.2200000000000006
1992-02-12,17.37,7.3,5.08,,,,,,2.2199999999999998
1992-02-13,17.45,7.4,5.22,,,,,,2.1800000000000006
1992-02-14,17.03,7.41,5.27,,,,,,2.1400000000000006
1992-02-17,,,,,,,,,
1992-02-18,18.22,7.47,5.24,,,,,,2.2299999999999995
1992-02-19,17.16,7.42,5.28,,,,,,2.1399999999999997
1992-02-20,16.72,7.41,5.3,,,,,,2.1100000000000003
1992-02-21,16.87,7.45,5.46,,,,,,1.9900000000000002
1992-02-24,17.13,7.47,5.46,,,,,,2.01
1992-02-25,16.35,7.44,5.43,,,,,,2.0100000000000007
1992-02-26,16.64,7.33,5.37,,,,,,1.96
1992-02-27,16.51,7.35,5.34,,,,,,2.01
1992-02-28,16.68,7.27,5.27,,,,,,2.0
1992-03-01,,,,3.98,139.1,0.03189910979228472,7.4,0.0,
1992-03-02,16.88,7.38,5.45,,,,,,1.9299999999999997
1992-03-03,17.26,7.43,5.48,,,,,,1.9499999999999993
1992-03-04,17.89,7.43,5.5,,,,,,1.9299999999999997
1992-03-05,18.47,7.51,5.62,,,,,,1.8899999999999997
1992-03-06,19.75,7.48,5.6,,,,,,1.8800000000000008
1992-03-09,19.68,7.42,5.54,,,,,,1.88
1992-03-10,18.68,7.43,5.56,,,,,,1.87
1992-03-11,19.79,7.51,5.58,,,,,,1.9299999999999997
1992-03-12,19.72,7.62,5.74,,,,,,1.88
1992-03-13,18.35,7.71,5.86,,,,,,1.8499999999999996
1992-03-16,18.46,7.69,5.87,,,,,,1.8200000000000003
1992-03-17,16.79,7.62,5.83,,,,,,1.79
1992-03-18,16.69,7.62,5.84,,,,,,1.7800000000000002
1992-03-19,16.52,7.57,5.79,,,,,,1.7800000000000002
1992-03-20,16.82,7.64,5.86,,,,,,1.7799999999999994
1992-03-23,16.73,7.62,5.87,,,,,,1.75
1992-03-24,16.32,7.53,5.78,,,,,,1.75
1992-03-25,16.19,7.53,5.72,,,,,,1.8100000000000005
1992-03-26,16.29,7.57,5.69,,,,,,1.88
1992-03-27,16.02,7.54,5.68,,,,,,1.8600000000000003
1992-03-30,15.97,7.54,5.61,,,,,,1.9299999999999997
1992-03-31,16.18,7.54,5.6,,,,,,1.9400000000000004
1992-04-01,16.48,7.46,5.53,3.73,139.4,0.031828275351591495,7.4,0.0,1.9299999999999997
1992-04-02,17.06,7.47,5.55,,,,,,1.92
1992-04-03,16.72,7.42,5.37,,,,,,2.05
1992-04-06,16.72,7.41,5.36,,,,,,2.05
1992-04-07,18.81,7.41,5.34,,,,,,2.0700000000000003
1992-04-08,20.15,7.44,5.33,,,,,,2.1100000000000003
1992-04-09,17.89,7.35,5.09,,,,,,2.26
1992-04-10,16.85,7.37,5.16,,,,,,2.21
1992-04-13,16.99,7.33,5.11,,,,,,2.2199999999999998
1992-04-14,15.98,7.35,5.15,,,,,,2.1999999999999993
1992-04-15,15.15,7.37,5.22,,,,,,2.1500000000000004
1992-04-16,14.85,7.45,5.34,,,,,,2.1100000000000003
1992-04-17,,,,,,,,,
1992-04-20,15.93,7.59,5.45,,,,,,2.1399999999999997
1992-04-21,16.53,7.58,5.41,,,,,,2.17
1992-04-22,15.96,7.57,5.41,,,,,,2.16
1992-04-23,15.83,7.59,5.41,,,,,,2.1799999999999997
1992-04-24,15.71,7.55,5.33,,,,,,2.2199999999999998
1992-04-27,16.49,7.6,5.42,,,,,,2.1799999999999997
1992-04-28,16.24,7.57,5.4,,,,,,2.17
1992-04-29,15.95,7.6,5.39,,,,,,2.21
1992-04-30,15.53,7.61,5.46,,,,,,2.1500000000000004
1992-05-01,16.61,7.56,5.33,3.82,139.7,0.030235988200590036,7.6,0.0,2.2299999999999995
1992-05-04,16.92,7.58,5.32,,,,,,2.26
1992-05-05,16.66,7.56,5.3,,,,,,2.26
1992-05-06,16.81,7.46,5.25,,,,,,2.21
1992-05-07,16.54,7.49,5.34,,,,,,2.1500000000000004
1992-05-08,15.65,7.41,5.29,,,,,,2.12
1992-05-11,15.17,7.4,5.24,,,,,,2.16
1992-05-12,15.68,7.36,5.19,,,,,,2.17
1992-05-13,15.19,7.34,5.14,,,,,,2.2
1992-05-14,15.49,7.34,5.13,,,,,,2.21
1992-05-15,14.82,7.28,5.11,,,,,,2.17
1992-05-18,14.62,7.28,5.12,,,,,,2.16
1992-05-19,13.57,7.2,5.0,,,,,,2.2
1992-05-20,13.62,7.25,5.13,,,,,,2.12
1992-05-21,13.92,7.39,5.34,,,,,,2.05
1992-05-22,13.73,7.35,5.24,,,,,,2.1099999999999994
1992-05-25,,,,,,,,,
1992-05-26,14.92,7.46,5.35,,,,,,2.1100000000000003
1992-05-27,13.99,7.44,5.28,,,,,,2.16
1992-05-28,13.77,7.36,5.22,,,,,,2.1400000000000006
1992-05-29,13.86,7.33,5.19,,,,,,2.1399999999999997
1992-06-01,14.43,7.39,5.29,3.76,140.1,0.030147058823529305,7.8,0.0,2.0999999999999996
1992-06-02,14.57,7.35,5.23,,,,,,2.119999999999999
1992-06-03,14.35,7.34,5.2,,,,,,2.1399999999999997
1992-06-04,13.66,7.34,5.22,,,,,,2.12
1992-06-05,14.65,7.31,5.13,,,,,,2.1799999999999997
1992-06-08,15.19,7.31,5.11,,,,,,2.1999999999999993
1992-06-09,15.97,7.33,5.11,,,,,,2.2199999999999998
1992-06-10,16.62,7.35,5.13,,,,,,2.2199999999999998
1992-06-11,16.29,7.33,5.09,,,,,,2.24
1992-06-12,14.95,7.29,5.06,,,,,,2.2300000000000004
1992-06-15,14.76,7.28,5.05,,,,,,2.2300000000000004
1992-06-16,15.22,7.24,5.02,,,,,,2.2200000000000006
1992-06-17,18.08,7.23,5.0,,,,,,2.2300000000000004
1992-06-18,18.2,7.19,4.94,,,,,,2.25
1992-06-19,16.31,7.24,5.0,,,,,,2.24
1992-06-22,16.66,7.24,4.99,,,,,,2.25
1992-06-23,14.53,7.25,5.1,,,,,,2.1500000000000004
1992-06-24,14.4,7.2,4.96,,,,,,2.24
1992-06-25,14.4,7.14,4.89,,,,,,2.25
1992-06-26,14.67,7.15,4.88,,,,,,2.2700000000000005
1992-06-29,13.21,7.12,4.83,,,,,,2.29
1992-06-30,13.35,7.14,4.83,,,,,,2.3099999999999996
1992-07-01,13.34,7.1,4.82,3.25,140.5,0.031571218795888534,7.7,0.0,2.2799999999999994
1992-07-02,13.88,6.93,4.55,,,,,,2.38
1992-07-03,,,,,,,,,
1992-07-06,14.87,6.9,4.46,,,,,,2.4400000000000004
1992-07-07,15.83,6.87,4.4,,,,,,2.4699999999999998
1992-07-08,15.53,6.91,4.4,,,,,,2.51
1992-07-09,14.6,6.91,4.4,,,,,,2.51
1992-07-10,13.7,6.93,4.38,,,,,,2.55
1992-07-13,14.01,6.97,4.4,,,,,,2.5699999999999994
1992-07-14,13.5,6.97,4.32,,,,,,2.6499999999999995
1992-07-15,12.52,6.9,4.25,,,,,,2.6500000000000004
1992-07-16,12.27,6.87,4.25,,,,,,2.62
1992-07-17,12.6,6.9,4.27,,,,,,2.630000000000001
1992-07-20,12.66,6.9,4.3,,,,,,2.6000000000000005
1992-07-21,12.6,6.89,4.34,,,,,,2.55
1992-07-22,13.57,6.85,4.29,,,,,,2.5599999999999996
1992-07-23,13.33,6.72,4.2,,,,,,2.5199999999999996
1992-07-24,13.37,6.73,4.25,,,,,,2.4800000000000004
1992-07-27,13.9,6.69,4.27,,,,,,2.420000000000001
1992-07-28,13.05,6.63,4.27,,,,,,2.3600000000000003
1992-07-29,13.44,6.6,4.25,,,,,,2.3499999999999996
1992-07-30,13.5,6.69,4.33,,,,,,2.3600000000000003
1992-07-31,13.17,6.72,4.42,,,,,,2.3
1992-08-01,,,,3.3,140.8,0.030746705710102518,7.6,0.0,
1992-08-03,13.83,6.72,4.4,,,,,,2.3199999999999994
1992-08-04,13.58,6.66,4.31,,,,,,2.3500000000000005
1992-08-05,13.82,6.64,4.29,,,,,,2.3499999999999996
1992-08-06,14.23,6.65,4.29,,,,,,2.3600000000000003
1992-08-07,13.94,6.57,4.18,,,,,,2.3900000000000006
1992-08-10,14.51,6.52,4.12,,,,,,2.3999999999999995
1992-08-11,15.09,6.5,4.15,,,,,,2.3499999999999996
1992-08-12,14.88,6.48,4.19,,,,,,2.29
1992-08-13,15.34,6.55,4.19,,,,,,2.3599999999999994
1992-08-14,14.66,6.53,4.14,,,,,,2.3900000000000006
1992-08-17,14.61,6.56,4.13,,,,,,2.4299999999999997
1992-08-18,13.84,6.48,4.04,,,,,,2.4400000000000004
1992-08-19,14.35,6.47,4.06,,,,,,2.41
1992-08-20,14.48,6.46,4.04,,,,,,2.42
1992-08-21,15.01,6.53,4.13,,,,,,2.4000000000000004
1992-08-24,16.19,6.68,4.27,,,,,,2.41
1992-08-25,15.62,6.73,4.32,,,,,,2.41
1992-08-26,14.5,6.68,4.26,,,,,,2.42
1992-08-27,13.66,6.64,4.23,,,,,,2.4099999999999993
1992-08-28,13.14,6.63,4.16,,,,,,2.4699999999999998
1992-08-31,13.58,6.62,4.15,,,,,,2.4699999999999998
1992-09-01,13.4,6.56,4.12,3.22,141.1,0.029927007299270114,7.6,0.0,2.4399999999999995
1992-09-02,12.73,6.54,4.1,,,,,,2.4400000000000004
1992-09-03,12.88,6.54,4.09,,,,,,2.45
1992-09-04,12.98,6.4,3.89,,,,,,2.5100000000000002
1992-09-07,,,,,,,,,
1992-09-08,13.65,6.29,3.83,,,,,,2.46
1992-09-09,13.36,6.31,3.85,,,,,,2.4599999999999995
1992-09-10,12.92,6.31,3.83,,,,,,2.4799999999999995
1992-09-11,12.47,6.37,3.87,,,,,,2.5
1992-09-14,13.0,6.32,3.8,,,,,,2.5200000000000005
1992-09-15,13.63,6.4,3.89,,,,,,2.5100000000000002
1992-09-16,14.72,6.41,3.87,,,,,,2.54
1992-09-17,14.31,6.4,3.86,,,,,,2.5400000000000005
1992-09-18,13.74,6.41,3.86,,,,,,2.5500000000000003
1992-09-21,13.45,6.42,3.91,,,,,,2.51
1992-09-22,13.88,6.5,3.98,,,,,,2.52
1992-09-23,13.83,6.54,3.97,,,,,,2.57
1992-09-24,13.44,6.48,3.91,,,,,,2.5700000000000003
1992-09-25,14.8,6.41,3.78,,,,,,2.6300000000000003
1992-09-28,15.19,6.37,3.77,,,,,,2.6
1992-09-29,14.97,6.37,3.8,,,,,,2.5700000000000003
1992-09-30,14.28,6.37,3.8,,,,,,2.5700000000000003
1992-10-01,16.31,6.23,3.67,3.1,141.7,0.03279883381924198,7.3,0.0,2.5600000000000005
1992-10-02,17.79,6.26,3.71,,,,,,2.55
1992-10-05,20.01,6.24,3.68,,,,,,2.56
1992-10-06,19.95,6.3,3.74,,,,,,2.5599999999999996
1992-10-07,21.02,6.46,3.88,,,,,,2.58
1992-10-08,19.26,6.41,3.83,,,,,,2.58
1992-10-09,20.51,6.52,4.0,,,,,,2.5199999999999996
1992-10-12,19.49,,,,,,,,
1992-10-13,17.9,6.51,3.99,,,,,,2.5199999999999996
1992-10-14,18.42,6.51,4.02,,,,,,2.49
1992-10-15,17.11,6.53,4.02,,,,,,2.5100000000000007
1992-10-16,17.01,6.6,4.04,,,,,,2.5599999999999996
1992-10-19,17.31,6.69,4.15,,,,,,2.54
1992-10-20,16.87,6.86,4.34,,,,,,2.5200000000000005
1992-10-21,16.62,6.8,4.29,,,,,,2.51
1992-10-22,15.84,6.74,4.24,,,,,,2.5
1992-10-23,16.46,6.83,4.37,,,,,,2.46
1992-10-26,16.32,6.83,4.39,,,,,,2.4400000000000004
1992-10-27,16.24,6.78,4.32,,,,,,2.46
1992-10-28,15.95,6.76,4.33,,,,,,2.4299999999999997
1992-10-29,15.47,6.71,4.33,,,,,,2.38
1992-10-30,16.15,6.8,4.4,,,,,,2.3999999999999995
1992-11-01,,,,3.09,142.1,0.031204644412191396,7.4,0.0,
1992-11-02,16.67,6.88,4.47,,,,,,2.41
1992-11-03,17.33,6.87,4.44,,,,,,2.4299999999999997
1992-11-04,16.28,6.89,4.44,,,,,,2.4499999999999993
1992-11-05,15.38,6.87,4.39,,,,,,2.4800000000000004
1992-11-06,14.69,6.97,4.48,,,,,,2.4899999999999993
1992-11-09,14.23,7.0,4.57,,,,,,2.4299999999999997
1992-11-10,14.37,6.91,4.5,,,,,,2.41
1992-11-11,13.99,,,,,,,,
1992-11-12,14.37,6.79,4.44,,,,,,2.3499999999999996
1992-11-13,14.61,6.82,4.54,,,,,,2.2800000000000002
1992-11-16,14.86,6.9,4.68,,,,,,2.2200000000000006
1992-11-17,15.01,6.86,4.67,,,,,,2.1900000000000004
1992-11-18,14.55,6.78,4.58,,,,,,2.2
1992-11-19,14.33,6.81,4.59,,,,,,2.2199999999999998
1992-11-20,13.67,6.84,4.66,,,,,,2.1799999999999997
1992-11-23,13.4,6.86,4.69,,,,,,2.17
1992-11-24,12.66,6.82,4.61,,,,,,2.21
1992-11-25,12.5,6.84,4.7,,,,,,2.1399999999999997
1992-11-26,,,,,,,,,
1992-11-27,12.58,6.93,4.77,,,,,,2.16
1992-11-30,13.01,6.95,4.79,,,,,,2.16
1992-12-01,12.8,6.94,4.81,2.92,142.3,0.02966714905933454,7.4,0.0,2.130000000000001
1992-12-02,12.56,6.93,4.81,,,,,,2.12
1992-12-03,12.03,6.91,4.78,,,,,,2.13
1992-12-04,11.81,6.84,4.7,,,,,,2.1399999999999997
1992-12-07,12.0,6.78,4.62,,,,,,2.16
1992-12-08,11.73,6.73,4.59,,,,,,2.1400000000000006
1992-12-09,12.58,6.76,4.61,,,,,,2.1499999999999995
1992-12-10,12.75,6.77,4.67,,,,,,2.0999999999999996
1992-12-11,12.34,6.8,4.78,,,,,,2.0199999999999996
1992-12-14,12.66,6.83,4.8,,,,,,2.0300000000000002
1992-12-15,12.41,6.83,4.77,,,,,,2.0600000000000005
1992-12-16,12.58,6.77,4.67,,,,,,2.0999999999999996
1992-12-17,12.14,6.77,4.69,,,,,,2.079999999999999
1992-12-18,11.66,6.76,4.66,,,,,,2.0999999999999996
1992-12-21,11.65,6.71,4.64,,,,,,2.0700000000000003
1992-12-22,11.75,6.65,4.64,,,,,,2.0100000000000007
1992-12-23,11.51,6.68,4.63,,,,,,2.05
1992-12-24,11.57,6.69,4.6,,,,,,2.0900000000000007
1992-12-25,,,,,,,,,
1992-12-28,12.22,6.72,4.64,,,,,,2.08
1992-12-29,12.29,6.69,4.61,,,,,,2.08
1992-12-30,12.6,6.68,4.54,,,,,,2.1399999999999997
1992-12-31,12.57,6.7,4.56,,,,,,2.1400000000000006
1993-01-01,,,,3.02,142.8,0.03253796095444694,7.3,0.0,
1993-01-04,13.36,6.6,4.48,,,,,,2.119999999999999
1993-01-05,13.35,6.61,4.48,,,,,,2.13
1993-01-06,13.37,6.63,4.52,,,,,,2.1100000000000003
1993-01-07,14.72,6.76,4.64,,,,,,2.12
1993-01-08,13.77,6.75,4.5,,,,,,2.25
1993-01-11,12.86,6.71,4.48,,,,,,2.2299999999999995
1993-01-12,12.78,6.72,4.48,,,,,,2.2399999999999993
1993-01-13,12.42,6.71,4.46,,,,,,2.25
1993-01-14,11.99,6.65,4.4,,,,,,2.25
1993-01-15,11.57,6.6,4.31,,,,,,2.29
1993-01-18,11.49,,,,,,,,
1993-01-19,12.06,6.59,4.39,,,,,,2.2
1993-01-20,12.15,6.61,4.41,,,,,,2.2
1993-01-21,11.69,6.6,4.36,,,,,,2.2399999999999993
1993-01-22,11.3,6.57,4.3,,,,,,2.2700000000000005
1993-01-25,11.38,6.48,4.26,,,,,,2.2200000000000006
1993-01-26,11.45,6.5,4.3,,,,,,2.2
1993-01-27,12.01,6.48,4.24,,,,,,2.24
1993-01-28,12.04,6.44,4.2,,,,,,2.24
1993-01-29,12.42,6.39,4.2,,,,,,2.1899999999999995
1993-02-01,12.33,6.38,4.19,3.03,143.1,0.032467532467532534,7.1,0.0,2.1899999999999995
1993-02-02,12.25,6.46,4.25,,,,,,2.21
1993-02-03,12.12,6.45,4.27,,,,,,2.1800000000000006
1993-02-04,12.29,6.39,4.19,,,,,,2.1999999999999993
1993-02-05,12.9,6.32,4.07,,,,,,2.25
1993-02-08,13.22,6.37,4.16,,,,,,2.21
1993-02-09,13.48,6.41,4.2,,,,,,2.21
1993-02-10,13.43,6.4,4.27,,,,,,2.130000000000001
1993-02-11,12.69,6.37,4.2,,,,,,2.17
1993-02-12,12.38,6.35,4.2,,,,,,2.1499999999999995
1993-02-15,,,,,,,,,
1993-02-16,15.76,6.34,4.14,,,,,,2.2
1993-02-17,15.9,6.28,4.06,,,,,,2.2200000000000006
1993-02-18,15.56,6.17,3.95,,,,,,2.2199999999999998
1993-02-19,15.02,6.15,3.99,,,,,,2.16
1993-02-22,14.7,6.09,3.99,,,,,,2.0999999999999996
1993-02-23,15.04,5.92,3.9,,,,,,2.02
1993-02-24,14.72,6.01,3.97,,,,,,2.0399999999999996
1993-02-25,13.76,6.03,3.95,,,,,,2.08
1993-02-26,13.16,6.03,3.92,,,,,,2.1100000000000003
1993-03-01,13.6,5.94,3.88,3.07,143.3,0.030194104960460155,7.0,0.0,2.0600000000000005
1993-03-02,12.49,5.95,3.88,,,,,,2.0700000000000003
1993-03-03,13.13,5.88,3.81,,,,,,2.07
1993-03-04,13.44,5.83,3.75,,,,,,2.08
1993-03-05,14.08,5.9,3.91,,,,,,1.9900000000000002
1993-03-08,16.22,5.85,3.97,,,,,,1.8799999999999994
1993-03-09,14.17,5.91,4.02,,,,,,1.8900000000000006
1993-03-10,13.91,5.97,4.05,,,,,,1.92
1993-03-11,14.26,5.96,4.01,,,,,,1.9500000000000002
1993-03-12,15.66,6.11,4.11,,,,,,2.0
1993-03-15,14.74,6.17,4.1,,,,,,2.0700000000000003
1993-03-16,14.51,6.06,4.02,,,,,,2.04
1993-03-17,14.53,6.02,3.98,,,,,,2.0399999999999996
1993-03-18,14.17,5.93,3.91,,,,,,2.0199999999999996
1993-03-19,13.23,5.95,3.95,,,,,,2.0
1993-03-22,13.66,5.96,3.92,,,,,,2.04
1993-03-23,13.02,5.91,3.88,,,,,,2.0300000000000002
1993-03-24,12.44,5.95,3.93,,,,,,2.02
1993-03-25,12.08,5.98,3.92,,,,,,2.0600000000000005
1993-03-26,12.21,6.09,4.02,,,,,,2.0700000000000003
1993-03-29,12.63,6.06,3.95,,,,,,2.1099999999999994
1993-03-30,12.23,6.02,3.91,,,,,,2.1099999999999994
1993-03-31,12.53,6.03,3.96,,,,,,2.0700000000000003
1993-04-01,13.02,6.06,3.94,2.96,143.8,0.031563845050215145,7.1,0.0,2.1199999999999997
1993-04-02,14.5,6.16,3.99,,,,,,2.17
1993-04-05,14.12,6.13,3.96,,,,,,2.17
1993-04-06,14.24,6.08,3.93,,,,,,2.15
1993-04-07,13.64,6.07,3.93,,,,,,2.14
1993-04-08,12.83,5.97,3.85,,,,,,2.1199999999999997
1993-04-09,,,,,,,,,
1993-04-12,11.93,5.92,3.82,,,,,,2.1
1993-04-13,11.7,5.93,3.82,,,,,,2.11
1993-04-14,11.76,5.9,3.78,,,,,,2.1200000000000006
1993-04-15,10.96,5.88,3.79,,,,,,2.09
1993-04-16,11.29,5.89,3.8,,,,,,2.09
1993-04-19,12.06,5.87,3.78,,,,,,2.0900000000000003
1993-04-20,11.94,5.87,3.78,,,,,,2.0900000000000003
1993-04-21,12.11,5.86,3.77,,,,,,2.0900000000000003
1993-04-22,12.68,5.85,3.75,,,,,,2.0999999999999996
1993-04-23,13.36,5.89,3.75,,,,,,2.1399999999999997
1993-04-26,15.25,5.94,3.79,,,,,,2.1500000000000004
1993-04-27,13.93,6.02,3.88,,,,,,2.1399999999999997
1993-04-28,13.12,6.03,3.86,,,,,,2.1700000000000004
1993-04-29,12.8,5.99,3.79,,,,,,2.2
1993-04-30,12.42,6.05,3.83,,,,,,2.2199999999999998
1993-05-01,,,,3.0,144.2,0.0322118826055835,7.1,0.0,
1993-05-03,12.9,5.96,3.75,,,,,,2.21
1993-05-04,12.14,5.92,3.75,,,,,,2.17
1993-05-05,12.38,5.93,3.8,,,,,,2.13
1993-05-06,13.22,5.89,3.8,,,,,,2.09
1993-05-07,13.01,5.92,3.79,,,,,,2.13
1993-05-10,13.72,5.89,3.79,,,,,,2.0999999999999996
1993-05-11,13.35,5.89,3.79,,,,,,2.0999999999999996
1993-05-12,13.56,5.96,3.82,,,,,,2.14
1993-05-13,14.76,6.02,3.91,,,,,,2.1099999999999994
1993-05-14,14.39,6.03,3.97,,,,,,2.06
1993-05-17,14.13,6.07,4.05,,,,,,2.0200000000000005
1993-05-18,14.19,6.15,4.08,,,,,,2.0700000000000003
1993-05-19,14.29,6.11,4.03,,,,,,2.08
1993-05-20,13.98,6.09,4.03,,,,,,2.0599999999999996
1993-05-21,14.51,6.16,4.14,,,,,,2.0200000000000005
1993-05-24,14.1,6.16,4.19,,,,,,1.9699999999999998
1993-05-25,14.04,6.17,4.19,,,,,,1.9799999999999995
1993-05-26,12.88,6.12,4.2,,,,,,1.92
1993-05-27,13.1,6.11,4.22,,,,,,1.8900000000000006
1993-05-28,13.47,6.16,4.24,,,,,,1.92
1993-05-31,,,,,,,,,
1993-06-01,13.67,6.07,4.16,3.04,144.3,0.029978586723768963,7.0,0.0,1.9100000000000001
1993-06-02,13.48,6.06,4.18,,,,,,1.88
1993-06-03,13.54,6.02,4.14,,,,,,1.88
1993-06-04,12.86,6.11,4.31,,,,,,1.8000000000000007
1993-06-07,14.07,6.08,4.3,,,,,,1.7800000000000002
1993-06-08,14.74,6.09,4.33,,,,,,1.7599999999999998
1993-06-09,13.96,6.07,4.29,,,,,,1.7800000000000002
1993-06-10,13.31,6.07,4.29,,,,,,1.7800000000000002
1993-06-11,12.71,5.97,4.15,,,,,,1.8199999999999994
1993-06-14,12.33,5.97,4.13,,,,,,1.8399999999999999
1993-06-15,11.99,5.96,4.11,,,,,,1.8499999999999996
1993-06-16,11.87,5.96,4.09,,,,,,1.87
1993-06-17,11.66,5.93,4.08,,,,,,1.8499999999999996
1993-06-18,12.24,5.97,4.16,,,,,,1.8099999999999996
1993-06-21,12.25,5.92,4.16,,,,,,1.7599999999999998
1993-06-22,11.65,5.91,4.15,,,,,,1.7599999999999998
1993-06-23,12.04,5.91,4.2,,,,,,1.71
1993-06-24,12.25,5.88,4.15,,,,,,1.7299999999999995
1993-06-25,11.25,5.84,4.1,,,,,,1.7400000000000002
1993-06-28,11.11,5.8,4.06,,,,,,1.7400000000000002
1993-06-29,11.29,5.79,4.03,,,,,,1.7599999999999998
1993-06-30,11.26,5.8,4.03,,,,,,1.7699999999999996
1993-07-01,11.51,5.8,3.99,3.06,144.5,0.028469750889679624,6.9,0.0,1.8099999999999996
1993-07-02,11.33,5.76,3.93,,,,,,1.8299999999999996
1993-07-05,,,,,,,,,
1993-07-06,13.87,5.8,4.0,,,,,,1.7999999999999998
1993-07-07,13.05,5.8,4.0,,,,,,1.7999999999999998
1993-07-08,12.24,5.78,4.0,,,,,,1.7800000000000002
1993-07-09,10.8,5.76,3.98,,,,,,1.7799999999999998
1993-07-12,10.85,5.75,3.99,,,,,,1.7599999999999998
1993-07-13,11.02,5.78,4.04,,,,,,1.7400000000000002
1993-07-14,10.78,5.72,3.97,,,,,,1.7499999999999996
1993-07-15,10.6,5.72,3.99,,,,,,1.7299999999999995
1993-07-16,10.96,5.71,3.99,,,,,,1.7199999999999998
1993-07-19,11.46,5.71,3.99,,,,,,1.7199999999999998
1993-07-20,11.05,5.75,4.09,,,,,,1.6600000000000001
1993-07-21,11.97,5.83,4.15,,,,,,1.6799999999999997
1993-07-22,11.69,5.9,4.22,,,,,,1.6800000000000006
1993-07-23,11.32,5.95,4.25,,,,,,1.7000000000000002
1993-07-26,11.32,5.93,4.22,,,,,,1.71
1993-07-27,11.34,5.92,4.25,,,,,,1.67
1993-07-28,11.37,5.9,4.21,,,,,,1.6900000000000004
1993-07-29,11.25,5.81,4.12,,,,,,1.6899999999999995
1993-07-30,11.73,5.83,4.13,,,,,,1.7000000000000002
1993-08-01,,,,3.03,144.8,0.02840909090909083,6.8,0.0,
1993-08-02,11.47,5.85,4.19,,,,,,1.6599999999999993
1993-08-03,11.49,5.83,4.17,,,,,,1.6600000000000001
1993-08-04,11.71,5.87,4.16,,,,,,1.71
1993-08-05,12.03,5.86,4.12,,,,,,1.7400000000000002
1993-08-06,12.33,5.86,4.09,,,,,,1.7700000000000005
1993-08-09,12.39,5.82,4.06,,,,,,1.7600000000000007
1993-08-10,12.31,5.82,4.1,,,,,,1.7200000000000006
1993-08-11,12.07,5.75,4.1,,,,,,1.6500000000000004
1993-08-12,12.38,5.77,4.06,,,,,,1.71
1993-08-13,12.19,5.72,4.0,,,,,,1.7199999999999998
1993-08-16,12.01,5.68,3.98,,,,,,1.6999999999999997
1993-08-17,11.59,5.7,4.02,,,,,,1.6800000000000006
1993-08-18,11.52,5.69,3.98,,,,,,1.7100000000000004
1993-08-19,11.63,5.64,3.93,,,,,,1.7099999999999995
1993-08-20,11.62,5.61,3.93,,,,,,1.6800000000000002
1993-08-23,12.15,5.6,3.97,,,,,,1.6299999999999994
1993-08-24,11.8,5.54,3.89,,,,,,1.65
1993-08-25,12.1,5.51,3.85,,,,,,1.6599999999999997
1993-08-26,12.14,5.42,3.82,,,,,,1.6
1993-08-27,11.91,5.48,3.87,,,,,,1.6100000000000003
1993-08-30,11.74,5.44,3.86,,,,,,1.5800000000000005
1993-08-31,11.85,5.45,3.88,,,,,,1.5700000000000003
1993-09-01,11.48,5.46,3.88,3.09,145.0,0.027639971651311157,6.7,0.0,1.58
1993-09-02,11.87,5.41,3.83,,,,,,1.58
1993-09-03,11.16,5.31,3.71,,,,,,1.5999999999999996
1993-09-06,,,,,,,,,
1993-09-07,12.9,5.23,3.7,,,,,,1.5300000000000002
1993-09-08,13.24,5.23,3.78,,,,,,1.4500000000000006
1993-09-09,12.67,5.35,3.88,,,,,,1.4699999999999998
1993-09-10,11.7,5.29,3.8,,,,,,1.4900000000000002
1993-09-13,12.16,5.26,3.82,,,,,,1.44
1993-09-14,13.15,5.37,3.91,,,,,,1.46
1993-09-15,12.7,5.39,3.89,,,,,,1.4999999999999996
1993-09-16,13.36,5.37,3.88,,,,,,1.4900000000000002
1993-09-17,13.39,5.38,3.89,,,,,,1.4899999999999998
1993-09-20,14.6,5.42,3.92,,,,,,1.5
1993-09-21,17.3,5.47,3.9,,,,,,1.5699999999999998
1993-09-22,13.75,5.45,3.9,,,,,,1.5500000000000003
1993-09-23,13.36,5.42,3.87,,,,,,1.5499999999999998
1993-09-24,12.47,5.42,3.9,,,,,,1.52
1993-09-27,12.49,5.3,3.81,,,,,,1.4899999999999998
1993-09-28,12.19,5.28,3.79,,,,,,1.4900000000000002
1993-09-29,12.63,5.35,3.84,,,,,,1.5099999999999998
1993-09-30,12.99,5.4,3.89,,,,,,1.5100000000000002
1993-10-01,11.83,5.34,3.84,2.99,145.6,0.02752293577981657,6.8,0.0,1.5
1993-10-04,12.85,5.34,3.85,,,,,,1.4899999999999998
1993-10-05,12.97,5.35,3.86,,,,,,1.4899999999999998
1993-10-06,12.68,5.35,3.85,,,,,,1.4999999999999996
1993-10-07,13.14,5.33,3.83,,,,,,1.5
1993-10-08,12.04,5.26,3.78,,,,,,1.48
1993-10-11,12.26,,,,,,,,
1993-10-12,12.41,5.27,3.82,,,,,,1.4499999999999997
1993-10-13,11.38,5.27,3.84,,,,,,1.4299999999999997
1993-10-14,11.0,5.23,3.82,,,,,,1.4100000000000006
1993-10-15,10.87,5.19,3.81,,,,,,1.3800000000000003
1993-10-18,11.33,5.27,3.84,,,,,,1.4299999999999997
1993-10-19,11.61,5.27,3.86,,,,,,1.4099999999999997
1993-10-20,11.32,5.26,3.86,,,,,,1.4
1993-10-21,11.2,5.35,3.89,,,,,,1.4599999999999995
1993-10-22,11.48,5.42,3.91,,,,,,1.5099999999999998
1993-10-25,11.83,5.47,3.95,,,,,,1.5199999999999996
1993-10-26,11.83,5.43,3.93,,,,,,1.4999999999999996
1993-10-27,12.01,5.44,3.99,,,,,,1.4500000000000002
1993-10-28,11.88,5.41,3.97,,,,,,1.44
1993-10-29,11.46,5.43,3.99,,,,,,1.4399999999999995
1993-11-01,11.78,5.56,4.11,3.02,146.0,0.027445460942997935,6.6,0.0,1.4499999999999993
1993-11-02,11.74,5.63,4.16,,,,,,1.4699999999999998
1993-11-03,13.26,5.67,4.13,,,,,,1.54
1993-11-04,14.68,5.67,4.13,,,,,,1.54
1993-11-05,14.97,5.75,4.2,,,,,,1.5499999999999998
1993-11-08,14.31,5.7,4.13,,,,,,1.5700000000000003
1993-11-09,13.94,5.64,4.12,,,,,,1.5199999999999996
1993-11-10,13.72,5.72,4.17,,,,,,1.5499999999999998
1993-11-11,13.88,,,,,,,,
1993-11-12,13.33,5.66,4.11,,,,,,1.5499999999999998
1993-11-15,14.46,5.69,4.11,,,,,,1.58
1993-11-16,15.11,5.66,4.1,,,,,,1.5600000000000005
1993-11-17,15.57,5.65,4.09,,,,,,1.5600000000000005
1993-11-18,14.65,5.72,4.15,,,,,,1.5699999999999994
1993-11-19,15.03,5.84,4.22,,,,,,1.62
1993-11-22,15.9,5.89,4.26,,,,,,1.63
1993-11-23,14.27,5.82,4.19,,,,,,1.63
1993-11-24,13.51,5.84,4.18,,,,,,1.6600000000000001
1993-11-25,,,,,,,,,
1993-11-26,13.77,5.78,4.16,,,,,,1.62
1993-11-29,14.12,5.76,4.17,,,,,,1.5899999999999999
1993-11-30,13.76,5.83,4.22,,,,,,1.6100000000000003
1993-12-01,13.83,5.82,4.2,2.96,146.3,0.028109627547435068,6.5,0.0,1.62
1993-12-02,13.51,5.81,4.22,,,,,,1.5899999999999999
1993-12-03,12.69,5.8,4.24,,,,,,1.5599999999999996
1993-12-06,12.84,5.72,4.19,,,,,,1.5299999999999994
1993-12-07,12.41,5.71,4.17,,,,,,1.54
1993-12-08,12.46,5.71,4.18,,,,,,1.5300000000000002
1993-12-09,12.43,5.68,4.18,,,,,,1.5
1993-12-10,12.6,5.73,4.21,,,,,,1.5200000000000005
1993-12-13,10.98,5.78,4.23,,,,,,1.5499999999999998
1993-12-14,11.13,5.82,4.25,,,,,,1.5700000000000003
1993-12-15,11.03,5.83,4.22,,,,,,1.6100000000000003
1993-12-16,10.9,5.84,4.23,,,,,,1.6099999999999994
1993-12-17,11.08,5.81,4.2,,,,,,1.6099999999999994
1993-12-20,10.75,5.83,4.22,,,,,,1.6100000000000003
1993-12-21,10.08,5.85,4.26,,,,,,1.5899999999999999
1993-12-22,9.31,5.74,4.19,,,,,,1.5499999999999998
1993-12-23,9.48,5.72,4.18,,,,,,1.54
1993-12-24,,,,,,,,,
1993-12-27,9.7,5.72,4.2,,,,,,1.5199999999999996
1993-12-28,9.82,5.72,4.2,,,,,,1.5199999999999996
1993-12-29,10.46,5.74,4.2,,,,,,1.54
1993-12-30,10.69,5.82,4.25,,,,,,1.5700000000000003
1993-12-31,11.66,5.83,4.25,,,,,,1.58
1994-01-01,,,,3.05,146.3,0.02450980392156854,6.6,0.0,
1994-01-03,12.57,5.92,4.3,,,,,,1.62
1994-01-04,11.91,5.88,4.29,,,,,,1.5899999999999999
1994-01-05,10.94,5.9,4.31,,,,,,1.5900000000000007
1994-01-06,11.27,5.84,4.24,,,,,,1.5999999999999996
1994-01-07,10.96,5.7,4.09,,,,,,1.6100000000000003
1994-01-10,10.74,5.67,4.08,,,,,,1.5899999999999999
1994-01-11,11.29,5.67,4.08,,,,,,1.5899999999999999
1994-01-12,11.65,5.6,4.05,,,,,,1.5499999999999998
1994-01-13,12.08,5.71,4.13,,,,,,1.58
1994-01-14,11.15,5.78,4.17,,,,,,1.6100000000000003
1994-01-17,11.88,,,,,,,,
1994-01-18,11.63,5.74,4.14,,,,,,1.6000000000000005
1994-01-19,11.76,5.76,4.12,,,,,,1.6399999999999997
1994-01-20,11.16,5.71,4.07,,,,,,1.6399999999999997
1994-01-21,11.09,5.73,4.09,,,,,,1.6400000000000006
1994-01-24,11.6,5.74,4.09,,,,,,1.6500000000000004
1994-01-25,11.38,5.78,4.11,,,,,,1.67
1994-01-26,11.17,5.77,4.13,,,,,,1.6399999999999997
1994-01-27,10.3,5.73,4.11,,,,,,1.62
1994-01-28,9.94,5.68,4.08,,,,,,1.5999999999999996
1994-01-31,10.63,5.7,4.12,,,,,,1.58
1994-02-01,10.65,5.77,4.2,3.25,146.7,0.02515723270440251,6.6,0.0,1.5699999999999994
1994-02-02,10.61,5.77,4.2,,,,,,1.5699999999999994
1994-02-03,10.75,5.81,4.28,,,,,,1.5299999999999994
1994-02-04,15.25,5.94,4.42,,,,,,1.5200000000000005
1994-02-07,13.96,5.96,4.41,,,,,,1.5499999999999998
1994-02-08,13.66,6.01,4.44,,,,,,1.5699999999999994
1994-02-09,13.3,5.92,4.43,,,,,,1.4900000000000002
1994-02-10,14.24,5.91,4.45,,,,,,1.46
1994-02-11,14.46,5.88,4.44,,,,,,1.4399999999999995
1994-02-14,14.28,5.9,4.44,,,,,,1.46
1994-02-15,13.4,5.88,4.44,,,,,,1.4399999999999995
1994-02-16,13.13,5.89,4.44,,,,,,1.4499999999999993
1994-02-17,13.79,6.0,4.5,,,,,,1.5
1994-02-18,14.7,6.09,4.57,,,,,,1.5199999999999996
1994-02-21,,,,,,,,,
1994-02-22,13.52,6.05,4.57,,,,,,1.4799999999999995
1994-02-23,13.91,6.13,4.67,,,,,,1.46
1994-02-24,15.96,6.22,4.72,,,,,,1.5
1994-02-25,14.8,6.21,4.72,,,,,,1.4900000000000002
1994-02-28,14.87,6.15,4.67,,,,,,1.4800000000000004
1994-03-01,15.83,6.28,4.81,3.34,147.1,0.026517794836008246,6.5,0.0,1.4700000000000006
1994-03-02,16.08,6.3,4.79,,,,,,1.5099999999999998
1994-03-03,16.36,6.35,4.83,,,,,,1.5199999999999996
1994-03-04,16.0,6.38,4.88,,,,,,1.5
1994-03-07,14.26,6.32,4.87,,,,,,1.4500000000000002
1994-03-08,16.23,6.38,4.92,,,,,,1.46
1994-03-09,14.41,6.38,4.96,,,,,,1.42
1994-03-10,16.55,6.48,4.96,,,,,,1.5200000000000005
1994-03-11,14.87,6.46,4.95,,,,,,1.5099999999999998
1994-03-14,16.61,6.5,4.99,,,,,,1.5099999999999998
1994-03-15,14.78,6.47,4.99,,,,,,1.4799999999999995
1994-03-16,14.51,6.4,4.96,,,,,,1.4400000000000004
1994-03-17,12.76,6.4,4.94,,,,,,1.46
1994-03-18,13.32,6.49,5.03,,,,,,1.46
1994-03-21,14.34,6.55,5.09,,,,,,1.46
1994-03-22,13.39,6.44,5.03,,,,,,1.4100000000000001
1994-03-23,12.31,6.44,5.0,,,,,,1.4400000000000004
1994-03-24,13.43,6.58,5.08,,,,,,1.5
1994-03-25,13.67,6.61,5.1,,,,,,1.5100000000000007
1994-03-28,14.9,6.63,5.12,,,,,,1.5099999999999998
1994-03-29,16.49,6.71,5.19,,,,,,1.5199999999999996
1994-03-30,18.59,6.78,5.19,,,,,,1.5899999999999999
1994-03-31,20.45,6.77,5.21,,,,,,1.5599999999999996
1994-04-01,,,,3.56,147.2,0.02364394993045882,6.4,0.0,
1994-04-04,23.87,7.16,5.57,,,,,,1.5899999999999999
1994-04-05,18.13,6.97,5.45,,,,,,1.5199999999999996
1994-04-06,17.38,6.93,5.4,,,,,,1.5299999999999994
1994-04-07,16.98,6.86,5.37,,,,,,1.4900000000000002
1994-04-08,16.92,6.94,5.43,,,,,,1.5100000000000007
1994-04-11,16.61,6.92,5.43,,,,,,1.4900000000000002
1994-04-12,16.42,6.87,5.4,,,,,,1.4699999999999998
1994-04-13,17.02,6.93,5.43,,,,,,1.5
1994-04-14,16.27,6.97,5.49,,,,,,1.4799999999999995
1994-04-15,15.98,6.97,5.51,,,,,,1.46
1994-04-18,17.22,7.14,5.7,,,,,,1.4399999999999995
1994-04-19,16.93,7.1,5.7,,,,,,1.3999999999999995
1994-04-20,17.01,7.05,5.67,,,,,,1.38
1994-04-21,14.93,6.91,5.59,,,,,,1.3200000000000003
1994-04-22,14.94,6.93,5.62,,,,,,1.3099999999999996
1994-04-25,14.26,6.86,5.61,,,,,,1.25
1994-04-26,13.8,6.86,5.59,,,,,,1.2700000000000005
1994-04-27,,,,,,,,,
1994-04-28,14.51,7.04,5.75,,,,,,1.29
1994-04-29,13.77,7.06,5.73,,,,,,1.3299999999999992
1994-05-01,,,,4.01,147.5,0.02288488210818307,6.1,0.0,
1994-05-02,14.11,7.09,5.81,,,,,,1.2800000000000002
1994-05-03,13.81,7.13,5.86,,,,,,1.2699999999999996
1994-05-04,14.29,7.14,5.89,,,,,,1.25
1994-05-05,14.56,7.11,5.88,,,,,,1.2300000000000004
1994-05-06,15.08,7.35,6.12,,,,,,1.2299999999999995
1994-05-09,16.16,7.49,6.26,,,,,,1.2300000000000004
1994-05-10,15.19,7.33,6.13,,,,,,1.2000000000000002
1994-05-11,15.55,7.4,6.2,,,,,,1.2000000000000002
1994-05-12,15.46,7.36,6.13,,,,,,1.2300000000000004
1994-05-13,14.54,7.29,6.05,,,,,,1.2400000000000002
1994-05-16,14.67,7.24,6.03,,,,,,1.21
1994-05-17,14.08,7.03,5.88,,,,,,1.1500000000000004
1994-05-18,12.55,7.03,5.83,,,,,,1.2000000000000002
1994-05-19,12.33,6.96,5.73,,,,,,1.2299999999999995
1994-05-20,12.79,7.02,5.8,,,,,,1.2199999999999998
1994-05-23,13.49,7.19,5.94,,,,,,1.25
1994-05-24,12.73,7.17,5.94,,,,,,1.2299999999999995
1994-05-25,12.43,7.14,5.95,,,,,,1.1899999999999995
1994-05-26,12.5,7.09,5.92,,,,,,1.17
1994-05-27,12.49,7.12,5.97,,,,,,1.1500000000000004
1994-05-30,,,,,,,,,
1994-05-31,13.03,7.17,6.01,,,,,,1.1600000000000001
1994-06-01,12.72,7.12,5.98,4.25,147.9,0.02494802494802495,6.1,0.0,1.1399999999999997
1994-06-02,12.73,7.07,5.93,,,,,,1.1400000000000006
1994-06-03,12.19,6.98,5.84,,,,,,1.1400000000000006
1994-06-06,13.03,6.91,5.78,,,,,,1.13
1994-06-07,13.05,6.95,5.8,,,,,,1.1500000000000004
1994-06-08,13.32,6.96,5.78,,,,,,1.1799999999999997
1994-06-09,13.21,6.98,5.8,,,,,,1.1800000000000006
1994-06-10,12.69,7.03,5.85,,,,,,1.1800000000000006
1994-06-13,11.92,7.07,5.91,,,,,,1.1600000000000001
1994-06-14,11.6,7.0,5.81,,,,,,1.1900000000000004
1994-06-15,11.52,7.1,5.88,,,,,,1.2199999999999998
1994-06-16,11.22,7.07,5.83,,,,,,1.2400000000000002
1994-06-17,12.31,7.14,5.88,,,,,,1.2599999999999998
1994-06-20,13.96,7.16,5.92,,,,,,1.2400000000000002
1994-06-21,14.7,7.22,6.04,,,,,,1.1799999999999997
1994-06-22,14.02,7.13,5.97,,,,,,1.1600000000000001
1994-06-23,14.12,7.1,5.94,,,,,,1.1599999999999993
1994-06-24,16.72,7.22,6.06,,,,,,1.1600000000000001
1994-06-27,15.53,7.18,6.05,,,,,,1.13
1994-06-28,15.04,7.26,6.13,,,,,,1.13
1994-06-29,14.42,7.24,6.12,,,,,,1.12
1994-06-30,14.97,7.34,6.19,,,,,,1.1499999999999995
1994-07-01,14.36,7.34,6.19,4.26,148.4,0.0269896193771626,6.1,0.0,1.1499999999999995
1994-07-04,,,,,,,,,
1994-07-05,14.92,7.31,6.14,,,,,,1.17
1994-07-06,14.7,7.32,6.11,,,,,,1.21
1994-07-07,14.01,7.3,6.11,,,,,,1.1899999999999995
1994-07-08,13.26,7.42,6.25,,,,,,1.17
1994-07-11,13.83,7.47,6.29,,,,,,1.1799999999999997
1994-07-12,13.4,7.43,6.24,,,,,,1.1899999999999995
1994-07-13,12.42,7.41,6.22,,,,,,1.1900000000000004
1994-07-14,11.64,7.25,6.05,,,,,,1.2000000000000002
1994-07-15,11.28,7.25,6.04,,,,,,1.21
1994-07-18,11.44,7.2,5.99,,,,,,1.21
1994-07-19,11.65,7.15,5.94,,,,,,1.21
1994-07-20,11.7,7.25,6.06,,,,,,1.1900000000000004
1994-07-21,11.65,7.27,6.11,,,,,,1.1599999999999993
1994-07-22,11.22,7.29,6.15,,,,,,1.1399999999999997
1994-07-25,11.46,7.27,6.13,,,,,,1.1399999999999997
1994-07-26,11.66,7.28,6.16,,,,,,1.12
1994-07-27,11.93,7.34,6.22,,,,,,1.12
1994-07-28,12.03,7.29,6.21,,,,,,1.08
1994-07-29,11.13,7.12,5.99,,,,,,1.13
1994-08-01,11.17,7.13,6.03,4.47,149.0,0.02900552486187835,6.0,0.0,1.0999999999999996
1994-08-02,11.27,7.11,5.98,,,,,,1.13
1994-08-03,11.35,7.09,5.96,,,,,,1.13
1994-08-04,12.18,7.12,5.98,,,,,,1.1399999999999997
1994-08-05,12.34,7.28,6.18,,,,,,1.1000000000000005
1994-08-08,12.41,7.28,6.22,,,,,,1.0600000000000005
1994-08-09,12.54,7.33,6.26,,,,,,1.0700000000000003
1994-08-10,11.91,7.3,6.21,,,,,,1.0899999999999999
1994-08-11,12.13,7.36,6.26,,,,,,1.1000000000000005
1994-08-12,11.09,7.27,6.22,,,,,,1.0499999999999998
1994-08-15,12.06,7.3,6.26,,,,,,1.04
1994-08-16,11.39,7.19,6.21,,,,,,0.9800000000000004
1994-08-17,11.54,7.15,6.14,,,,,,1.0100000000000007
1994-08-18,12.07,7.28,6.23,,,,,,1.0499999999999998
1994-08-19,12.83,7.27,6.23,,,,,,1.0399999999999991
1994-08-22,12.62,7.31,6.27,,,,,,1.04
1994-08-23,11.75,7.28,6.26,,,,,,1.0200000000000005
1994-08-24,11.57,7.22,6.18,,,,,,1.04
1994-08-25,12.02,7.29,6.24,,,,,,1.0499999999999998
1994-08-26,12.19,7.24,6.21,,,,,,1.0300000000000002
1994-08-29,11.82,7.24,6.2,,,,,,1.04
1994-08-30,11.23,7.2,6.18,,,,,,1.0200000000000005
1994-08-31,11.97,7.19,6.17,,,,,,1.0200000000000005
1994-09-01,11.86,7.19,6.15,4.73,149.3,0.02965517241379323,5.9,0.0,1.04
1994-09-02,11.4,7.21,6.17,,,,,,1.04
1994-09-05,,,,,,,,,
1994-09-06,11.69,7.27,6.22,,,,,,1.0499999999999998
1994-09-07,11.81,7.29,6.22,,,,,,1.0700000000000003
1994-09-08,11.86,7.3,6.22,,,,,,1.08
1994-09-09,13.12,7.44,6.35,,,,,,1.0900000000000007
1994-09-12,14.01,7.46,6.37,,,,,,1.0899999999999999
1994-09-13,13.77,7.44,6.35,,,,,,1.0900000000000007
1994-09-14,13.09,7.41,6.33,,,,,,1.08
1994-09-15,11.88,7.35,6.28,,,,,,1.0699999999999994
1994-09-16,12.8,7.52,6.42,,,,,,1.0999999999999996
1994-09-19,13.06,7.49,6.39,,,,,,1.1000000000000005
1994-09-20,14.45,7.53,6.44,,,,,,1.0899999999999999
1994-09-21,14.49,7.56,6.52,,,,,,1.04
1994-09-22,13.89,7.56,6.5,,,,,,1.0599999999999996
1994-09-23,14.53,7.57,6.52,,,,,,1.0500000000000007
1994-09-26,14.56,7.57,6.54,,,,,,1.0300000000000002
1994-09-27,14.13,7.61,6.52,,,,,,1.0900000000000007
1994-09-28,13.25,7.57,6.51,,,,,,1.0600000000000005
1994-09-29,13.97,7.64,6.6,,,,,,1.04
1994-09-30,14.28,7.62,6.62,,,,,,1.0
1994-10-01,,,,4.76,149.4,0.026098901098901228,5.8,0.0,
1994-10-03,15.44,7.66,6.69,,,,,,0.9699999999999998
1994-10-04,16.66,7.7,6.68,,,,,,1.0200000000000005
1994-10-05,15.92,7.77,6.73,,,,,,1.0399999999999991
1994-10-06,16.24,7.78,6.71,,,,,,1.0700000000000003
1994-10-07,14.92,7.7,6.65,,,,,,1.0499999999999998
1994-10-10,14.72,,,,,,,,
1994-10-11,13.55,7.65,6.63,,,,,,1.0200000000000005
1994-10-12,14.51,7.69,6.67,,,,,,1.0200000000000005
1994-10-13,14.9,7.64,6.63,,,,,,1.0099999999999998
1994-10-14,13.32,7.61,6.57,,,,,,1.04
1994-10-17,14.76,7.62,6.61,,,,,,1.0099999999999998
1994-10-18,14.59,7.64,6.61,,,,,,1.0299999999999994
1994-10-19,15.13,7.68,6.66,,,,,,1.0199999999999996
1994-10-20,15.99,7.8,6.77,,,,,,1.0300000000000002
1994-10-21,15.91,7.81,6.8,,,,,,1.0099999999999998
1994-10-24,16.97,7.86,6.84,,,,,,1.0200000000000005
1994-10-25,16.13,7.88,6.87,,,,,,1.0099999999999998
1994-10-26,15.7,7.88,6.9,,,,,,0.9799999999999995
1994-10-27,15.67,7.88,6.89,,,,,,0.9900000000000002
1994-10-28,14.56,7.82,6.82,,,,,,1.0
1994-10-31,14.56,7.81,6.84,,,,,,0.9699999999999998
1994-11-01,14.84,7.91,6.93,5.29,149.8,0.026027397260274032,5.6,0.0,0.9800000000000004
1994-11-02,15.34,7.96,6.96,,,,,,1.0
1994-11-03,15.58,7.96,6.98,,,,,,0.9799999999999995
1994-11-04,16.75,8.04,7.05,,,,,,0.9899999999999993
1994-11-07,17.37,8.05,7.06,,,,,,0.9900000000000011
1994-11-08,16.3,8.01,7.02,,,,,,0.9900000000000002
1994-11-09,16.42,7.94,7.01,,,,,,0.9300000000000006
1994-11-10,16.0,7.98,7.06,,,,,,0.9200000000000008
1994-11-11,16.5,,,,,,,,
1994-11-14,16.68,7.94,7.06,,,,,,0.8800000000000008
1994-11-15,16.66,7.92,7.1,,,,,,0.8200000000000003
1994-11-16,15.56,7.97,7.15,,,,,,0.8199999999999994
1994-11-17,15.91,8.03,7.21,,,,,,0.8199999999999994
1994-11-18,16.0,8.01,7.23,,,,,,0.7799999999999994
1994-11-21,16.13,8.03,7.3,,,,,,0.7299999999999995
1994-11-22,17.24,8.0,7.29,,,,,,0.71
1994-11-23,18.41,7.81,7.18,,,,,,0.6299999999999999
1994-11-24,,,,,,,,,
1994-11-25,17.44,7.8,7.19,,,,,,0.6099999999999994
1994-11-28,16.83,7.88,7.35,,,,,,0.5300000000000002
1994-11-29,16.15,7.95,7.44,,,,,,0.5099999999999998
1994-11-30,15.95,7.91,7.4,,,,,,0.5099999999999998
1994-12-01,16.69,7.92,7.42,5.45,150.1,0.02597402597402576,5.5,0.0,0.5
1994-12-02,16.55,7.81,7.44,,,,,,0.3699999999999992
1994-12-05,16.1,7.83,7.58,,,,,,0.25
1994-12-06,16.05,7.73,7.44,,,,,,0.29000000000000004
1994-12-07,16.28,7.81,7.48,,,,,,0.3299999999999992
1994-12-08,18.15,7.79,7.51,,,,,,0.28000000000000025
1994-12-09,16.04,7.79,7.53,,,,,,0.2599999999999998
1994-12-12,15.46,7.85,7.62,,,,,,0.22999999999999954
1994-12-13,14.48,7.83,7.71,,,,,,0.1200000000000001
1994-12-14,13.03,7.8,7.59,,,,,,0.20999999999999996
1994-12-15,12.87,7.79,7.54,,,,,,0.25
1994-12-16,12.79,7.81,7.59,,,,,,0.21999999999999975
1994-12-19,13.02,7.81,7.59,,,,,,0.21999999999999975
1994-12-20,12.98,7.81,7.56,,,,,,0.25
1994-12-21,12.05,7.8,7.58,,,,,,0.21999999999999975
1994-12-22,12.42,7.84,7.7,,,,,,0.13999999999999968
1994-12-23,11.82,7.85,7.74,,,,,,0.10999999999999943
1994-12-26,,,,,,,,,
1994-12-27,12.07,7.76,7.67,,,,,,0.08999999999999986
1994-12-28,12.81,7.8,7.71,,,,,,0.08999999999999986
1994-12-29,12.86,7.82,7.69,,,,,,0.1299999999999999
1994-12-30,13.2,7.84,7.69,,,,,,0.14999999999999947
1995-01-01,,,,5.53,150.5,0.028708133971291794,5.6,0.0,
1995-01-02,,,,,,,,,
1995-01-03,14.25,7.88,7.73,,,,,,0.14999999999999947
1995-01-04,13.53,7.82,7.62,,,,,,0.20000000000000018
1995-01-05,13.5,7.88,7.66,,,,,,0.21999999999999975
1995-01-06,13.13,7.87,7.64,,,,,,0.23000000000000043
1995-01-09,13.33,7.89,7.68,,,,,,0.20999999999999996
1995-01-10,12.52,7.84,7.63,,,,,,0.20999999999999996
1995-01-11,12.15,7.79,7.58,,,,,,0.20999999999999996
1995-01-12,12.83,7.8,7.56,,,,,,0.2400000000000002
1995-01-13,11.1,7.69,7.39,,,,,,0.3000000000000007
1995-01-16,11.14,,,,,,,,
1995-01-17,11.79,7.7,7.44,,,,,,0.2599999999999998
1995-01-18,11.57,7.71,7.48,,,,,,0.22999999999999954
1995-01-19,11.86,7.74,7.49,,,,,,0.25
1995-01-20,12.15,7.82,7.5,,,,,,0.3200000000000003
1995-01-23,12.79,7.83,7.5,,,,,,0.33000000000000007
1995-01-24,11.94,7.86,7.57,,,,,,0.29000000000000004
1995-01-25,11.46,7.8,7.5,,,,,,0.2999999999999998
1995-01-26,11.25,7.76,7.39,,,,,,0.3700000000000001
1995-01-27,11.25,7.66,7.29,,,,,,0.3700000000000001
1995-01-30,12.26,7.65,7.23,,,,,,0.41999999999999993
1995-01-31,11.96,7.6,7.26,,,,,,0.33999999999999986
1995-02-01,11.73,7.66,7.33,5.92,150.9,0.02862985685071595,5.4,0.0,0.33000000000000007
1995-02-02,11.13,7.68,7.4,,,,,,0.27999999999999936
1995-02-03,10.98,7.49,7.14,,,,,,0.35000000000000053
1995-02-06,11.22,7.53,7.18,,,,,,0.35000000000000053
1995-02-07,11.17,7.52,7.19,,,,,,0.3299999999999992
1995-02-08,11.42,7.53,7.18,,,,,,0.35000000000000053
1995-02-09,11.63,7.58,7.23,,,,,,0.34999999999999964
1995-02-10,11.28,7.62,7.33,,,,,,0.29000000000000004
1995-02-13,11.41,7.61,7.32,,,,,,0.29000000000000004
1995-02-14,11.43,7.51,7.21,,,,,,0.2999999999999998
1995-02-15,11.52,7.45,7.12,,,,,,0.33000000000000007
1995-02-16,11.61,7.4,7.02,,,,,,0.3800000000000008
1995-02-17,11.71,7.43,7.07,,,,,,0.35999999999999943
1995-02-20,,,,,,,,,
1995-02-21,12.05,7.44,7.09,,,,,,0.35000000000000053
1995-02-22,11.39,7.34,6.92,,,,,,0.41999999999999993
1995-02-23,11.15,7.34,6.92,,,,,,0.41999999999999993
1995-02-24,10.84,7.33,6.89,,,,,,0.4400000000000004
1995-02-27,12.51,7.24,6.79,,,,,,0.4500000000000002
1995-02-28,11.75,7.22,6.79,,,,,,0.4299999999999997
1995-03-01,11.65,7.23,6.81,5.98,151.2,0.027872195785180187,5.4,0.0,0.4200000000000008
1995-03-02,12.02,7.3,6.88,,,,,,0.41999999999999993
1995-03-03,11.45,7.36,6.89,,,,,,0.47000000000000064
1995-03-06,12.17,7.41,6.96,,,,,,0.4500000000000002
1995-03-07,14.22,7.44,7.0,,,,,,0.4400000000000004
1995-03-08,13.72,7.36,6.93,,,,,,0.4300000000000006
1995-03-09,13.36,7.3,6.83,,,,,,0.46999999999999975
1995-03-10,12.38,7.23,6.83,,,,,,0.40000000000000036
1995-03-13,12.15,7.19,6.76,,,,,,0.4300000000000006
1995-03-14,12.1,7.09,6.69,,,,,,0.39999999999999947
1995-03-15,12.42,7.09,6.71,,,,,,0.3799999999999999
1995-03-16,11.95,7.05,6.68,,,,,,0.3700000000000001
1995-03-17,11.8,7.12,6.69,,,,,,0.4299999999999997
1995-03-20,11.34,7.12,6.69,,,,,,0.4299999999999997
1995-03-21,11.53,7.16,6.71,,,,,,0.4500000000000002
1995-03-22,11.29,7.21,6.75,,,,,,0.45999999999999996
1995-03-23,11.43,7.21,6.75,,,,,,0.45999999999999996
1995-03-24,11.19,7.09,6.64,,,,,,0.4500000000000002
1995-03-27,11.83,7.05,6.62,,,,,,0.4299999999999997
1995-03-28,11.33,7.16,6.73,,,,,,0.4299999999999997
1995-03-29,12.51,7.16,6.73,,,,,,0.4299999999999997
1995-03-30,12.62,7.18,6.76,,,,,,0.41999999999999993
1995-03-31,13.37,7.2,6.8,,,,,,0.40000000000000036
1995-04-01,,,,6.05,151.8,0.03125000000000022,5.8,0.0,
1995-04-03,13.5,7.14,6.75,,,,,,0.3899999999999997
1995-04-04,12.62,7.12,6.71,,,,,,0.41000000000000014
1995-04-05,12.96,7.12,6.7,,,,,,0.41999999999999993
1995-04-06,12.81,7.09,6.66,,,,,,0.4299999999999997
1995-04-07,12.85,7.11,6.65,,,,,,0.45999999999999996
1995-04-10,12.79,7.12,6.66,,,,,,0.45999999999999996
1995-04-11,12.73,7.09,6.65,,,,,,0.4399999999999995
1995-04-12,12.04,7.06,6.61,,,,,,0.4499999999999993
1995-04-13,11.48,7.03,6.51,,,,,,0.5200000000000005
1995-04-14,,,,,,,,,
1995-04-17,12.33,7.04,6.48,,,,,,0.5599999999999996
1995-04-18,12.96,7.04,6.44,,,,,,0.5999999999999996
1995-04-19,13.09,7.06,6.51,,,,,,0.5499999999999998
1995-04-20,12.1,7.02,6.43,,,,,,0.5899999999999999
1995-04-21,11.86,7.01,6.44,,,,,,0.5699999999999994
1995-04-24,11.92,7.01,6.46,,,,,,0.5499999999999998
1995-04-25,12.41,7.01,6.48,,,,,,0.5299999999999994
1995-04-26,12.28,7.01,6.5,,,,,,0.5099999999999998
1995-04-27,11.93,7.04,6.55,,,,,,0.4900000000000002
1995-04-28,11.75,7.07,6.6,,,,,,0.47000000000000064
1995-05-01,12.14,7.09,6.62,6.01,152.1,0.031186440677966054,5.6,0.0,0.46999999999999975
1995-05-02,11.88,7.04,6.55,,,,,,0.4900000000000002
1995-05-03,11.69,6.96,6.47,,,,,,0.4900000000000002
1995-05-04,12.64,6.85,6.35,,,,,,0.5
1995-05-05,12.06,6.69,6.16,,,,,,0.5300000000000002
1995-05-08,12.22,6.7,6.18,,,,,,0.5200000000000005
1995-05-09,12.75,6.61,6.08,,,,,,0.5300000000000002
1995-05-10,13.08,6.66,6.11,,,,,,0.5499999999999998
1995-05-11,12.98,6.68,6.2,,,,,,0.47999999999999954
1995-05-12,11.84,6.67,6.2,,,,,,0.46999999999999975
1995-05-15,12.38,6.62,6.16,,,,,,0.45999999999999996
1995-05-16,12.2,6.57,6.11,,,,,,0.45999999999999996
1995-05-17,12.36,6.53,6.11,,,,,,0.41999999999999993
1995-05-18,13.13,6.61,6.18,,,,,,0.4300000000000006
1995-05-19,12.81,6.61,6.19,,,,,,0.41999999999999993
1995-05-22,11.68,6.63,6.19,,,,,,0.4399999999999995
1995-05-23,11.55,6.57,6.15,,,,,,0.41999999999999993
1995-05-24,11.26,6.44,6.01,,,,,,0.4300000000000006
1995-05-25,11.63,6.39,5.99,,,,,,0.39999999999999947
1995-05-26,12.2,6.4,5.97,,,,,,0.4300000000000006
1995-05-29,,,,,,,,,
1995-05-30,12.52,6.3,5.89,,,,,,0.41000000000000014
1995-05-31,12.85,6.3,5.89,,,,,,0.41000000000000014
1995-06-01,12.21,6.2,5.71,6.0,152.4,0.030425963488843744,5.6,0.0,0.4900000000000002
1995-06-02,12.98,6.1,5.54,,,,,,0.5599999999999996
1995-06-05,13.45,6.08,5.54,,,,,,0.54
1995-06-06,13.0,6.08,5.57,,,,,,0.5099999999999998
1995-06-07,12.84,6.2,5.74,,,,,,0.45999999999999996
1995-06-08,12.89,6.22,5.82,,,,,,0.39999999999999947
1995-06-09,12.76,6.4,6.01,,,,,,0.39000000000000057
1995-06-12,11.91,6.37,5.96,,,,,,0.41000000000000014
1995-06-13,11.29,6.14,5.63,,,,,,0.5099999999999998
1995-06-14,11.29,6.15,5.67,,,,,,0.4800000000000004
1995-06-15,11.23,6.18,5.73,,,,,,0.4499999999999993
1995-06-16,10.75,6.21,5.77,,,,,,0.4400000000000004
1995-06-19,11.21,6.13,5.65,,,,,,0.47999999999999954
1995-06-20,11.16,6.16,5.72,,,,,,0.4400000000000004
1995-06-21,11.32,6.13,5.68,,,,,,0.4500000000000002
1995-06-22,11.44,6.04,5.61,,,,,,0.4299999999999997
1995-06-23,11.12,6.06,5.64,,,,,,0.41999999999999993
1995-06-26,11.8,6.11,5.71,,,,,,0.40000000000000036
1995-06-27,12.37,6.15,5.7,,,,,,0.4500000000000002
1995-06-28,11.74,6.1,5.67,,,,,,0.4299999999999997
1995-06-29,11.59,6.28,5.89,,,,,,0.39000000000000057
1995-06-30,11.38,6.21,5.79,,,,,,0.41999999999999993
1995-07-01,,,,5.85,152.6,0.028301886792452713,5.7,0.0,
1995-07-03,11.57,6.21,5.79,,,,,,0.41999999999999993
1995-07-04,,,,,,,,,
1995-07-05,12.1,6.19,5.78,,,,,,0.41000000000000014
1995-07-06,11.52,6.05,5.56,,,,,,0.4900000000000002
1995-07-07,11.77,6.04,5.54,,,,,,0.5
1995-07-10,12.19,6.04,5.56,,,,,,0.4800000000000004
1995-07-11,12.25,6.09,5.59,,,,,,0.5
1995-07-12,12.31,6.1,5.59,,,,,,0.5099999999999998
1995-07-13,12.56,6.09,5.61,,,,,,0.47999999999999954
1995-07-14,12.08,6.15,5.7,,,,,,0.4500000000000002
1995-07-17,12.26,6.22,5.77,,,,,,0.4500000000000002
1995-07-18,12.68,6.25,5.77,,,,,,0.4800000000000004
1995-07-19,13.49,6.43,5.89,,,,,,0.54
1995-07-20,12.78,6.43,5.91,,,,,,0.5199999999999996
1995-07-21,12.37,6.53,5.95,,,,,,0.5800000000000001
1995-07-24,12.55,6.46,5.97,,,,,,0.4900000000000002
1995-07-25,12.77,6.43,5.94,,,,,,0.4899999999999993
1995-07-26,13.18,6.48,5.97,,,,,,0.5100000000000007
1995-07-27,13.18,6.43,5.91,,,,,,0.5199999999999996
1995-07-28,13.18,6.49,5.92,,,,,,0.5700000000000003
1995-07-31,13.49,6.45,5.88,,,,,,0.5700000000000003
1995-08-01,13.56,6.5,5.94,5.74,152.9,0.026174496644295386,5.7,0.0,0.5599999999999996
1995-08-02,13.66,6.44,5.86,,,,,,0.5800000000000001
1995-08-03,13.78,6.53,5.94,,,,,,0.5899999999999999
1995-08-04,13.21,6.5,5.91,,,,,,0.5899999999999999
1995-08-07,13.1,6.48,5.9,,,,,,0.5800000000000001
1995-08-08,13.06,6.47,5.9,,,,,,0.5699999999999994
1995-08-09,12.75,6.47,5.93,,,,,,0.54
1995-08-10,13.0,6.51,5.95,,,,,,0.5599999999999996
1995-08-11,12.9,6.59,6.05,,,,,,0.54
1995-08-14,13.24,6.59,6.05,,,,,,0.54
1995-08-15,12.35,6.57,6.11,,,,,,0.45999999999999996
1995-08-16,12.45,6.54,6.07,,,,,,0.46999999999999975
1995-08-17,12.13,6.57,6.12,,,,,,0.4500000000000002
1995-08-18,12.03,6.57,6.13,,,,,,0.4400000000000004
1995-08-21,13.42,6.54,6.08,,,,,,0.45999999999999996
1995-08-22,12.6,6.57,6.1,,,,,,0.47000000000000064
1995-08-23,13.17,6.6,6.11,,,,,,0.4899999999999993
1995-08-24,12.94,6.5,6.0,,,,,,0.5
1995-08-25,12.33,6.38,5.9,,,,,,0.47999999999999954
1995-08-28,12.48,6.34,5.85,,,,,,0.4900000000000002
1995-08-29,12.65,6.36,5.93,,,,,,0.4300000000000006
1995-08-30,12.03,6.33,5.88,,,,,,0.4500000000000002
1995-08-31,11.52,6.28,5.85,,,,,,0.4300000000000006
1995-09-01,11.29,6.22,5.78,5.8,153.1,0.0254521098459477,5.6,0.0,0.4399999999999995
1995-09-04,,,,,,,,,
1995-09-05,11.65,6.18,5.77,,,,,,0.41000000000000014
1995-09-06,11.65,6.17,5.76,,,,,,0.41000000000000014
1995-09-07,11.85,6.21,5.8,,,,,,0.41000000000000014
1995-09-08,11.16,6.24,5.85,,,,,,0.39000000000000057
1995-09-11,11.51,6.24,5.83,,,,,,0.41000000000000014
1995-09-12,11.46,6.16,5.77,,,,,,0.39000000000000057
1995-09-13,11.35,6.18,5.8,,,,,,0.3799999999999999
1995-09-14,11.1,6.08,5.68,,,,,,0.40000000000000036
1995-09-15,11.58,6.11,5.71,,,,,,0.40000000000000036
1995-09-18,12.34,6.17,5.77,,,,,,0.40000000000000036
1995-09-19,12.67,6.14,5.75,,,,,,0.3899999999999997
1995-09-20,12.35,6.1,5.73,,,,,,0.3699999999999992
1995-09-21,12.5,6.21,5.83,,,,,,0.3799999999999999
1995-09-22,12.46,6.25,5.85,,,,,,0.40000000000000036
1995-09-25,13.22,6.26,5.89,,,,,,0.3700000000000001
1995-09-26,12.9,6.28,5.88,,,,,,0.40000000000000036
1995-09-27,12.9,6.3,5.92,,,,,,0.3799999999999999
1995-09-28,12.46,6.28,5.92,,,,,,0.3600000000000003
1995-09-29,12.74,6.17,5.83,,,,,,0.33999999999999986
1995-10-01,,,,5.76,153.5,0.027443105756358666,5.5,0.0,
1995-10-02,13.95,6.15,5.82,,,,,,0.33000000000000007
1995-10-03,14.5,6.13,5.8,,,,,,0.33000000000000007
1995-10-04,14.86,6.12,5.75,,,,,,0.3700000000000001
1995-10-05,15.74,6.06,5.72,,,,,,0.33999999999999986
1995-10-06,13.98,6.06,5.73,,,,,,0.3299999999999992
1995-10-09,14.85,,,,,,,,
1995-10-10,14.97,6.07,5.74,,,,,,0.33000000000000007
1995-10-11,14.57,6.09,5.75,,,,,,0.33999999999999986
1995-10-12,14.24,6.07,5.72,,,,,,0.35000000000000053
1995-10-13,13.67,5.97,5.67,,,,,,0.2999999999999998
1995-10-16,14.62,5.97,5.67,,,,,,0.2999999999999998
1995-10-17,14.03,5.97,5.65,,,,,,0.3199999999999994
1995-10-18,14.05,5.99,5.67,,,,,,0.3200000000000003
1995-10-19,13.55,5.98,5.67,,,,,,0.3100000000000005
1995-10-20,13.46,6.04,5.72,,,,,,0.3200000000000003
1995-10-23,14.17,6.07,5.76,,,,,,0.3100000000000005
1995-10-24,13.85,6.02,5.68,,,,,,0.33999999999999986
1995-10-25,14.49,6.0,5.64,,,,,,0.3600000000000003
1995-10-26,15.59,6.06,5.61,,,,,,0.4499999999999993
1995-10-27,14.63,6.05,5.64,,,,,,0.41000000000000014
1995-10-30,14.26,6.04,5.62,,,,,,0.41999999999999993
1995-10-31,13.83,6.03,5.61,,,,,,0.41999999999999993
1995-11-01,13.41,5.98,5.52,5.8,153.7,0.02603471295060067,5.6,0.0,0.46000000000000085
1995-11-02,13.19,5.92,5.46,,,,,,0.45999999999999996
1995-11-03,12.26,5.94,5.49,,,,,,0.4500000000000002
1995-11-06,12.74,5.96,5.51,,,,,,0.4500000000000002
1995-11-07,13.05,5.99,5.54,,,,,,0.4500000000000002
1995-11-08,12.16,5.92,5.47,,,,,,0.4500000000000002
1995-11-09,12.46,5.97,5.49,,,,,,0.47999999999999954
1995-11-10,12.97,6.0,5.52,,,,,,0.4800000000000004
1995-11-13,13.2,5.98,5.49,,,,,,0.4900000000000002
1995-11-14,13.38,5.97,5.47,,,,,,0.5
1995-11-15,12.95,6.0,5.53,,,,,,0.46999999999999975
1995-11-16,12.57,5.93,5.46,,,,,,0.46999999999999975
1995-11-17,12.49,5.92,5.46,,,,,,0.45999999999999996
1995-11-20,12.37,5.93,5.46,,,,,,0.46999999999999975
1995-11-21,11.74,5.92,5.49,,,,,,0.4299999999999997
1995-11-22,11.81,5.93,5.51,,,,,,0.41999999999999993
1995-11-23,,,,,,,,,
1995-11-24,11.87,5.91,5.49,,,,,,0.41999999999999993
1995-11-27,12.43,5.88,5.46,,,,,,0.41999999999999993
1995-11-28,11.57,5.88,5.45,,,,,,0.4299999999999997
1995-11-29,11.65,5.85,5.42,,,,,,0.4299999999999997
1995-11-30,11.58,5.76,5.36,,,,,,0.39999999999999947
1995-12-01,11.11,5.71,5.32,5.6,153.9,0.025316455696202667,5.6,0.0,0.3899999999999997
1995-12-04,10.66,5.63,5.27,,,,,,0.3600000000000003
1995-12-05,11.65,5.65,5.29,,,,,,0.3600000000000003
1995-12-06,12.7,5.67,5.32,,,,,,0.34999999999999964
1995-12-07,12.74,5.72,5.39,,,,,,0.33000000000000007
1995-12-08,11.12,5.73,5.39,,,,,,0.34000000000000075
1995-12-11,11.06,5.71,5.38,,,,,,0.33000000000000007
1995-12-12,10.63,5.72,5.39,,,,,,0.33000000000000007
1995-12-13,10.36,5.74,5.39,,,,,,0.35000000000000053
1995-12-14,11.07,5.74,5.38,,,,,,0.3600000000000003
1995-12-15,11.44,5.75,5.36,,,,,,0.3899999999999997
1995-12-18,14.55,5.85,5.43,,,,,,0.41999999999999993
1995-12-19,13.16,5.81,5.36,,,,,,0.4499999999999993
1995-12-20,12.2,5.76,5.33,,,,,,0.4299999999999997
1995-12-21,10.77,5.77,5.33,,,,,,0.4399999999999995
1995-12-22,11.51,5.71,5.28,,,,,,0.4299999999999997
1995-12-25,,,,,,,,,
1995-12-26,11.49,5.69,5.27,,,,,,0.4200000000000008
1995-12-27,11.98,5.66,5.23,,,,,,0.4299999999999997
1995-12-28,12.25,5.63,5.2,,,,,,0.4299999999999997
1995-12-29,12.52,5.58,5.18,,,,,,0.40000000000000036
1996-01-01,,,,5.56,154.7,0.027906976744185963,5.6,0.0,
1996-01-02,12.19,5.6,5.18,,,,,,0.41999999999999993
1996-01-03,12.1,5.58,5.17,,,,,,0.41000000000000014
1996-01-04,13.78,5.65,5.17,,,,,,0.4800000000000004
1996-01-05,13.58,5.69,5.2,,,,,,0.4900000000000002
1996-01-08,13.11,5.68,5.2,,,,,,0.47999999999999954
1996-01-09,15.21,5.7,5.18,,,,,,0.5200000000000005
1996-01-10,16.4,5.8,5.22,,,,,,0.5800000000000001
1996-01-11,14.69,5.78,5.22,,,,,,0.5600000000000005
1996-01-12,14.23,5.75,5.17,,,,,,0.5800000000000001
1996-01-15,14.99,,,,,,,,
1996-01-16,14.09,5.66,5.08,,,,,,0.5800000000000001
1996-01-17,14.25,5.58,5.05,,,,,,0.5300000000000002
1996-01-18,13.58,5.53,5.01,,,,,,0.5200000000000005
1996-01-19,12.7,5.54,5.03,,,,,,0.5099999999999998
1996-01-22,13.34,5.61,5.08,,,,,,0.5300000000000002
1996-01-23,13.56,5.66,5.09,,,,,,0.5700000000000003
1996-01-24,12.54,5.62,5.07,,,,,,0.5499999999999998
1996-01-25,12.94,5.7,5.11,,,,,,0.5899999999999999
1996-01-26,12.0,5.65,5.08,,,,,,0.5700000000000003
1996-01-29,12.19,5.69,5.1,,,,,,0.5900000000000007
1996-01-30,12.42,5.63,5.02,,,,,,0.6100000000000003
1996-01-31,12.53,5.6,4.93,,,,,,0.6699999999999999
1996-02-01,12.65,5.63,4.93,5.22,155.0,0.02717031146454607,5.5,0.0,0.7000000000000002
1996-02-02,13.23,5.66,4.9,,,,,,0.7599999999999998
1996-02-05,13.46,5.7,4.95,,,,,,0.75
1996-02-06,14.59,5.68,4.93,,,,,,0.75
1996-02-07,14.11,5.66,4.92,,,,,,0.7400000000000002
1996-02-08,13.89,5.66,4.9,,,,,,0.7599999999999998
1996-02-09,14.63,5.66,4.85,,,,,,0.8100000000000005
1996-02-12,14.69,5.61,4.83,,,,,,0.7800000000000002
1996-02-13,14.94,5.58,4.8,,,,,,0.7800000000000002
1996-02-14,15.59,5.62,4.82,,,,,,0.7999999999999998
1996-02-15,16.13,5.7,4.87,,,,,,0.8300000000000001
1996-02-16,15.37,5.76,4.9,,,,,,0.8599999999999994
1996-02-19,,,,,,,,,
1996-02-20,16.8,6.01,5.18,,,,,,0.8300000000000001
1996-02-21,14.47,5.98,5.16,,,,,,0.8200000000000003
1996-02-22,14.56,5.92,5.11,,,,,,0.8099999999999996
1996-02-23,14.78,5.97,5.13,,,,,,0.8399999999999999
1996-02-26,16.38,6.01,5.18,,,,,,0.8300000000000001
1996-02-27,16.63,6.06,5.28,,,,,,0.7799999999999994
1996-02-28,16.72,6.11,5.43,,,,,,0.6800000000000006
1996-02-29,17.04,6.13,5.44,,,,,,0.6899999999999995
1996-03-01,16.72,5.99,5.26,5.31,155.5,0.028439153439153486,5.5,0.0,0.7300000000000004
1996-03-04,16.67,5.92,5.21,,,,,,0.71
1996-03-05,16.1,5.96,5.28,,,,,,0.6799999999999997
1996-03-06,16.56,6.05,5.36,,,,,,0.6899999999999995
1996-03-07,16.49,6.07,5.4,,,,,,0.6699999999999999
1996-03-08,20.7,6.41,5.73,,,,,,0.6799999999999997
1996-03-11,19.4,6.33,5.71,,,,,,0.6200000000000001
1996-03-12,19.09,6.36,5.78,,,,,,0.5800000000000001
1996-03-13,18.13,6.35,5.73,,,,,,0.6199999999999992
1996-03-14,16.93,6.36,5.7,,,,,,0.6600000000000001
1996-03-15,16.54,6.46,5.87,,,,,,0.5899999999999999
1996-03-18,17.31,6.43,5.89,,,,,,0.54
1996-03-19,18.35,6.41,5.85,,,,,,0.5600000000000005
1996-03-20,18.66,6.34,5.76,,,,,,0.5800000000000001
1996-03-21,17.74,6.28,5.72,,,,,,0.5600000000000005
1996-03-22,17.05,6.32,5.74,,,,,,0.5800000000000001
1996-03-25,17.84,6.26,5.69,,,,,,0.5699999999999994
1996-03-26,17.8,6.25,5.72,,,,,,0.5300000000000002
1996-03-27,17.89,6.34,5.81,,,,,,0.5300000000000002
1996-03-28,18.16,6.41,5.88,,,,,,0.5300000000000002
1996-03-29,18.88,6.34,5.79,,,,,,0.5499999999999998
1996-04-01,17.9,6.31,5.79,5.22,156.1,0.02832674571805005,5.6,0.0,0.5199999999999996
1996-04-02,16.45,6.25,5.74,,,,,,0.5099999999999998
1996-04-03,16.33,6.27,5.77,,,,,,0.5
1996-04-04,16.18,6.33,5.83,,,,,,0.5
1996-04-05,,6.57,6.09,,,,,,0.4800000000000004
1996-04-08,18.72,6.63,6.11,,,,,,0.5199999999999996
1996-04-09,17.32,6.56,6.06,,,,,,0.5
1996-04-10,20.22,6.63,6.1,,,,,,0.5300000000000002
1996-04-11,19.65,6.68,6.12,,,,,,0.5599999999999996
1996-04-12,17.38,6.52,5.96,,,,,,0.5599999999999996
1996-04-15,16.83,6.47,5.93,,,,,,0.54
1996-04-16,16.45,6.48,5.91,,,,,,0.5700000000000003
1996-04-17,17.07,6.52,5.96,,,,,,0.5599999999999996
1996-04-18,16.41,6.58,6.02,,,,,,0.5600000000000005
1996-04-19,15.12,6.53,5.95,,,,,,0.5800000000000001
1996-04-22,15.38,6.48,5.92,,,,,,0.5600000000000005
1996-04-23,15.01,6.52,5.93,,,,,,0.5899999999999999
1996-04-24,14.91,6.57,5.95,,,,,,0.6200000000000001
1996-04-25,14.72,6.56,5.99,,,,,,0.5699999999999994
1996-04-26,14.75,6.54,5.92,,,,,,0.6200000000000001
1996-04-29,15.45,6.59,5.98,,,,,,0.6099999999999994
1996-04-30,15.83,6.66,6.03,,,,,,0.6299999999999999
1996-05-01,16.07,6.68,6.03,5.24,156.4,0.02827087442472065,5.6,0.0,0.6499999999999995
1996-05-02,18.62,6.85,6.16,,,,,,0.6899999999999995
1996-05-03,16.7,6.9,6.2,,,,,,0.7000000000000002
1996-05-06,16.92,6.86,6.15,,,,,,0.71
1996-05-07,16.87,6.87,6.2,,,,,,0.6699999999999999
1996-05-08,15.78,6.78,6.15,,,,,,0.6299999999999999
1996-05-09,16.99,6.84,6.14,,,,,,0.7000000000000002
1996-05-10,15.61,6.75,6.04,,,,,,0.71
1996-05-13,15.16,6.72,6.06,,,,,,0.6600000000000001
1996-05-14,14.9,6.66,6.01,,,,,,0.6500000000000004
1996-05-15,15.59,6.65,6.01,,,,,,0.6400000000000006
1996-05-16,15.71,6.7,6.08,,,,,,0.6200000000000001
1996-05-17,15.13,6.65,6.04,,,,,,0.6100000000000003
1996-05-20,15.8,6.62,6.02,,,,,,0.6000000000000005
1996-05-21,16.0,6.65,6.03,,,,,,0.6200000000000001
1996-05-22,15.5,6.63,6.03,,,,,,0.5999999999999996
1996-05-23,16.17,6.68,6.05,,,,,,0.6299999999999999
1996-05-24,15.54,6.65,6.03,,,,,,0.6200000000000001
1996-05-27,,,,,,,,,
1996-05-28,16.92,6.67,6.05,,,,,,0.6200000000000001
1996-05-29,17.15,6.77,6.16,,,,,,0.6099999999999994
1996-05-30,16.02,6.78,6.18,,,,,,0.6000000000000005
1996-05-31,16.07,6.85,6.27,,,,,,0.5800000000000001
1996-06-01,,,,5.27,156.7,0.028215223097112663,5.3,0.0,
1996-06-03,16.86,6.87,6.26,,,,,,0.6100000000000003
1996-06-04,16.18,6.86,6.24,,,,,,0.6200000000000001
1996-06-05,16.04,6.82,6.24,,,,,,0.5800000000000001
1996-06-06,16.84,6.76,6.16,,,,,,0.5999999999999996
1996-06-07,16.1,6.93,6.4,,,,,,0.5299999999999994
1996-06-10,16.78,6.97,6.4,,,,,,0.5699999999999994
1996-06-11,16.68,6.99,6.37,,,,,,0.6200000000000001
1996-06-12,17.0,7.03,6.39,,,,,,0.6400000000000006
1996-06-13,17.12,7.01,6.36,,,,,,0.6499999999999995
1996-06-14,18.64,6.95,6.29,,,,,,0.6600000000000001
1996-06-17,17.46,6.9,6.27,,,,,,0.6300000000000008
1996-06-18,17.45,6.93,6.28,,,,,,0.6499999999999995
1996-06-19,17.54,6.96,6.31,,,,,,0.6500000000000004
1996-06-20,16.97,6.98,6.38,,,,,,0.6000000000000005
1996-06-21,15.8,6.96,6.35,,,,,,0.6100000000000003
1996-06-24,15.91,6.94,6.32,,,,,,0.6200000000000001
1996-06-25,15.43,6.91,6.3,,,,,,0.6100000000000003
1996-06-26,15.23,6.91,6.3,,,,,,0.6100000000000003
1996-06-27,14.19,6.83,6.21,,,,,,0.6200000000000001
1996-06-28,13.68,6.73,6.11,,,,,,0.6200000000000001
1996-07-01,13.78,6.74,6.15,5.4,157.0,0.028833551769331667,5.5,0.0,0.5899999999999999
1996-07-02,14.19,6.8,6.22,,,,,,0.5800000000000001
1996-07-03,14.21,6.78,6.2,,,,,,0.5800000000000001
1996-07-04,,,,,,,,,
1996-07-05,16.09,7.06,6.44,,,,,,0.6199999999999992
1996-07-08,16.42,7.05,6.43,,,,,,0.6200000000000001
1996-07-09,15.49,7.0,6.41,,,,,,0.5899999999999999
1996-07-10,15.51,6.95,6.34,,,,,,0.6100000000000003
1996-07-11,17.81,6.9,6.28,,,,,,0.6200000000000001
1996-07-12,17.09,6.85,6.26,,,,,,0.5899999999999999
1996-07-15,20.11,6.89,6.32,,,,,,0.5699999999999994
1996-07-16,20.1,6.84,6.23,,,,,,0.6099999999999994
1996-07-17,19.22,6.83,6.23,,,,,,0.5999999999999996
1996-07-18,17.93,6.72,6.16,,,,,,0.5599999999999996
1996-07-19,17.26,6.78,6.18,,,,,,0.6000000000000005
1996-07-22,20.41,6.84,6.23,,,,,,0.6099999999999994
1996-07-23,21.55,6.8,6.23,,,,,,0.5699999999999994
1996-07-24,21.44,6.87,6.26,,,,,,0.6100000000000003
1996-07-25,19.39,6.87,6.28,,,,,,0.5899999999999999
1996-07-26,17.45,6.85,6.25,,,,,,0.5999999999999996
1996-07-29,20.09,6.93,6.32,,,,,,0.6099999999999994
1996-07-30,20.53,6.89,6.3,,,,,,0.5899999999999999
1996-07-31,19.46,6.8,6.22,,,,,,0.5800000000000001
1996-08-01,18.76,6.65,6.08,5.22,157.2,0.028122956180510084,5.1,0.0,0.5700000000000003
1996-08-02,16.19,6.51,5.91,,,,,,0.5999999999999996
1996-08-05,17.36,6.53,5.93,,,,,,0.6000000000000005
1996-08-06,16.93,6.54,5.93,,,,,,0.6100000000000003
1996-08-07,16.24,6.55,5.97,,,,,,0.5800000000000001
1996-08-08,16.04,6.56,5.97,,,,,,0.5899999999999999
1996-08-09,15.77,6.5,5.93,,,,,,0.5700000000000003
1996-08-12,15.57,6.49,5.92,,,,,,0.5700000000000003
1996-08-13,16.41,6.57,5.97,,,,,,0.6000000000000005
1996-08-14,15.96,6.58,5.97,,,,,,0.6100000000000003
1996-08-15,15.46,6.62,6.0,,,,,,0.6200000000000001
1996-08-16,14.81,6.56,5.95,,,,,,0.6099999999999994
1996-08-19,15.27,6.59,5.97,,,,,,0.6200000000000001
1996-08-20,14.73,6.59,5.97,,,,,,0.6200000000000001
1996-08-21,14.52,6.61,5.99,,,,,,0.6200000000000001
1996-08-22,13.71,6.62,6.0,,,,,,0.6200000000000001
1996-08-23,14.18,6.72,6.09,,,,,,0.6299999999999999
1996-08-26,15.38,6.8,6.18,,,,,,0.6200000000000001
1996-08-27,15.11,6.78,6.17,,,,,,0.6100000000000003
1996-08-28,15.1,6.79,6.17,,,,,,0.6200000000000001
1996-08-29,16.22,6.86,6.23,,,,,,0.6299999999999999
1996-08-30,17.01,6.96,6.34,,,,,,0.6200000000000001
1996-09-01,,,,5.3,157.7,0.030045721750489918,5.2,0.0,
1996-09-02,,,,,,,,,
1996-09-03,18.47,6.92,6.35,,,,,,0.5700000000000003
1996-09-04,18.64,6.94,6.38,,,,,,0.5600000000000005
1996-09-05,20.51,6.98,6.38,,,,,,0.6000000000000005
1996-09-06,17.1,6.94,6.33,,,,,,0.6100000000000003
1996-09-09,16.36,6.9,6.32,,,,,,0.5800000000000001
1996-09-10,16.25,6.94,6.34,,,,,,0.6000000000000005
1996-09-11,16.06,6.94,6.34,,,,,,0.6000000000000005
1996-09-12,15.97,6.88,6.27,,,,,,0.6100000000000003
1996-09-13,15.2,6.74,6.1,,,,,,0.6400000000000006
1996-09-16,15.43,6.73,6.14,,,,,,0.5900000000000007
1996-09-17,15.74,6.81,6.22,,,,,,0.5899999999999999
1996-09-18,15.86,6.83,6.26,,,,,,0.5700000000000003
1996-09-19,16.03,6.87,6.29,,,,,,0.5800000000000001
1996-09-20,15.65,6.85,6.26,,,,,,0.5899999999999999
1996-09-23,16.46,6.83,6.24,,,,,,0.5899999999999999
1996-09-24,16.45,6.77,6.16,,,,,,0.6099999999999994
1996-09-25,16.22,6.71,6.08,,,,,,0.6299999999999999
1996-09-26,16.11,6.66,6.05,,,,,,0.6100000000000003
1996-09-27,16.1,6.68,6.07,,,,,,0.6099999999999994
1996-09-30,16.95,6.72,6.1,,,,,,0.6200000000000001
1996-10-01,17.05,6.65,6.03,5.24,158.2,0.030618892508143203,5.2,0.0,0.6200000000000001
1996-10-02,16.78,6.61,5.98,,,,,,0.6299999999999999
1996-10-03,16.77,6.61,6.0,,,,,,0.6100000000000003
1996-10-04,14.8,6.48,5.85,,,,,,0.6300000000000008
1996-10-07,15.11,6.53,5.89,,,,,,0.6400000000000006
1996-10-08,15.58,6.53,5.9,,,,,,0.6299999999999999
1996-10-09,16.09,6.55,5.96,,,,,,0.5899999999999999
1996-10-10,16.26,6.61,6.01,,,,,,0.6000000000000005
1996-10-11,15.07,6.55,5.92,,,,,,0.6299999999999999
1996-10-14,15.13,,,,,,,,
1996-10-15,15.83,6.56,5.93,,,,,,0.6299999999999999
1996-10-16,15.6,6.57,5.94,,,,,,0.6299999999999999
1996-10-17,15.41,6.51,5.89,,,,,,0.6200000000000001
1996-10-18,15.08,6.5,5.89,,,,,,0.6100000000000003
1996-10-21,15.98,6.52,5.91,,,,,,0.6099999999999994
1996-10-22,16.4,6.56,5.95,,,,,,0.6099999999999994
1996-10-23,16.45,6.56,5.94,,,,,,0.6199999999999992
1996-10-24,16.89,6.57,5.94,,,,,,0.6299999999999999
1996-10-25,17.29,6.54,5.9,,,,,,0.6399999999999997
1996-10-28,18.34,6.56,5.92,,,,,,0.6399999999999997
1996-10-29,18.28,6.4,5.77,,,,,,0.6300000000000008
1996-10-30,18.48,6.4,5.79,,,,,,0.6100000000000003
1996-10-31,18.11,6.37,5.77,,,,,,0.6000000000000005
1996-11-01,17.89,6.38,5.79,5.31,158.7,0.03253090435914108,5.4,0.0,0.5899999999999999
1996-11-04,18.04,6.36,5.78,,,,,,0.5800000000000001
1996-11-05,17.65,6.28,5.74,,,,,,0.54
1996-11-06,16.97,6.3,5.76,,,,,,0.54
1996-11-07,17.21,6.26,5.75,,,,,,0.5099999999999998
1996-11-08,15.78,6.29,5.76,,,,,,0.5300000000000002
1996-11-11,14.04,,,,,,,,
1996-11-12,15.36,6.19,5.73,,,,,,0.45999999999999996
1996-11-13,14.89,6.2,5.71,,,,,,0.4900000000000002
1996-11-14,13.79,6.15,5.66,,,,,,0.4900000000000002
1996-11-15,14.36,6.19,5.68,,,,,,0.5100000000000007
1996-11-18,15.12,6.2,5.7,,,,,,0.5
1996-11-19,15.23,6.17,5.68,,,,,,0.4900000000000002
1996-11-20,15.94,6.14,5.65,,,,,,0.4899999999999993
1996-11-21,15.77,6.15,5.67,,,,,,0.4800000000000004
1996-11-22,14.92,6.15,5.69,,,,,,0.45999999999999996
1996-11-25,15.91,6.13,5.67,,,,,,0.45999999999999996
1996-11-26,16.97,6.13,5.66,,,,,,0.46999999999999975
1996-11-27,16.96,6.14,5.66,,,,,,0.47999999999999954
1996-11-28,,,,,,,,,
1996-11-29,17.14,6.06,5.59,,,,,,0.46999999999999975
1996-12-01,,,,5.29,159.1,0.03378817413905133,5.4,0.0,
1996-12-02,17.93,6.08,5.61,,,,,,0.46999999999999975
1996-12-03,18.68,6.06,5.61,,,,,,0.4499999999999993
1996-12-04,17.93,6.11,5.64,,,,,,0.47000000000000064
1996-12-05,18.14,6.22,5.71,,,,,,0.5099999999999998
1996-12-06,18.82,6.26,5.73,,,,,,0.5299999999999994
1996-12-09,17.75,6.21,5.7,,,,,,0.5099999999999998
1996-12-10,17.88,6.23,5.71,,,,,,0.5200000000000005
1996-12-11,19.68,6.38,5.82,,,,,,0.5599999999999996
1996-12-12,20.45,6.4,5.84,,,,,,0.5600000000000005
1996-12-13,21.09,6.33,5.77,,,,,,0.5600000000000005
1996-12-16,21.99,6.39,5.82,,,,,,0.5699999999999994
1996-12-17,20.77,6.42,5.87,,,,,,0.5499999999999998
1996-12-18,19.42,6.46,5.89,,,,,,0.5700000000000003
1996-12-19,18.77,6.36,5.83,,,,,,0.5300000000000002
1996-12-20,18.85,6.35,5.83,,,,,,0.5199999999999996
1996-12-23,19.5,6.34,5.85,,,,,,0.4900000000000002
1996-12-24,18.68,6.36,5.85,,,,,,0.5100000000000007
1996-12-25,,,,,,,,,
1996-12-26,18.59,6.35,5.85,,,,,,0.5
1996-12-27,19.13,6.3,5.81,,,,,,0.4900000000000002
1996-12-30,19.51,6.31,5.8,,,,,,0.5099999999999998
1996-12-31,20.92,6.43,5.88,,,,,,0.5499999999999998
1997-01-01,,,,5.25,159.4,0.030381383322559907,5.3,0.0,
1997-01-02,21.14,6.54,5.97,,,,,,0.5700000000000003
1997-01-03,19.13,6.52,5.95,,,,,,0.5699999999999994
1997-01-06,19.89,6.54,5.97,,,,,,0.5700000000000003
1997-01-07,19.35,6.57,5.98,,,,,,0.5899999999999999
1997-01-08,20.24,6.6,6.01,,,,,,0.5899999999999999
1997-01-09,20.91,6.52,5.94,,,,,,0.5799999999999992
1997-01-10,19.63,6.63,6.06,,,,,,0.5700000000000003
1997-01-13,19.84,6.63,6.07,,,,,,0.5599999999999996
1997-01-14,19.27,6.53,5.98,,,,,,0.5499999999999998
1997-01-15,19.4,6.53,5.98,,,,,,0.5499999999999998
1997-01-16,19.61,6.57,6.0,,,,,,0.5700000000000003
1997-01-17,18.63,6.56,6.0,,,,,,0.5599999999999996
1997-01-20,18.6,,,,,,,,
1997-01-21,17.81,6.52,5.99,,,,,,0.5299999999999994
1997-01-22,17.09,6.56,6.0,,,,,,0.5599999999999996
1997-01-23,18.47,6.6,6.06,,,,,,0.54
1997-01-24,19.33,6.64,6.07,,,,,,0.5699999999999994
1997-01-27,20.16,6.69,6.11,,,,,,0.5800000000000001
1997-01-28,20.74,6.64,6.04,,,,,,0.5999999999999996
1997-01-29,20.23,6.63,6.04,,,,,,0.5899999999999999
1997-01-30,19.47,6.61,6.01,,,,,,0.6000000000000005
1997-01-31,,6.53,5.94,,,,,,0.5899999999999999
1997-02-01,,,,5.19,159.7,0.030322580645161246,5.2,0.0,
1997-02-03,19.58,6.47,5.89,,,,,,0.5800000000000001
1997-02-04,19.43,6.45,5.88,,,,,,0.5700000000000003
1997-02-05,21.06,6.47,5.91,,,,,,0.5599999999999996
1997-02-06,20.16,6.49,5.91,,,,,,0.5800000000000001
1997-02-07,18.9,6.43,5.86,,,,,,0.5699999999999994
1997-02-10,20.65,6.43,5.87,,,,,,0.5599999999999996
1997-02-11,19.97,6.43,5.88,,,,,,0.5499999999999998
1997-02-12,19.48,6.39,5.9,,,,,,0.4899999999999993
1997-02-13,19.23,6.32,5.83,,,,,,0.4900000000000002
1997-02-14,19.18,6.28,5.79,,,,,,0.4900000000000002
1997-02-17,,,,,,,,,
1997-02-18,19.7,6.28,5.8,,,,,,0.4800000000000004
1997-02-19,20.61,6.3,5.82,,,,,,0.47999999999999954
1997-02-20,21.41,6.38,5.85,,,,,,0.5300000000000002
1997-02-21,20.55,6.36,5.85,,,,,,0.5100000000000007
1997-02-24,19.84,6.39,5.89,,,,,,0.5
1997-02-25,19.98,6.4,5.9,,,,,,0.5
1997-02-26,20.74,6.56,6.06,,,,,,0.5
1997-02-27,21.08,6.58,6.09,,,,,,0.4900000000000002
1997-02-28,21.1,6.56,6.09,,,,,,0.46999999999999975
1997-03-01,,,,5.39,159.8,0.027652733118971096,5.2,0.0,
1997-03-03,20.89,6.58,6.11,,,,,,0.46999999999999975
1997-03-04,20.62,6.6,6.11,,,,,,0.4899999999999993
1997-03-05,19.49,6.6,6.13,,,,,,0.46999999999999975
1997-03-06,20.48,6.62,6.15,,,,,,0.46999999999999975
1997-03-07,19.32,6.57,6.1,,,,,,0.47000000000000064
1997-03-10,19.0,6.56,6.1,,,,,,0.45999999999999996
1997-03-11,19.25,6.57,6.09,,,,,,0.4800000000000004
1997-03-12,19.61,6.6,6.12,,,,,,0.47999999999999954
1997-03-13,19.79,6.72,6.21,,,,,,0.5099999999999998
1997-03-14,19.81,6.71,6.18,,,,,,0.5300000000000002
1997-03-17,20.95,6.72,6.22,,,,,,0.5
1997-03-18,21.26,6.72,6.22,,,,,,0.5
1997-03-19,21.74,6.74,6.24,,,,,,0.5
1997-03-20,21.22,6.75,6.27,,,,,,0.4800000000000004
1997-03-21,19.69,6.74,6.29,,,,,,0.4500000000000002
1997-03-24,20.06,6.72,6.29,,,,,,0.4299999999999997
1997-03-25,19.26,6.75,6.33,,,,,,0.41999999999999993
1997-03-26,18.32,6.8,6.38,,,,,,0.41999999999999993
1997-03-27,20.5,6.9,6.45,,,,,,0.4500000000000002
1997-03-28,,,,,,,,,
1997-03-31,22.14,6.92,6.45,,,,,,0.46999999999999975
1997-04-01,20.84,6.9,6.42,5.51,159.9,0.02434336963484962,5.1,0.0,0.4800000000000004
1997-04-02,21.3,6.88,6.42,,,,,,0.45999999999999996
1997-04-03,21.19,6.86,6.4,,,,,,0.45999999999999996
1997-04-04,19.23,6.92,6.44,,,,,,0.47999999999999954
1997-04-07,18.51,6.87,6.41,,,,,,0.45999999999999996
1997-04-08,18.44,6.91,6.44,,,,,,0.46999999999999975
1997-04-09,18.56,6.91,6.44,,,,,,0.46999999999999975
1997-04-10,19.01,6.91,6.46,,,,,,0.4500000000000002
1997-04-11,19.76,6.98,6.53,,,,,,0.4500000000000002
1997-04-14,19.09,6.98,6.54,,,,,,0.4400000000000004
1997-04-15,18.25,6.88,6.45,,,,,,0.4299999999999997
1997-04-16,17.64,6.9,6.49,,,,,,0.41000000000000014
1997-04-17,18.71,6.86,6.44,,,,,,0.41999999999999993
1997-04-18,18.75,6.84,6.42,,,,,,0.41999999999999993
1997-04-21,20.1,6.87,6.46,,,,,,0.41000000000000014
1997-04-22,19.52,6.84,6.43,,,,,,0.41000000000000014
1997-04-23,20.48,6.89,6.47,,,,,,0.41999999999999993
1997-04-24,20.83,6.93,6.52,,,,,,0.41000000000000014
1997-04-25,21.15,6.94,6.54,,,,,,0.40000000000000036
1997-04-28,21.34,6.92,6.51,,,,,,0.41000000000000014
1997-04-29,19.81,6.77,6.34,,,,,,0.4299999999999997
1997-04-30,20.06,6.72,6.29,,,,,,0.4299999999999997
1997-05-01,19.87,6.69,6.27,5.5,159.9,0.02237851662404089,4.9,0.0,0.4200000000000008
1997-05-02,17.51,6.68,6.26,,,,,,0.41999999999999993
1997-05-05,20.13,6.67,6.28,,,,,,0.3899999999999997
1997-05-06,20.85,6.67,6.29,,,,,,0.3799999999999999
1997-05-07,21.34,6.76,6.36,,,,,,0.39999999999999947
1997-05-08,21.26,6.72,6.33,,,,,,0.3899999999999997
1997-05-09,20.11,6.67,6.24,,,,,,0.4299999999999997
1997-05-12,20.25,6.65,6.23,,,,,,0.41999999999999993
1997-05-13,20.81,6.71,6.3,,,,,,0.41000000000000014
1997-05-14,21.09,6.68,6.26,,,,,,0.41999999999999993
1997-05-15,19.91,6.67,6.25,,,,,,0.41999999999999993
1997-05-16,21.57,6.7,6.28,,,,,,0.41999999999999993
1997-05-19,21.48,6.71,6.28,,,,,,0.4299999999999997
1997-05-20,19.26,6.7,6.25,,,,,,0.4500000000000002
1997-05-21,19.28,6.74,6.25,,,,,,0.4900000000000002
1997-05-22,18.77,6.76,6.27,,,,,,0.4900000000000002
1997-05-23,18.08,6.74,6.25,,,,,,0.4900000000000002
1997-05-26,,,,,,,,,
1997-05-27,19.36,6.79,6.3,,,,,,0.4900000000000002
1997-05-28,19.28,6.8,6.34,,,,,,0.45999999999999996
1997-05-29,19.02,6.75,6.3,,,,,,0.4500000000000002
1997-05-30,19.19,6.67,6.22,,,,,,0.4500000000000002
1997-06-01,,,,5.56,160.2,0.02233567326100827,5.0,0.0,
1997-06-02,20.85,6.66,6.23,,,,,,0.4299999999999997
1997-06-03,20.01,6.63,6.2,,,,,,0.4299999999999997
1997-06-04,20.1,6.62,6.2,,,,,,0.41999999999999993
1997-06-05,20.36,6.62,6.2,,,,,,0.41999999999999993
1997-06-06,18.94,6.51,6.12,,,,,,0.3899999999999997
1997-06-09,19.46,6.55,6.15,,,,,,0.39999999999999947
1997-06-10,19.04,6.57,6.17,,,,,,0.40000000000000036
1997-06-11,18.85,6.56,6.19,,,,,,0.3699999999999992
1997-06-12,18.51,6.48,6.07,,,,,,0.41000000000000014
1997-06-13,19.27,6.43,6.03,,,,,,0.39999999999999947
1997-06-16,19.77,6.4,6.02,,,,,,0.3800000000000008
1997-06-17,20.17,6.43,6.05,,,,,,0.3799999999999999
1997-06-18,20.45,6.4,6.02,,,,,,0.3800000000000008
1997-06-19,20.1,6.4,6.04,,,,,,0.3600000000000003
1997-06-20,20.2,6.37,6.02,,,,,,0.35000000000000053
1997-06-23,21.19,6.4,6.04,,,,,,0.3600000000000003
1997-06-24,20.74,6.42,6.03,,,,,,0.3899999999999997
1997-06-25,21.5,6.45,6.05,,,,,,0.40000000000000036
1997-06-26,21.82,6.5,6.05,,,,,,0.4500000000000002
1997-06-27,21.22,6.46,6.03,,,,,,0.4299999999999997
1997-06-30,21.53,6.51,6.08,,,,,,0.4299999999999997
1997-07-01,21.0,6.45,6.02,5.52,160.4,0.021656050955414008,4.9,0.0,0.4300000000000006
1997-07-02,19.7,6.42,6.02,,,,,,0.40000000000000036
1997-07-03,17.82,6.31,5.93,,,,,,0.3799999999999999
1997-07-04,,,,,,,,,
1997-07-07,19.13,6.27,5.92,,,,,,0.34999999999999964
1997-07-08,18.76,6.27,5.92,,,,,,0.34999999999999964
1997-07-09,20.4,6.25,5.9,,,,,,0.34999999999999964
1997-07-10,19.92,6.26,5.91,,,,,,0.34999999999999964
1997-07-11,19.06,6.23,5.89,,,,,,0.34000000000000075
1997-07-14,19.58,6.26,5.94,,,,,,0.3199999999999994
1997-07-15,19.0,6.26,5.92,,,,,,0.33999999999999986
1997-07-16,19.36,6.2,5.87,,,,,,0.33000000000000007
1997-07-17,20.54,6.19,5.87,,,,,,0.3200000000000003
1997-07-18,22.28,6.24,5.91,,,,,,0.33000000000000007
1997-07-21,23.51,6.27,5.94,,,,,,0.3299999999999992
1997-07-22,21.77,6.15,5.9,,,,,,0.25
1997-07-23,21.3,6.14,5.85,,,,,,0.29000000000000004
1997-07-24,20.96,6.16,5.87,,,,,,0.29000000000000004
1997-07-25,20.82,6.18,5.87,,,,,,0.3099999999999996
1997-07-28,21.84,6.16,5.86,,,,,,0.2999999999999998
1997-07-29,22.02,6.11,5.79,,,,,,0.3200000000000003
1997-07-30,21.39,6.05,5.76,,,,,,0.29000000000000004
1997-07-31,21.48,6.02,5.74,,,,,,0.27999999999999936
1997-08-01,22.29,6.2,5.89,5.54,160.8,0.022900763358778775,4.8,0.0,0.3100000000000005
1997-08-04,21.94,6.23,5.91,,,,,,0.3200000000000003
1997-08-05,20.64,6.23,5.93,,,,,,0.3000000000000007
1997-08-06,20.05,6.21,5.91,,,,,,0.2999999999999998
1997-08-07,19.77,6.24,5.93,,,,,,0.3100000000000005
1997-08-08,22.46,6.38,6.02,,,,,,0.3600000000000003
1997-08-11,22.77,6.36,5.99,,,,,,0.3700000000000001
1997-08-12,23.75,6.39,6.0,,,,,,0.3899999999999997
1997-08-13,24.52,6.36,5.95,,,,,,0.41000000000000014
1997-08-14,23.11,6.27,5.92,,,,,,0.34999999999999964
1997-08-15,24.45,6.27,5.87,,,,,,0.39999999999999947
1997-08-18,24.37,6.21,5.82,,,,,,0.3899999999999997
1997-08-19,22.64,6.21,5.85,,,,,,0.3600000000000003
1997-08-20,21.09,6.24,5.88,,,,,,0.3600000000000003
1997-08-21,23.83,6.3,5.95,,,,,,0.34999999999999964
1997-08-22,24.74,6.38,5.98,,,,,,0.39999999999999947
1997-08-25,24.1,6.39,6.01,,,,,,0.3799999999999999
1997-08-26,24.73,6.38,5.99,,,,,,0.3899999999999997
1997-08-27,24.26,6.38,6.01,,,,,,0.3700000000000001
1997-08-28,24.51,6.3,5.94,,,,,,0.35999999999999943
1997-08-29,24.76,6.34,5.97,,,,,,0.3700000000000001
1997-09-01,,,,5.54,161.2,0.0221940393151554,4.9,0.0,
1997-09-02,24.53,6.31,5.94,,,,,,0.3699999999999992
1997-09-03,24.95,6.33,5.96,,,,,,0.3700000000000001
1997-09-04,25.27,6.33,5.98,,,,,,0.34999999999999964
1997-09-05,24.31,6.37,5.98,,,,,,0.3899999999999997
1997-09-08,24.4,6.33,5.98,,,,,,0.34999999999999964
1997-09-09,23.89,6.34,5.98,,,,,,0.35999999999999943
1997-09-10,24.64,6.37,6.0,,,,,,0.3700000000000001
1997-09-11,25.99,6.39,6.0,,,,,,0.3899999999999997
1997-09-12,25.17,6.29,5.93,,,,,,0.3600000000000003
1997-09-15,25.74,6.28,5.93,,,,,,0.35000000000000053
1997-09-16,23.77,6.11,5.81,,,,,,0.3000000000000007
1997-09-17,24.1,6.1,5.79,,,,,,0.3099999999999996
1997-09-18,23.48,6.11,5.81,,,,,,0.3000000000000007
1997-09-19,22.74,6.09,5.81,,,,,,0.28000000000000025
1997-09-22,22.08,6.06,5.79,,,,,,0.2699999999999996
1997-09-23,22.0,6.1,5.8,,,,,,0.2999999999999998
1997-09-24,22.64,6.04,5.78,,,,,,0.2599999999999998
1997-09-25,22.96,6.13,5.85,,,,,,0.28000000000000025
1997-09-26,22.26,6.08,5.8,,,,,,0.28000000000000025
1997-09-29,22.23,6.1,5.8,,,,,,0.2999999999999998
1997-09-30,22.91,6.12,5.8,,,,,,0.3200000000000003
1997-10-01,22.32,6.04,5.75,5.5,161.5,0.020859671302149163,4.7,0.0,0.29000000000000004
1997-10-02,22.27,6.01,5.73,,,,,,0.27999999999999936
1997-10-03,21.54,6.01,5.72,,,,,,0.29000000000000004
1997-10-06,21.61,5.96,5.68,,,,,,0.28000000000000025
1997-10-07,20.29,5.94,5.67,,,,,,0.27000000000000046
1997-10-08,20.77,6.08,5.79,,,,,,0.29000000000000004
1997-10-09,22.31,6.09,5.8,,,,,,0.29000000000000004
1997-10-10,19.75,6.15,5.86,,,,,,0.29000000000000004
1997-10-13,20.26,,,,,,,,
1997-10-14,19.99,6.07,5.81,,,,,,0.2600000000000007
1997-10-15,20.05,6.1,5.84,,,,,,0.2599999999999998
1997-10-16,20.53,6.09,5.84,,,,,,0.25
1997-10-17,21.69,6.17,5.91,,,,,,0.2599999999999998
1997-10-20,20.72,6.15,5.9,,,,,,0.25
1997-10-21,19.53,6.14,5.92,,,,,,0.21999999999999975
1997-10-22,19.86,6.12,5.91,,,,,,0.20999999999999996
1997-10-23,22.99,6.04,5.79,,,,,,0.25
1997-10-24,23.17,6.01,5.79,,,,,,0.21999999999999975
1997-10-27,31.12,5.91,5.62,,,,,,0.29000000000000004
1997-10-28,31.22,5.98,5.74,,,,,,0.2400000000000002
1997-10-29,33.75,5.91,5.67,,,,,,0.2400000000000002
1997-10-30,38.2,5.84,5.61,,,,,,0.22999999999999954
1997-10-31,35.09,5.84,5.63,,,,,,0.20999999999999996
1997-11-01,,,,5.52,161.7,0.018903591682419618,4.6,0.0,
1997-11-03,32.09,5.91,5.69,,,,,,0.21999999999999975
1997-11-04,32.24,5.95,5.73,,,,,,0.21999999999999975
1997-11-05,32.18,5.95,5.73,,,,,,0.21999999999999975
1997-11-06,32.57,5.9,5.7,,,,,,0.20000000000000018
1997-11-07,36.27,5.9,5.71,,,,,,0.1900000000000004
1997-11-10,36.63,5.91,5.73,,,,,,0.17999999999999972
1997-11-11,36.38,,,,,,,,
1997-11-12,37.84,5.89,5.7,,,,,,0.1899999999999995
1997-11-13,36.64,5.87,5.7,,,,,,0.16999999999999993
1997-11-14,33.66,5.86,5.7,,,,,,0.16000000000000014
1997-11-17,31.58,5.85,5.7,,,,,,0.14999999999999947
1997-11-18,31.55,5.85,5.71,,,,,,0.13999999999999968
1997-11-19,29.93,5.82,5.7,,,,,,0.1200000000000001
1997-11-20,27.32,5.84,5.73,,,,,,0.10999999999999943
1997-11-21,26.65,5.82,5.68,,,,,,0.14000000000000057
1997-11-24,29.8,5.86,5.71,,,,,,0.15000000000000036
1997-11-25,28.95,5.85,5.71,,,,,,0.13999999999999968
1997-11-26,,5.86,5.74,,,,,,0.1200000000000001
1997-11-27,,,,,,,,,
1997-11-28,27.43,5.86,5.76,,,,,,0.10000000000000053
1997-12-01,26.01,5.86,5.78,5.5,161.8,0.016970458830924073,4.7,0.0,0.08000000000000007
1997-12-02,25.66,5.86,5.78,,,,,,0.08000000000000007
1997-12-03,23.92,5.83,5.74,,,,,,0.08999999999999986
1997-12-04,23.84,5.84,5.71,,,,,,0.1299999999999999
1997-12-05,22.65,5.92,5.8,,,,,,0.1200000000000001
1997-12-08,23.22,5.96,5.85,,,,,,0.11000000000000032
1997-12-09,23.36,5.95,5.81,,,,,,0.14000000000000057
1997-12-10,24.55,5.9,5.75,,,,,,0.15000000000000036
1997-12-11,27.63,5.82,5.68,,,,,,0.14000000000000057
1997-12-12,27.92,5.74,5.63,,,,,,0.11000000000000032
1997-12-15,27.37,5.78,5.68,,,,,,0.10000000000000053
1997-12-16,26.11,5.77,5.68,,,,,,0.08999999999999986
1997-12-17,26.33,5.81,5.7,,,,,,0.10999999999999943
1997-12-18,27.19,5.76,5.68,,,,,,0.08000000000000007
1997-12-19,29.18,5.72,5.66,,,,,,0.05999999999999961
1997-12-22,28.56,5.72,5.69,,,,,,0.02999999999999936
1997-12-23,29.86,5.73,5.69,,,,,,0.040000000000000036
1997-12-24,30.27,5.76,5.67,,,,,,0.08999999999999986
1997-12-25,,,,,,,,,
1997-12-26,29.27,5.75,5.69,,,,,,0.05999999999999961
1997-12-29,26.79,5.76,5.69,,,,,,0.0699999999999994
1997-12-30,24.38,5.8,5.71,,,,,,0.08999999999999986
1997-12-31,24.01,5.75,5.66,,,,,,0.08999999999999986
1998-01-01,,,,5.56,162.0,0.016311166875784044,4.6,0.0,
1998-01-02,23.42,5.67,5.59,,,,,,0.08000000000000007
1998-01-05,24.36,5.52,5.47,,,,,,0.04999999999999982
1998-01-06,25.66,5.49,5.39,,,,,,0.10000000000000053
1998-01-07,25.07,5.55,5.42,,,,,,0.1299999999999999
1998-01-08,26.01,5.49,5.31,,,,,,0.1800000000000006
1998-01-09,28.69,5.4,5.17,,,,,,0.23000000000000043
1998-01-12,28.02,5.39,5.2,,,,,,0.1899999999999995
1998-01-13,25.17,5.41,5.25,,,,,,0.16000000000000014
1998-01-14,23.75,5.45,5.29,,,,,,0.16000000000000014
1998-01-15,23.45,5.48,5.29,,,,,,0.1900000000000004
1998-01-16,21.65,5.54,5.35,,,,,,0.1900000000000004
1998-01-19,,,,,,,,,
1998-01-20,21.65,5.57,5.37,,,,,,0.20000000000000018
1998-01-21,22.53,5.54,5.33,,,,,,0.20999999999999996
1998-01-22,23.16,5.56,5.3,,,,,,0.2599999999999998
1998-01-23,23.32,5.7,5.42,,,,,,0.28000000000000025
1998-01-26,23.97,5.63,5.39,,,,,,0.2400000000000002
1998-01-27,22.27,5.7,5.46,,,,,,0.2400000000000002
1998-01-28,22.06,5.69,5.46,,,,,,0.23000000000000043
1998-01-29,21.65,5.58,5.36,,,,,,0.21999999999999975
1998-01-30,21.47,5.53,5.32,,,,,,0.20999999999999996
1998-02-01,,,,5.51,162.0,0.01440200375704448,4.6,0.0,
1998-02-02,21.36,5.57,5.36,,,,,,0.20999999999999996
1998-02-03,20.67,5.56,5.34,,,,,,0.21999999999999975
1998-02-04,20.55,5.57,5.32,,,,,,0.25
1998-02-05,21.29,5.62,5.36,,,,,,0.2599999999999998
1998-02-06,20.51,5.62,5.38,,,,,,0.2400000000000002
1998-02-09,21.55,5.65,5.41,,,,,,0.2400000000000002
1998-02-10,20.66,5.64,5.41,,,,,,0.22999999999999954
1998-02-11,20.38,5.53,5.39,,,,,,0.14000000000000057
1998-02-12,19.73,5.52,5.39,,,,,,0.1299999999999999
1998-02-13,19.84,5.49,5.36,,,,,,0.1299999999999999
1998-02-16,,,,,,,,,
1998-02-17,20.76,5.44,5.34,,,,,,0.10000000000000053
1998-02-18,19.66,5.49,5.37,,,,,,0.1200000000000001
1998-02-19,19.88,5.51,5.39,,,,,,0.1200000000000001
1998-02-20,19.0,5.54,5.41,,,,,,0.1299999999999999
1998-02-23,18.99,5.58,5.46,,,,,,0.1200000000000001
1998-02-24,19.35,5.69,5.57,,,,,,0.1200000000000001
1998-02-25,18.62,5.63,5.55,,,,,,0.08000000000000007
1998-02-26,18.63,5.65,5.58,,,,,,0.07000000000000028
1998-02-27,18.55,5.62,5.55,,,,,,0.07000000000000028
1998-03-01,,,,5.49,162.0,0.013767209011263937,4.7,0.0,
1998-03-02,19.19,5.72,5.6,,,,,,0.1200000000000001
1998-03-03,19.04,5.77,5.64,,,,,,0.1299999999999999
1998-03-04,19.58,5.76,5.63,,,,,,0.1299999999999999
1998-03-05,20.93,5.78,5.62,,,,,,0.16000000000000014
1998-03-06,19.14,5.73,5.58,,,,,,0.15000000000000036
1998-03-09,20.23,5.67,5.57,,,,,,0.09999999999999964
1998-03-10,19.43,5.67,5.55,,,,,,0.1200000000000001
1998-03-11,18.89,5.63,5.53,,,,,,0.09999999999999964
1998-03-12,18.25,5.56,5.5,,,,,,0.05999999999999961
1998-03-13,18.71,5.58,5.5,,,,,,0.08000000000000007
1998-03-16,18.51,5.54,5.47,,,,,,0.07000000000000028
1998-03-17,18.66,5.56,5.5,,,,,,0.05999999999999961
1998-03-18,18.29,5.58,5.52,,,,,,0.0600000000000005
1998-03-19,17.76,5.58,5.52,,,,,,0.0600000000000005
1998-03-20,18.69,5.57,5.52,,,,,,0.05000000000000071
1998-03-23,19.98,5.57,5.52,,,,,,0.05000000000000071
1998-03-24,20.51,5.58,5.5,,,,,,0.08000000000000007
1998-03-25,22.54,5.64,5.58,,,,,,0.05999999999999961
1998-03-26,22.81,5.68,5.62,,,,,,0.05999999999999961
1998-03-27,23.47,5.68,5.63,,,,,,0.04999999999999982
1998-03-30,24.66,5.72,5.65,,,,,,0.0699999999999994
1998-03-31,24.22,5.67,5.6,,,,,,0.07000000000000028
1998-04-01,23.37,5.62,5.55,5.45,162.2,0.014383989993745905,4.3,0.0,0.07000000000000028
1998-04-02,21.98,5.56,5.52,,,,,,0.040000000000000036
1998-04-03,21.82,5.47,5.42,,,,,,0.04999999999999982
1998-04-06,22.47,5.51,5.45,,,,,,0.05999999999999961
1998-04-07,23.66,5.53,5.45,,,,,,0.08000000000000007
1998-04-08,23.17,5.58,5.49,,,,,,0.08999999999999986
1998-04-09,21.51,5.59,5.5,,,,,,0.08999999999999986
1998-04-10,,,,,,,,,
1998-04-13,22.77,5.66,5.59,,,,,,0.07000000000000028
1998-04-14,21.61,5.63,5.57,,,,,,0.05999999999999961
1998-04-15,20.89,5.6,5.55,,,,,,0.04999999999999982
1998-04-16,22.06,5.59,5.53,,,,,,0.05999999999999961
1998-04-17,20.76,5.59,5.54,,,,,,0.04999999999999982
1998-04-20,20.39,5.65,5.57,,,,,,0.08000000000000007
1998-04-21,19.91,5.68,5.6,,,,,,0.08000000000000007
1998-04-22,19.44,5.68,5.6,,,,,,0.08000000000000007
1998-04-23,20.6,5.69,5.61,,,,,,0.08000000000000007
1998-04-24,21.97,5.67,5.61,,,,,,0.05999999999999961
1998-04-27,26.09,5.8,5.71,,,,,,0.08999999999999986
1998-04-28,24.17,5.8,5.69,,,,,,0.10999999999999943
1998-04-29,22.78,5.81,5.71,,,,,,0.09999999999999964
1998-04-30,21.18,5.68,5.59,,,,,,0.08999999999999986
1998-05-01,19.34,5.67,5.59,5.49,162.6,0.016885553470919357,4.4,0.0,0.08000000000000007
1998-05-04,20.32,5.67,5.59,,,,,,0.08000000000000007
1998-05-05,21.46,5.7,5.61,,,,,,0.08999999999999986
1998-05-06,22.79,5.67,5.56,,,,,,0.11000000000000032
1998-05-07,23.39,5.67,5.56,,,,,,0.11000000000000032
1998-05-08,20.57,5.71,5.61,,,,,,0.09999999999999964
1998-05-11,21.05,5.79,5.66,,,,,,0.1299999999999999
1998-05-12,20.98,5.7,5.59,,,,,,0.11000000000000032
1998-05-13,20.44,5.64,5.59,,,,,,0.04999999999999982
1998-05-14,19.64,5.67,5.63,,,,,,0.040000000000000036
1998-05-15,20.44,5.68,5.63,,,,,,0.04999999999999982
1998-05-18,21.69,5.64,5.59,,,,,,0.04999999999999982
1998-05-19,20.39,5.65,5.59,,,,,,0.0600000000000005
1998-05-20,19.89,5.61,5.57,,,,,,0.040000000000000036
1998-05-21,19.38,5.65,5.63,,,,,,0.020000000000000462
1998-05-22,18.99,5.64,5.63,,,,,,0.009999999999999787
1998-05-25,,,,,,,,,
1998-05-26,22.07,5.59,5.61,,,,,,-0.020000000000000462
1998-05-27,22.59,5.56,5.53,,,,,,0.02999999999999936
1998-05-28,20.74,5.58,5.57,,,,,,0.009999999999999787
1998-05-29,21.32,5.56,5.53,,,,,,0.02999999999999936
1998-06-01,22.83,5.53,5.52,5.56,162.8,0.01622971285892638,4.5,0.0,0.010000000000000675
1998-06-02,22.0,5.56,5.53,,,,,,0.02999999999999936
1998-06-03,22.85,5.57,5.55,,,,,,0.020000000000000462
1998-06-04,21.22,5.59,5.58,,,,,,0.009999999999999787
1998-06-05,19.78,5.58,5.58,,,,,,0.0
1998-06-08,20.58,5.58,5.58,,,,,,0.0
1998-06-09,20.52,5.59,5.6,,,,,,-0.009999999999999787
1998-06-10,21.48,5.51,5.55,,,,,,-0.040000000000000036
1998-06-11,23.57,5.44,5.45,,,,,,-0.009999999999999787
1998-06-12,22.78,5.43,5.43,,,,,,0.0
1998-06-15,25.94,5.38,5.43,,,,,,-0.04999999999999982
1998-06-16,24.8,5.45,5.5,,,,,,-0.04999999999999982
1998-06-17,22.89,5.54,5.55,,,,,,-0.009999999999999787
1998-06-18,22.4,5.5,5.53,,,,,,-0.03000000000000025
1998-06-19,21.92,5.47,5.52,,,,,,-0.04999999999999982
1998-06-22,21.94,5.46,5.52,,,,,,-0.05999999999999961
1998-06-23,20.17,5.45,5.49,,,,,,-0.040000000000000036
1998-06-24,20.02,5.46,5.49,,,,,,-0.03000000000000025
1998-06-25,20.25,5.46,5.53,,,,,,-0.07000000000000028
1998-06-26,19.36,5.46,5.51,,,,,,-0.04999999999999982
1998-06-29,19.57,5.47,5.51,,,,,,-0.040000000000000036
1998-06-30,19.71,5.44,5.49,,,,,,-0.04999999999999982
1998-07-01,18.0,5.44,5.46,5.54,163.2,0.0174563591022443,4.5,0.0,-0.019999999999999574
1998-07-02,17.67,5.42,5.44,,,,,,-0.020000000000000462
1998-07-03,,,,,,,,,
1998-07-06,18.63,5.39,5.43,,,,,,-0.040000000000000036
1998-07-07,18.62,5.42,5.44,,,,,,-0.020000000000000462
1998-07-08,17.82,5.43,5.44,,,,,,-0.010000000000000675
1998-07-09,18.16,5.41,5.43,,,,,,-0.019999999999999574
1998-07-10,17.92,5.42,5.41,,,,,,0.009999999999999787
1998-07-13,18.26,5.46,5.44,,,,,,0.019999999999999574
1998-07-14,17.88,5.49,5.46,,,,,,0.03000000000000025
1998-07-15,17.89,5.48,5.46,,,,,,0.020000000000000462
1998-07-16,16.97,5.5,5.46,,,,,,0.040000000000000036
1998-07-17,16.23,5.51,5.46,,,,,,0.04999999999999982
1998-07-20,17.34,5.48,5.46,,,,,,0.020000000000000462
1998-07-21,20.1,5.45,5.46,,,,,,-0.009999999999999787
1998-07-22,20.32,5.46,5.48,,,,,,-0.020000000000000462
1998-07-23,23.01,5.45,5.46,,,,,,-0.009999999999999787
1998-07-24,23.01,5.45,5.48,,,,,,-0.03000000000000025
1998-07-27,23.13,5.47,5.48,,,,,,-0.010000000000000675
1998-07-28,25.25,5.5,5.46,,,,,,0.040000000000000036
1998-07-29,24.79,5.52,5.49,,,,,,0.02999999999999936
1998-07-30,22.66,5.5,5.49,,,,,,0.009999999999999787
1998-07-31,24.8,5.5,5.49,,,,,,0.009999999999999787
1998-08-01,,,,5.55,163.4,0.016169154228855787,4.5,0.0,
1998-08-03,25.98,5.46,5.46,,,,,,0.0
1998-08-04,31.06,5.43,5.43,,,,,,0.0
1998-08-05,29.83,5.43,5.39,,,,,,0.040000000000000036
1998-08-06,28.2,5.44,5.39,,,,,,0.05000000000000071
1998-08-07,27.02,5.4,5.34,,,,,,0.0600000000000005
1998-08-10,28.75,5.41,5.34,,,,,,0.07000000000000028
1998-08-11,31.91,5.37,5.31,,,,,,0.0600000000000005
1998-08-12,28.55,5.4,5.32,,,,,,0.08000000000000007
1998-08-13,29.92,5.44,5.37,,,,,,0.07000000000000028
1998-08-14,34.34,5.4,5.34,,,,,,0.0600000000000005
1998-08-17,31.86,5.4,5.34,,,,,,0.0600000000000005
1998-08-18,28.4,5.41,5.36,,,,,,0.04999999999999982
1998-08-19,28.69,5.42,5.34,,,,,,0.08000000000000007
1998-08-20,30.0,5.38,5.32,,,,,,0.05999999999999961
1998-08-21,33.14,5.32,5.25,,,,,,0.07000000000000028
1998-08-24,31.8,5.3,5.22,,,,,,0.08000000000000007
1998-08-25,30.33,5.25,5.18,,,,,,0.07000000000000028
1998-08-26,31.14,5.26,5.12,,,,,,0.13999999999999968
1998-08-27,38.55,5.12,4.98,,,,,,0.13999999999999968
1998-08-28,39.6,5.09,4.93,,,,,,0.16000000000000014
1998-08-31,44.28,5.05,4.91,,,,,,0.13999999999999968
1998-09-01,36.48,5.05,4.86,5.51,163.5,0.014267990074441794,4.6,0.0,0.1899999999999995
1998-09-02,36.76,5.1,4.96,,,,,,0.13999999999999968
1998-09-03,41.43,5.03,4.91,,,,,,0.1200000000000001
1998-09-04,43.31,5.02,4.91,,,,,,0.10999999999999943
1998-09-07,,,,,,,,,
1998-09-08,37.9,5.04,4.91,,,,,,0.1299999999999999
1998-09-09,39.66,4.95,4.79,,,,,,0.16000000000000014
1998-09-10,45.29,4.76,4.57,,,,,,0.1899999999999995
1998-09-11,43.74,4.85,4.68,,,,,,0.16999999999999993
1998-09-14,38.57,4.87,4.72,,,,,,0.15000000000000036
1998-09-15,36.58,4.9,4.73,,,,,,0.16999999999999993
1998-09-16,35.94,4.88,4.75,,,,,,0.1299999999999999
1998-09-17,39.23,4.8,4.7,,,,,,0.09999999999999964
1998-09-18,38.63,4.7,4.61,,,,,,0.08999999999999986
1998-09-21,38.58,4.69,4.63,,,,,,0.0600000000000005
1998-09-22,36.62,4.73,4.66,,,,,,0.07000000000000028
1998-09-23,32.47,4.69,4.52,,,,,,0.17000000000000082
1998-09-24,34.66,4.64,4.43,,,,,,0.20999999999999996
1998-09-25,34.55,4.6,4.43,,,,,,0.16999999999999993
1998-09-28,34.87,4.61,4.45,,,,,,0.16000000000000014
1998-09-29,36.08,4.59,4.47,,,,,,0.1200000000000001
1998-09-30,40.95,4.44,4.3,,,,,,0.14000000000000057
1998-10-01,43.48,4.33,4.17,5.07,163.9,0.014860681114551078,4.5,0.0,0.16000000000000014
1998-10-02,40.47,4.31,4.17,,,,,,0.13999999999999968
1998-10-05,42.81,4.16,4.04,,,,,,0.1200000000000001
1998-10-06,41.2,4.24,4.1,,,,,,0.14000000000000057
1998-10-07,43.51,4.34,4.12,,,,,,0.21999999999999975
1998-10-08,45.74,4.56,4.1,,,,,,0.45999999999999996
1998-10-09,42.2,4.77,4.19,,,,,,0.5799999999999992
1998-10-12,40.07,,,,,,,,
1998-10-13,40.23,4.73,4.13,,,,,,0.6000000000000005
1998-10-14,38.96,4.58,4.08,,,,,,0.5
1998-10-15,33.34,4.58,4.13,,,,,,0.4500000000000002
1998-10-16,34.82,4.44,3.86,,,,,,0.5800000000000005
1998-10-19,33.13,4.47,3.9,,,,,,0.5699999999999998
1998-10-20,33.11,4.57,3.98,,,,,,0.5900000000000003
1998-10-21,33.21,4.59,4.12,,,,,,0.46999999999999975
1998-10-22,31.53,4.62,4.16,,,,,,0.45999999999999996
1998-10-23,32.27,4.7,4.2,,,,,,0.5
1998-10-26,32.38,4.73,4.23,,,,,,0.5
1998-10-27,32.95,4.63,4.12,,,,,,0.5099999999999998
1998-10-28,32.42,4.6,4.01,,,,,,0.5899999999999999
1998-10-29,29.5,4.54,4.0,,,,,,0.54
1998-10-30,28.05,4.64,4.12,,,,,,0.5199999999999996
1998-11-01,,,,4.83,164.1,0.014842300556586308,4.4,0.0,
1998-11-02,27.26,4.77,4.26,,,,,,0.5099999999999998
1998-11-03,27.76,4.78,4.25,,,,,,0.5300000000000002
1998-11-04,27.37,4.83,4.43,,,,,,0.40000000000000036
1998-11-05,26.01,4.82,4.47,,,,,,0.35000000000000053
1998-11-06,25.7,4.93,4.59,,,,,,0.33999999999999986
1998-11-09,28.09,4.88,4.57,,,,,,0.3099999999999996
1998-11-10,28.17,4.81,4.5,,,,,,0.3099999999999996
1998-11-11,28.47,,,,,,,,
1998-11-12,29.28,4.77,4.47,,,,,,0.2999999999999998
1998-11-13,29.03,4.82,4.54,,,,,,0.28000000000000025
1998-11-16,28.9,4.85,4.56,,,,,,0.29000000000000004
1998-11-17,27.95,4.87,4.58,,,,,,0.29000000000000004
1998-11-18,27.13,4.85,4.63,,,,,,0.21999999999999975
1998-11-19,25.5,4.85,4.66,,,,,,0.1899999999999995
1998-11-20,22.47,4.82,4.66,,,,,,0.16000000000000014
1998-11-23,21.84,4.84,4.63,,,,,,0.20999999999999996
1998-11-24,23.28,4.85,4.64,,,,,,0.20999999999999996
1998-11-25,22.15,4.83,4.66,,,,,,0.16999999999999993
1998-11-26,,,,,,,,,
1998-11-27,22.09,4.81,4.62,,,,,,0.1899999999999995
1998-11-30,26.01,4.74,4.54,,,,,,0.20000000000000018
1998-12-01,24.97,4.67,4.44,4.68,164.4,0.01606922126081578,4.4,0.0,0.22999999999999954
1998-12-02,25.43,4.59,4.36,,,,,,0.22999999999999954
1998-12-03,28.7,4.58,4.36,,,,,,0.21999999999999975
1998-12-04,25.31,4.62,4.46,,,,,,0.16000000000000014
1998-12-07,24.9,4.69,4.54,,,,,,0.15000000000000036
1998-12-08,25.58,4.6,4.46,,,,,,0.13999999999999968
1998-12-09,25.66,4.56,4.42,,,,,,0.13999999999999968
1998-12-10,26.81,4.53,4.39,,,,,,0.14000000000000057
1998-12-11,27.72,4.61,4.46,,,,,,0.15000000000000036
1998-12-14,31.31,4.58,4.42,,,,,,0.16000000000000014
1998-12-15,29.42,4.62,4.47,,,,,,0.15000000000000036
1998-12-16,29.96,4.58,4.4,,,,,,0.17999999999999972
1998-12-17,27.96,4.58,4.42,,,,,,0.16000000000000014
1998-12-18,25.04,4.58,4.45,,,,,,0.1299999999999999
1998-12-21,23.86,4.64,4.56,,,,,,0.08000000000000007
1998-12-22,22.78,4.7,4.59,,,,,,0.11000000000000032
1998-12-23,20.21,4.81,4.73,,,,,,0.07999999999999918
1998-12-24,21.48,4.86,4.78,,,,,,0.08000000000000007
1998-12-25,,,,,,,,,
1998-12-28,23.5,4.78,4.73,,,,,,0.04999999999999982
1998-12-29,22.18,4.71,4.6,,,,,,0.11000000000000032
1998-12-30,23.34,4.65,4.56,,,,,,0.09000000000000075
1998-12-31,24.42,4.65,4.54,,,,,,0.11000000000000032
1999-01-01,,,,4.63,164.7,0.016666666666666607,4.3,0.0,
1999-01-04,26.17,4.69,4.58,,,,,,0.11000000000000032
1999-01-05,24.46,4.74,4.64,,,,,,0.10000000000000053
1999-01-06,23.34,4.73,4.62,,,,,,0.11000000000000032
1999-01-07,24.37,4.77,4.63,,,,,,0.13999999999999968
1999-01-08,23.28,4.86,4.71,,,,,,0.15000000000000036
1999-01-11,25.46,4.9,4.74,,,,,,0.16000000000000014
1999-01-12,28.1,4.82,4.68,,,,,,0.14000000000000057
1999-01-13,30.11,4.74,4.61,,,,,,0.1299999999999999
1999-01-14,32.98,4.63,4.47,,,,,,0.16000000000000014
1999-01-15,29.24,4.66,4.56,,,,,,0.10000000000000053
1999-01-18,,,,,,,,,
1999-01-19,29.24,4.71,4.62,,,,,,0.08999999999999986
1999-01-20,28.6,4.76,4.66,,,,,,0.09999999999999964
1999-01-21,30.92,4.7,4.63,,,,,,0.07000000000000028
1999-01-22,31.95,4.64,4.59,,,,,,0.04999999999999982
1999-01-25,31.13,4.67,4.59,,,,,,0.08000000000000007
1999-01-26,29.23,4.69,4.63,,,,,,0.0600000000000005
1999-01-27,29.73,4.68,4.57,,,,,,0.10999999999999943
1999-01-28,28.11,4.67,4.58,,,,,,0.08999999999999986
1999-01-29,26.25,4.66,4.58,,,,,,0.08000000000000007
1999-02-01,27.67,4.75,4.65,4.76,164.7,0.016666666666666607,4.4,0.0,0.09999999999999964
1999-02-02,28.16,4.79,4.7,,,,,,0.08999999999999986
1999-02-03,27.88,4.83,4.72,,,,,,0.11000000000000032
1999-02-04,29.48,4.89,4.77,,,,,,0.1200000000000001
1999-02-05,29.67,4.94,4.8,,,,,,0.14000000000000057
1999-02-08,30.27,4.94,4.8,,,,,,0.14000000000000057
1999-02-09,31.36,4.91,4.79,,,,,,0.1200000000000001
1999-02-10,30.45,4.9,4.77,,,,,,0.13000000000000078
1999-02-11,27.42,4.93,4.8,,,,,,0.1299999999999999
1999-02-12,29.76,5.06,4.91,,,,,,0.14999999999999947
1999-02-15,,,,,,,,,
1999-02-16,29.65,5.03,4.93,,,,,,0.10000000000000053
1999-02-17,30.65,4.98,4.89,,,,,,0.09000000000000075
1999-02-18,30.45,5.04,4.93,,,,,,0.11000000000000032
1999-02-19,29.3,5.07,4.95,,,,,,0.1200000000000001
1999-02-22,25.87,5.03,4.91,,,,,,0.1200000000000001
1999-02-23,26.49,5.1,5.0,,,,,,0.09999999999999964
1999-02-24,27.21,5.18,5.05,,,,,,0.1299999999999999
1999-02-25,28.01,5.32,5.15,,,,,,0.16999999999999993
1999-02-26,27.88,5.29,5.13,,,,,,0.16000000000000014
1999-03-01,28.37,5.4,5.2,4.81,164.8,0.01728395061728394,4.2,0.0,0.20000000000000018
1999-03-02,29.22,5.35,5.18,,,,,,0.16999999999999993
1999-03-03,29.04,5.39,5.19,,,,,,0.1999999999999993
1999-03-04,26.67,5.41,5.2,,,,,,0.20999999999999996
1999-03-05,24.08,5.34,5.14,,,,,,0.20000000000000018
1999-03-08,24.54,5.29,5.12,,,,,,0.16999999999999993
1999-03-09,25.02,5.18,5.02,,,,,,0.16000000000000014
1999-03-10,24.79,5.2,5.04,,,,,,0.16000000000000014
1999-03-11,24.37,5.21,5.05,,,,,,0.16000000000000014
1999-03-12,24.84,5.16,5.0,,,,,,0.16000000000000014
1999-03-15,25.24,5.15,4.99,,,,,,0.16000000000000014
1999-03-16,25.15,5.11,4.97,,,,,,0.14000000000000057
1999-03-17,25.57,5.14,5.01,,,,,,0.1299999999999999
1999-03-18,24.13,5.11,4.99,,,,,,0.1200000000000001
1999-03-19,24.32,5.17,5.04,,,,,,0.1299999999999999
1999-03-22,25.0,5.21,5.08,,,,,,0.1299999999999999
1999-03-23,27.27,5.2,5.03,,,,,,0.16999999999999993
1999-03-24,26.6,5.17,4.98,,,,,,0.1899999999999995
1999-03-25,24.33,5.21,5.02,,,,,,0.1900000000000004
1999-03-26,24.04,5.21,4.99,,,,,,0.21999999999999975
1999-03-29,23.54,5.28,5.02,,,,,,0.2600000000000007
1999-03-30,22.73,5.21,4.97,,,,,,0.2400000000000002
1999-03-31,23.26,5.25,4.99,,,,,,0.2599999999999998
1999-04-01,22.06,5.27,5.01,4.74,165.9,0.02281134401972884,4.3,0.0,0.2599999999999998
1999-04-02,,5.2,4.96,,,,,,0.2400000000000002
1999-04-05,22.19,5.2,4.96,,,,,,0.2400000000000002
1999-04-06,22.65,5.13,4.93,,,,,,0.20000000000000018
1999-04-07,22.81,5.14,4.93,,,,,,0.20999999999999996
1999-04-08,22.59,5.03,4.86,,,,,,0.16999999999999993
1999-04-09,21.77,5.05,4.88,,,,,,0.16999999999999993
1999-04-12,21.93,5.06,4.93,,,,,,0.1299999999999999
1999-04-13,22.73,5.12,4.94,,,,,,0.17999999999999972
1999-04-14,24.94,5.13,4.95,,,,,,0.17999999999999972
1999-04-15,23.93,5.18,4.97,,,,,,0.20999999999999996
1999-04-16,23.9,5.23,5.02,,,,,,0.21000000000000085
1999-04-19,26.42,5.18,4.99,,,,,,0.1899999999999995
1999-04-20,25.02,5.16,4.95,,,,,,0.20999999999999996
1999-04-21,23.31,5.17,4.99,,,,,,0.17999999999999972
1999-04-22,22.62,5.25,5.05,,,,,,0.20000000000000018
1999-04-23,22.76,5.26,5.04,,,,,,0.21999999999999975
1999-04-26,23.53,5.23,5.04,,,,,,0.1900000000000004
1999-04-27,23.36,5.22,5.04,,,,,,0.17999999999999972
1999-04-28,24.4,5.27,5.02,,,,,,0.25
1999-04-29,25.06,5.22,4.95,,,,,,0.2699999999999996
1999-04-30,25.07,5.36,5.08,,,,,,0.28000000000000025
1999-05-01,,,,4.74,166.0,0.02091020910209096,4.2,0.0,
1999-05-03,24.15,5.38,5.08,,,,,,0.2999999999999998
1999-05-04,25.62,5.42,5.12,,,,,,0.2999999999999998
1999-05-05,25.19,5.4,5.09,,,,,,0.3100000000000005
1999-05-06,27.44,5.52,5.19,,,,,,0.3299999999999992
1999-05-07,25.36,5.54,5.19,,,,,,0.34999999999999964
1999-05-10,26.62,5.54,5.15,,,,,,0.3899999999999997
1999-05-11,25.62,5.59,5.19,,,,,,0.39999999999999947
1999-05-12,26.13,5.51,5.19,,,,,,0.3199999999999994
1999-05-13,25.02,5.41,5.12,,,,,,0.29000000000000004
1999-05-14,26.86,5.62,5.3,,,,,,0.3200000000000003
1999-05-17,27.28,5.66,5.31,,,,,,0.35000000000000053
1999-05-18,27.26,5.68,5.38,,,,,,0.2999999999999998
1999-05-19,25.08,5.6,5.37,,,,,,0.22999999999999954
1999-05-20,24.46,5.6,5.35,,,,,,0.25
1999-05-21,24.4,5.52,5.3,,,,,,0.21999999999999975
1999-05-24,27.62,5.5,5.28,,,,,,0.21999999999999975
1999-05-25,28.9,5.49,5.3,,,,,,0.1900000000000004
1999-05-26,27.57,5.55,5.33,,,,,,0.21999999999999975
1999-05-27,28.12,5.62,5.43,,,,,,0.1900000000000004
1999-05-28,25.39,5.64,5.42,,,,,,0.21999999999999975
1999-05-31,,,,,,,,,
1999-06-01,26.62,5.78,5.54,4.76,166.0,0.019656019656019597,4.3,0.0,0.2400000000000002
1999-06-02,26.21,5.8,5.55,,,,,,0.25
1999-06-03,26.2,5.8,5.54,,,,,,0.2599999999999998
1999-06-04,23.43,5.82,5.56,,,,,,0.2600000000000007
1999-06-07,23.78,5.81,5.56,,,,,,0.25
1999-06-08,24.02,5.83,5.57,,,,,,0.2599999999999998
1999-06-09,23.9,5.87,5.61,,,,,,0.2599999999999998
1999-06-10,25.32,5.92,5.66,,,,,,0.2599999999999998
1999-06-11,25.9,6.02,5.7,,,,,,0.3199999999999994
1999-06-14,26.51,5.98,5.66,,,,,,0.3200000000000003
1999-06-15,25.91,5.98,5.66,,,,,,0.3200000000000003
1999-06-16,22.4,5.94,5.61,,,,,,0.33000000000000007
1999-06-17,21.95,5.79,5.49,,,,,,0.2999999999999998
1999-06-18,21.75,5.84,5.56,,,,,,0.28000000000000025
1999-06-21,21.81,5.9,5.62,,,,,,0.28000000000000025
1999-06-22,21.7,5.94,5.65,,,,,,0.29000000000000004
1999-06-23,21.32,6.0,5.7,,,,,,0.2999999999999998
1999-06-24,23.06,6.05,5.75,,,,,,0.2999999999999998
1999-06-25,21.76,6.02,5.73,,,,,,0.28999999999999915
1999-06-28,22.63,5.96,5.68,,,,,,0.28000000000000025
1999-06-29,22.51,5.93,5.68,,,,,,0.25
1999-06-30,21.09,5.81,5.53,,,,,,0.27999999999999936
1999-07-01,19.69,5.85,5.58,4.99,166.7,0.021446078431372584,4.3,0.0,0.2699999999999996
1999-07-02,18.66,5.82,5.58,,,,,,0.2400000000000002
1999-07-05,,,,,,,,,
1999-07-06,20.73,5.88,5.64,,,,,,0.2400000000000002
1999-07-07,20.35,5.92,5.64,,,,,,0.28000000000000025
1999-07-08,20.24,5.85,5.59,,,,,,0.2599999999999998
1999-07-09,17.96,5.84,5.61,,,,,,0.22999999999999954
1999-07-12,19.73,5.74,5.53,,,,,,0.20999999999999996
1999-07-13,19.95,5.71,5.5,,,,,,0.20999999999999996
1999-07-14,19.71,5.74,5.55,,,,,,0.1900000000000004
1999-07-15,18.68,5.72,5.53,,,,,,0.1899999999999995
1999-07-16,17.42,5.68,5.5,,,,,,0.17999999999999972
1999-07-19,19.07,5.66,5.46,,,,,,0.20000000000000018
1999-07-20,21.79,5.65,5.43,,,,,,0.22000000000000064
1999-07-21,21.46,5.66,5.45,,,,,,0.20999999999999996
1999-07-22,23.05,5.78,5.52,,,,,,0.2600000000000007
1999-07-23,23.32,5.84,5.58,,,,,,0.2599999999999998
1999-07-26,24.98,5.86,5.61,,,,,,0.25
1999-07-27,23.23,5.82,5.56,,,,,,0.2600000000000007
1999-07-28,22.85,5.81,5.54,,,,,,0.2699999999999996
1999-07-29,24.52,5.88,5.62,,,,,,0.2599999999999998
1999-07-30,24.64,5.92,5.63,,,,,,0.29000000000000004
1999-08-01,,,,5.07,167.1,0.022643818849449104,4.2,0.0,
1999-08-02,25.59,5.92,5.65,,,,,,0.2699999999999996
1999-08-03,26.27,5.95,5.65,,,,,,0.2999999999999998
1999-08-04,27.4,5.96,5.64,,,,,,0.3200000000000003
1999-08-05,27.01,5.88,5.55,,,,,,0.33000000000000007
1999-08-06,26.6,6.02,5.69,,,,,,0.3299999999999992
1999-08-09,27.66,6.13,5.79,,,,,,0.33999999999999986
1999-08-10,28.45,6.16,5.79,,,,,,0.3700000000000001
1999-08-11,25.39,6.05,5.76,,,,,,0.29000000000000004
1999-08-12,25.03,6.08,5.78,,,,,,0.2999999999999998
1999-08-13,22.31,5.98,5.71,,,,,,0.27000000000000046
1999-08-16,23.07,5.98,5.75,,,,,,0.23000000000000043
1999-08-17,21.67,5.89,5.68,,,,,,0.20999999999999996
1999-08-18,23.3,5.88,5.66,,,,,,0.21999999999999975
1999-08-19,24.39,5.9,5.66,,,,,,0.2400000000000002
1999-08-20,22.95,5.88,5.65,,,,,,0.22999999999999954
1999-08-23,22.55,5.89,5.66,,,,,,0.22999999999999954
1999-08-24,22.4,5.85,5.65,,,,,,0.1999999999999993
1999-08-25,20.96,5.73,5.53,,,,,,0.20000000000000018
1999-08-26,21.21,5.75,5.56,,,,,,0.1900000000000004
1999-08-27,21.83,5.85,5.65,,,,,,0.1999999999999993
1999-08-30,24.63,5.95,5.73,,,,,,0.21999999999999975
1999-08-31,24.45,5.98,5.73,,,,,,0.25
1999-09-01,22.93,5.99,5.74,5.22,167.8,0.02629969418960254,4.2,0.0,0.25
1999-09-02,24.53,6.03,5.74,,,,,,0.29000000000000004
1999-09-03,20.98,5.89,5.64,,,,,,0.25
1999-09-06,,,,,,,,,
1999-09-07,23.44,5.95,5.69,,,,,,0.2599999999999998
1999-09-08,23.82,5.93,5.67,,,,,,0.2599999999999998
1999-09-09,23.01,5.97,5.71,,,,,,0.2599999999999998
1999-09-10,22.03,5.89,5.64,,,,,,0.25
1999-09-13,22.89,5.92,5.66,,,,,,0.2599999999999998
1999-09-14,23.77,5.96,5.71,,,,,,0.25
1999-09-15,24.56,5.94,5.67,,,,,,0.27000000000000046
1999-09-16,25.25,5.9,5.63,,,,,,0.27000000000000046
1999-09-17,23.3,5.87,5.63,,,,,,0.2400000000000002
1999-09-20,24.03,5.91,5.67,,,,,,0.2400000000000002
1999-09-21,25.65,5.94,5.67,,,,,,0.27000000000000046
1999-09-22,25.19,5.92,5.67,,,,,,0.25
1999-09-23,27.84,5.87,5.63,,,,,,0.2400000000000002
1999-09-24,27.79,5.75,5.55,,,,,,0.20000000000000018
1999-09-27,26.4,5.83,5.62,,,,,,0.20999999999999996
1999-09-28,26.06,5.89,5.65,,,,,,0.23999999999999932
1999-09-29,26.49,5.97,5.68,,,,,,0.29000000000000004
1999-09-30,25.41,5.9,5.63,,,,,,0.27000000000000046
1999-10-01,24.93,6.0,5.73,5.2,168.1,0.0256253813300793,4.1,0.0,0.2699999999999996
1999-10-04,24.46,5.95,5.7,,,,,,0.25
1999-10-05,24.79,6.02,5.78,,,,,,0.23999999999999932
1999-10-06,22.06,6.04,5.81,,,,,,0.23000000000000043
1999-10-07,23.58,6.05,5.82,,,,,,0.22999999999999954
1999-10-08,20.49,6.04,5.8,,,,,,0.2400000000000002
1999-10-11,20.63,,,,,,,,
1999-10-12,22.84,6.07,5.82,,,,,,0.25
1999-10-13,25.96,6.12,5.87,,,,,,0.25
1999-10-14,26.05,6.17,5.9,,,,,,0.2699999999999996
1999-10-15,28.75,6.09,5.82,,,,,,0.2699999999999996
1999-10-18,28.19,6.12,5.85,,,,,,0.27000000000000046
1999-10-19,26.56,6.18,5.92,,,,,,0.2599999999999998
1999-10-20,23.9,6.19,5.94,,,,,,0.25
1999-10-21,24.02,6.2,5.93,,,,,,0.27000000000000046
1999-10-22,21.64,6.21,5.96,,,,,,0.25
1999-10-25,23.6,6.22,5.98,,,,,,0.23999999999999932
1999-10-26,24.26,6.24,6.02,,,,,,0.22000000000000064
1999-10-27,24.2,6.19,5.94,,,,,,0.25
1999-10-28,21.34,6.12,5.87,,,,,,0.25
1999-10-29,22.2,6.02,5.79,,,,,,0.22999999999999954
1999-11-01,22.09,6.06,5.83,5.42,168.4,0.026203534430225606,4.1,0.0,0.22999999999999954
1999-11-02,23.1,6.04,5.81,,,,,,0.23000000000000043
1999-11-03,23.16,6.01,5.79,,,,,,0.21999999999999975
1999-11-04,23.0,5.95,5.74,,,,,,0.20999999999999996
1999-11-05,21.66,5.92,5.72,,,,,,0.20000000000000018
1999-11-08,21.87,5.95,5.74,,,,,,0.20999999999999996
1999-11-09,22.7,5.97,5.77,,,,,,0.20000000000000018
1999-11-10,22.26,6.0,5.81,,,,,,0.1900000000000004
1999-11-11,22.07,,,,,,,,
1999-11-12,21.65,5.93,5.78,,,,,,0.14999999999999947
1999-11-15,22.74,5.94,5.79,,,,,,0.15000000000000036
1999-11-16,20.73,5.97,5.85,,,,,,0.1200000000000001
1999-11-17,20.96,6.04,5.9,,,,,,0.13999999999999968
1999-11-18,19.76,6.06,5.9,,,,,,0.15999999999999925
1999-11-19,19.11,6.07,5.92,,,,,,0.15000000000000036
1999-11-22,19.98,6.09,5.95,,,,,,0.13999999999999968
1999-11-23,21.0,6.08,5.93,,,,,,0.15000000000000036
1999-11-24,20.26,6.09,5.97,,,,,,0.1200000000000001
1999-11-25,,,,,,,,,
1999-11-26,22.33,6.12,5.99,,,,,,0.1299999999999999
1999-11-29,23.57,6.21,6.04,,,,,,0.16999999999999993
1999-11-30,24.18,6.18,6.01,,,,,,0.16999999999999993
1999-12-01,22.23,6.21,6.04,5.3,168.8,0.02676399026763998,4.0,0.0,0.16999999999999993
1999-12-02,21.77,6.24,6.06,,,,,,0.1800000000000006
1999-12-03,19.32,6.17,5.99,,,,,,0.17999999999999972
1999-12-06,20.58,6.16,5.98,,,,,,0.17999999999999972
1999-12-07,21.09,6.11,5.95,,,,,,0.16000000000000014
1999-12-08,21.25,6.15,5.98,,,,,,0.16999999999999993
1999-12-09,21.19,6.14,5.96,,,,,,0.17999999999999972
1999-12-10,21.48,6.08,5.93,,,,,,0.15000000000000036
1999-12-13,21.72,6.11,5.96,,,,,,0.15000000000000036
1999-12-14,23.06,6.22,6.07,,,,,,0.14999999999999947
1999-12-15,22.03,6.25,6.1,,,,,,0.15000000000000036
1999-12-16,21.91,6.31,6.15,,,,,,0.15999999999999925
1999-12-17,21.35,6.3,6.15,,,,,,0.14999999999999947
1999-12-20,23.78,6.36,6.21,,,,,,0.15000000000000036
1999-12-21,22.66,6.38,6.21,,,,,,0.16999999999999993
1999-12-22,22.43,6.39,6.24,,,,,,0.14999999999999947
1999-12-23,21.12,6.41,6.24,,,,,,0.16999999999999993
1999-12-24,,,,,,,,,
1999-12-27,23.07,6.4,6.21,,,,,,0.1900000000000004
1999-12-28,22.97,6.43,6.23,,,,,,0.1999999999999993
1999-12-29,23.09,6.4,6.21,,,,,,0.1900000000000004
1999-12-30,24.76,6.39,6.19,,,,,,0.1999999999999993
1999-12-31,24.64,6.45,6.24,,,,,,0.20999999999999996
2000-01-01,,,,5.45,169.3,0.02792956891317555,4.0,0.0,
2000-01-03,24.21,6.58,6.38,,,,,,0.20000000000000018
2000-01-04,27.01,6.49,6.3,,,,,,0.1900000000000004
2000-01-05,26.41,6.62,6.38,,,,,,0.2400000000000002
2000-01-06,25.73,6.57,6.35,,,,,,0.22000000000000064
2000-01-07,21.72,6.52,6.31,,,,,,0.20999999999999996
2000-01-10,21.71,6.57,6.38,,,,,,0.1900000000000004
2000-01-11,22.5,6.67,6.45,,,,,,0.21999999999999975
2000-01-12,22.84,6.72,6.49,,,,,,0.22999999999999954
2000-01-13,21.71,6.63,6.4,,,,,,0.22999999999999954
2000-01-14,19.66,6.69,6.44,,,,,,0.25
2000-01-17,,,,,,,,,
2000-01-18,21.5,6.75,6.47,,,,,,0.28000000000000025
2000-01-19,21.72,6.73,6.46,,,,,,0.27000000000000046
2000-01-20,21.75,6.79,6.49,,,,,,0.2999999999999998
2000-01-21,20.82,6.79,6.48,,,,,,0.3099999999999996
2000-01-24,24.07,6.69,6.43,,,,,,0.2600000000000007
2000-01-25,23.02,6.7,6.44,,,,,,0.2599999999999998
2000-01-26,23.03,6.69,6.45,,,,,,0.2400000000000002
2000-01-27,23.54,6.68,6.51,,,,,,0.16999999999999993
2000-01-28,26.14,6.66,6.58,,,,,,0.08000000000000007
2000-01-31,24.95,6.68,6.61,,,,,,0.0699999999999994
2000-02-01,23.45,6.62,6.6,5.73,170.0,0.032179720704310855,4.1,0.0,0.020000000000000462
2000-02-02,23.12,6.6,6.63,,,,,,-0.03000000000000025
2000-02-03,22.01,6.49,6.56,,,,,,-0.0699999999999994
2000-02-04,21.54,6.53,6.63,,,,,,-0.09999999999999964
2000-02-07,22.79,6.64,6.68,,,,,,-0.040000000000000036
2000-02-08,21.25,6.59,6.69,,,,,,-0.10000000000000053
2000-02-09,22.9,6.56,6.69,,,,,,-0.13000000000000078
2000-02-10,23.07,6.67,6.67,,,,,,0.0
2000-02-11,24.42,6.63,6.65,,,,,,-0.020000000000000462
2000-02-14,24.38,6.56,6.62,,,,,,-0.0600000000000005
2000-02-15,22.92,6.56,6.66,,,,,,-0.10000000000000053
2000-02-16,23.51,6.56,6.63,,,,,,-0.07000000000000028
2000-02-17,23.17,6.58,6.69,,,,,,-0.11000000000000032
2000-02-18,26.0,6.49,6.66,,,,,,-0.16999999999999993
2000-02-21,,,,,,,,,
2000-02-22,25.86,6.36,6.57,,,,,,-0.20999999999999996
2000-02-23,23.89,6.44,6.61,,,,,,-0.16999999999999993
2000-02-24,24.38,6.36,6.52,,,,,,-0.15999999999999925
2000-02-25,25.2,6.36,6.45,,,,,,-0.08999999999999986
2000-02-28,24.68,6.37,6.47,,,,,,-0.09999999999999964
2000-02-29,23.37,6.42,6.53,,,,,,-0.11000000000000032
2000-03-01,21.64,6.39,6.52,5.85,171.0,0.03762135922330101,4.0,0.0,-0.1299999999999999
2000-03-02,21.06,6.4,6.52,,,,,,-0.11999999999999922
2000-03-03,19.21,6.39,6.5,,,,,,-0.11000000000000032
2000-03-06,21.5,6.42,6.55,,,,,,-0.1299999999999999
2000-03-07,24.31,6.39,6.48,,,,,,-0.09000000000000075
2000-03-08,23.82,6.38,6.5,,,,,,-0.1200000000000001
2000-03-09,22.21,6.35,6.48,,,,,,-0.13000000000000078
2000-03-10,21.24,6.39,6.55,,,,,,-0.16000000000000014
2000-03-13,22.85,6.36,6.52,,,,,,-0.15999999999999925
2000-03-14,24.41,6.31,6.48,,,,,,-0.17000000000000082
2000-03-15,22.34,6.29,6.5,,,,,,-0.20999999999999996
2000-03-16,20.77,6.26,6.5,,,,,,-0.2400000000000002
2000-03-17,22.37,6.2,6.5,,,,,,-0.2999999999999998
2000-03-20,22.96,6.18,6.52,,,,,,-0.33999999999999986
2000-03-21,21.7,6.13,6.5,,,,,,-0.3700000000000001
2000-03-22,21.49,6.13,6.5,,,,,,-0.3700000000000001
2000-03-23,22.26,6.08,6.52,,,,,,-0.4399999999999995
2000-03-24,23.31,6.2,6.64,,,,,,-0.4399999999999995
2000-03-27,24.53,6.21,6.66,,,,,,-0.4500000000000002
2000-03-28,24.86,6.17,6.6,,,,,,-0.4299999999999997
2000-03-29,24.1,6.18,6.59,,,,,,-0.41000000000000014
2000-03-30,25.47,6.06,6.52,,,,,,-0.45999999999999996
2000-03-31,24.11,6.03,6.5,,,,,,-0.46999999999999975
2000-04-01,,,,6.02,170.9,0.03013863773357439,3.8,0.0,
2000-04-03,24.03,6.0,6.45,,,,,,-0.4500000000000002
2000-04-04,27.12,5.9,6.35,,,,,,-0.4499999999999993
2000-04-05,28.41,5.9,6.35,,,,,,-0.4499999999999993
2000-04-06,27.15,5.93,6.38,,,,,,-0.4500000000000002
2000-04-07,24.39,5.86,6.38,,,,,,-0.5199999999999996
2000-04-10,25.99,5.8,6.31,,,,,,-0.5099999999999998
2000-04-11,27.25,5.89,6.36,,,,,,-0.47000000000000064
2000-04-12,28.98,5.97,6.4,,,,,,-0.4300000000000006
2000-04-13,29.4,5.94,6.4,,,,,,-0.45999999999999996
2000-04-14,33.49,5.85,6.27,,,,,,-0.41999999999999993
2000-04-17,28.95,6.01,6.33,,,,,,-0.3200000000000003
2000-04-18,26.12,6.05,6.33,,,,,,-0.28000000000000025
2000-04-19,27.02,5.99,6.33,,,,,,-0.33999999999999986
2000-04-20,25.85,5.99,6.38,,,,,,-0.3899999999999997
2000-04-21,,,,,,,,,
2000-04-24,27.37,6.0,6.36,,,,,,-0.3600000000000003
2000-04-25,25.24,6.14,6.48,,,,,,-0.34000000000000075
2000-04-26,26.97,6.14,6.5,,,,,,-0.3600000000000003
2000-04-27,26.19,6.23,6.63,,,,,,-0.39999999999999947
2000-04-28,26.2,6.23,6.68,,,,,,-0.4499999999999993
2000-05-01,25.88,6.29,6.73,6.27,171.2,0.031325301204819134,4.0,0.0,-0.4400000000000004
2000-05-02,28.5,6.32,6.72,,,,,,-0.39999999999999947
2000-05-03,31.63,6.4,6.73,,,,,,-0.33000000000000007
2000-05-04,30.77,6.46,6.77,,,,,,-0.3099999999999996
2000-05-05,27.53,6.51,6.84,,,,,,-0.33000000000000007
2000-05-08,28.2,6.57,6.87,,,,,,-0.2999999999999998
2000-05-09,28.93,6.53,6.86,,,,,,-0.33000000000000007
2000-05-10,29.87,6.47,6.84,,,,,,-0.3700000000000001
2000-05-11,27.76,6.43,6.82,,,,,,-0.39000000000000057
2000-05-12,26.05,6.51,6.91,,,,,,-0.40000000000000036
2000-05-15,24.86,6.47,6.88,,,,,,-0.41000000000000014
2000-05-16,24.34,6.43,6.89,,,,,,-0.45999999999999996
2000-05-17,23.98,6.48,6.9,,,,,,-0.41999999999999993
2000-05-18,23.96,6.56,6.93,,,,,,-0.3700000000000001
2000-05-19,25.44,6.51,6.86,,,,,,-0.35000000000000053
2000-05-22,26.0,6.44,6.81,,,,,,-0.3699999999999992
2000-05-23,25.87,6.45,6.83,,,,,,-0.3799999999999999
2000-05-24,24.32,6.47,6.79,,,,,,-0.3200000000000003
2000-05-25,24.58,6.39,6.71,,,,,,-0.3200000000000003
2000-05-26,24.47,6.33,6.69,,,,,,-0.3600000000000003
2000-05-29,,,,,,,,,
2000-05-30,23.62,6.38,6.74,,,,,,-0.3600000000000003
2000-05-31,23.65,6.29,6.69,,,,,,-0.40000000000000036
2000-06-01,22.36,6.2,6.61,6.53,172.2,0.03734939759036138,4.0,0.0,-0.41000000000000014
2000-06-02,21.48,6.15,6.52,,,,,,-0.3699999999999992
2000-06-05,22.71,6.12,6.49,,,,,,-0.3700000000000001
2000-06-06,23.05,6.14,6.51,,,,,,-0.3700000000000001
2000-06-07,22.48,6.13,6.52,,,,,,-0.3899999999999997
2000-06-08,22.77,6.13,6.56,,,,,,-0.4299999999999997
2000-06-09,22.14,6.13,6.56,,,,,,-0.4299999999999997
2000-06-12,22.32,6.09,6.52,,,,,,-0.4299999999999997
2000-06-13,21.67,6.11,6.49,,,,,,-0.3799999999999999
2000-06-14,21.48,6.06,6.44,,,,,,-0.3800000000000008
2000-06-15,20.68,6.05,6.44,,,,,,-0.39000000000000057
2000-06-16,20.5,5.99,6.38,,,,,,-0.3899999999999997
2000-06-19,20.63,6.0,6.4,,,,,,-0.40000000000000036
2000-06-20,20.88,6.03,6.43,,,,,,-0.39999999999999947
2000-06-21,20.61,6.11,6.5,,,,,,-0.3899999999999997
2000-06-22,22.0,6.12,6.5,,,,,,-0.3799999999999999
2000-06-23,22.34,6.19,6.55,,,,,,-0.35999999999999943
2000-06-26,22.45,6.11,6.5,,,,,,-0.3899999999999997
2000-06-27,21.8,6.1,6.5,,,,,,-0.40000000000000036
2000-06-28,20.29,6.11,6.43,,,,,,-0.3199999999999994
2000-06-29,19.7,6.04,6.37,,,,,,-0.33000000000000007
2000-06-30,19.54,6.03,6.38,,,,,,-0.34999999999999964
2000-07-01,,,,6.54,172.7,0.03599280143971195,4.0,0.0,
2000-07-03,19.83,6.0,6.31,,,,,,-0.3099999999999996
2000-07-04,,,,,,,,,
2000-07-05,21.16,5.99,6.29,,,,,,-0.2999999999999998
2000-07-06,20.94,6.05,6.34,,,,,,-0.29000000000000004
2000-07-07,19.22,6.01,6.29,,,,,,-0.28000000000000025
2000-07-10,20.33,6.04,6.31,,,,,,-0.2699999999999996
2000-07-11,20.11,6.06,6.32,,,,,,-0.2600000000000007
2000-07-12,20.03,6.09,6.34,,,,,,-0.25
2000-07-13,20.03,6.01,6.31,,,,,,-0.2999999999999998
2000-07-14,19.32,6.1,6.41,,,,,,-0.3100000000000005
2000-07-17,19.45,6.17,6.46,,,,,,-0.29000000000000004
2000-07-18,19.75,6.16,6.44,,,,,,-0.28000000000000025
2000-07-19,19.65,6.16,6.46,,,,,,-0.2999999999999998
2000-07-20,18.94,6.01,6.32,,,,,,-0.3100000000000005
2000-07-21,18.94,6.01,6.32,,,,,,-0.3100000000000005
2000-07-24,19.92,6.04,6.35,,,,,,-0.3099999999999996
2000-07-25,19.39,6.04,6.35,,,,,,-0.3099999999999996
2000-07-26,19.67,6.04,6.29,,,,,,-0.25
2000-07-27,19.6,6.02,6.27,,,,,,-0.25
2000-07-28,20.84,6.04,6.3,,,,,,-0.2599999999999998
2000-07-31,20.74,6.04,6.3,,,,,,-0.2599999999999998
2000-08-01,20.55,6.0,6.27,6.5,172.7,0.033512866546977715,4.1,0.0,-0.2699999999999996
2000-08-02,20.0,5.98,6.23,,,,,,-0.25
2000-08-03,19.99,5.95,6.22,,,,,,-0.2699999999999996
2000-08-04,18.62,5.91,6.15,,,,,,-0.2400000000000002
2000-08-07,19.03,5.97,6.2,,,,,,-0.23000000000000043
2000-08-08,18.79,5.93,6.16,,,,,,-0.23000000000000043
2000-08-09,19.18,5.81,6.18,,,,,,-0.3700000000000001
2000-08-10,19.19,5.76,6.16,,,,,,-0.40000000000000036
2000-08-11,18.55,5.79,6.25,,,,,,-0.45999999999999996
2000-08-14,17.88,5.78,6.25,,,,,,-0.46999999999999975
2000-08-15,17.98,5.81,6.28,,,,,,-0.47000000000000064
2000-08-16,18.02,5.83,6.3,,,,,,-0.46999999999999975
2000-08-17,17.48,5.81,6.3,,,,,,-0.4900000000000002
2000-08-18,17.05,5.78,6.27,,,,,,-0.4899999999999993
2000-08-21,17.35,5.79,6.28,,,,,,-0.4900000000000002
2000-08-22,17.47,5.78,6.27,,,,,,-0.4899999999999993
2000-08-23,17.38,5.73,6.2,,,,,,-0.46999999999999975
2000-08-24,17.04,5.73,6.19,,,,,,-0.45999999999999996
2000-08-25,16.53,5.73,6.19,,,,,,-0.45999999999999996
2000-08-28,16.54,5.78,6.23,,,,,,-0.4500000000000002
2000-08-29,16.89,5.81,6.26,,,,,,-0.4500000000000002
2000-08-30,17.69,5.81,6.24,,,,,,-0.4300000000000006
2000-08-31,16.84,5.73,6.18,,,,,,-0.4499999999999993
2000-09-01,17.53,5.68,6.09,6.52,173.6,0.0345649582836709,3.9,0.0,-0.41000000000000014
2000-09-04,,,,,,,,,
2000-09-05,19.82,5.69,6.09,,,,,,-0.39999999999999947
2000-09-06,20.79,5.72,6.11,,,,,,-0.39000000000000057
2000-09-07,19.42,5.76,6.14,,,,,,-0.3799999999999999
2000-09-08,18.46,5.73,6.11,,,,,,-0.3799999999999999
2000-09-11,18.4,5.77,6.12,,,,,,-0.35000000000000053
2000-09-12,18.59,5.78,6.12,,,,,,-0.33999999999999986
2000-09-13,18.32,5.74,6.09,,,,,,-0.34999999999999964
2000-09-14,18.26,5.79,6.11,,,,,,-0.3200000000000003
2000-09-15,18.52,5.84,6.07,,,,,,-0.23000000000000043
2000-09-18,20.25,5.88,6.04,,,,,,-0.16000000000000014
2000-09-19,19.54,5.86,6.05,,,,,,-0.1899999999999995
2000-09-20,19.93,5.91,6.11,,,,,,-0.20000000000000018
2000-09-21,20.18,5.88,6.11,,,,,,-0.23000000000000043
2000-09-22,20.74,5.85,6.09,,,,,,-0.2400000000000002
2000-09-25,21.41,5.84,6.11,,,,,,-0.27000000000000046
2000-09-26,21.88,5.81,6.07,,,,,,-0.2600000000000007
2000-09-27,21.67,5.83,6.0,,,,,,-0.16999999999999993
2000-09-28,19.47,5.82,6.02,,,,,,-0.1999999999999993
2000-09-29,20.57,5.8,5.98,,,,,,-0.1800000000000006
2000-10-01,,,,6.51,173.9,0.03450327186198687,3.9,0.0,
2000-10-02,21.23,5.83,5.98,,,,,,-0.15000000000000036
2000-10-03,21.85,5.87,6.0,,,,,,-0.1299999999999999
2000-10-04,21.54,5.9,6.03,,,,,,-0.1299999999999999
2000-10-05,21.03,5.87,6.02,,,,,,-0.14999999999999947
2000-10-06,22.71,5.82,5.98,,,,,,-0.16000000000000014
2000-10-09,24.02,,,,,,,,
2000-10-10,24.86,5.8,5.98,,,,,,-0.1800000000000006
2000-10-11,26.57,5.77,5.93,,,,,,-0.16000000000000014
2000-10-12,30.51,5.73,5.86,,,,,,-0.1299999999999999
2000-10-13,27.6,5.73,5.84,,,,,,-0.10999999999999943
2000-10-16,26.79,5.74,5.89,,,,,,-0.14999999999999947
2000-10-17,27.84,5.68,5.83,,,,,,-0.15000000000000036
2000-10-18,28.72,5.66,5.82,,,,,,-0.16000000000000014
2000-10-19,25.09,5.66,5.86,,,,,,-0.20000000000000018
2000-10-20,24.24,5.64,5.84,,,,,,-0.20000000000000018
2000-10-23,24.69,5.59,5.82,,,,,,-0.23000000000000043
2000-10-24,24.28,5.63,5.86,,,,,,-0.23000000000000043
2000-10-25,26.65,5.67,5.87,,,,,,-0.20000000000000018
2000-10-26,28.62,5.69,5.9,,,,,,-0.20999999999999996
2000-10-27,26.47,5.72,5.94,,,,,,-0.22000000000000064
2000-10-30,25.46,5.74,5.97,,,,,,-0.22999999999999954
2000-10-31,23.63,5.77,5.94,,,,,,-0.17000000000000082
2000-11-01,24.28,5.74,5.88,6.51,174.2,0.03444180522565321,3.9,0.0,-0.13999999999999968
2000-11-02,23.92,5.74,5.87,,,,,,-0.1299999999999999
2000-11-03,23.67,5.83,5.94,,,,,,-0.11000000000000032
2000-11-06,24.52,5.87,5.99,,,,,,-0.1200000000000001
2000-11-07,24.91,5.87,5.99,,,,,,-0.1200000000000001
2000-11-08,25.66,5.87,5.99,,,,,,-0.1200000000000001
2000-11-09,27.2,5.82,5.94,,,,,,-0.1200000000000001
2000-11-10,28.53,5.82,5.92,,,,,,-0.09999999999999964
2000-11-13,29.06,5.77,5.9,,,,,,-0.13000000000000078
2000-11-14,26.81,5.76,5.92,,,,,,-0.16000000000000014
2000-11-15,26.15,5.72,5.9,,,,,,-0.1800000000000006
2000-11-16,25.05,5.68,5.87,,,,,,-0.1900000000000004
2000-11-17,24.81,5.71,5.88,,,,,,-0.16999999999999993
2000-11-20,27.43,5.68,5.87,,,,,,-0.1900000000000004
2000-11-21,26.62,5.67,5.86,,,,,,-0.1900000000000004
2000-11-22,27.71,5.62,5.85,,,,,,-0.22999999999999954
2000-11-23,,,,,,,,,
2000-11-24,26.0,5.63,5.86,,,,,,-0.23000000000000043
2000-11-27,26.93,5.64,5.86,,,,,,-0.22000000000000064
2000-11-28,27.64,5.59,5.79,,,,,,-0.20000000000000018
2000-11-29,27.49,5.55,5.69,,,,,,-0.14000000000000057
2000-11-30,29.65,5.48,5.61,,,,,,-0.1299999999999999
2000-12-01,27.48,5.52,5.62,6.4,174.6,0.03436018957345954,3.9,0.0,-0.10000000000000053
2000-12-04,27.78,5.53,5.59,,,,,,-0.05999999999999961
2000-12-05,24.99,5.43,5.49,,,,,,-0.0600000000000005
2000-12-06,25.07,5.32,5.42,,,,,,-0.09999999999999964
2000-12-07,25.34,5.32,5.45,,,,,,-0.1299999999999999
2000-12-08,22.41,5.35,5.5,,,,,,-0.15000000000000036
2000-12-11,23.51,5.37,5.52,,,,,,-0.14999999999999947
2000-12-12,24.88,5.36,5.54,,,,,,-0.17999999999999972
2000-12-13,23.63,5.29,5.45,,,,,,-0.16000000000000014
2000-12-14,24.86,5.23,5.43,,,,,,-0.1999999999999993
2000-12-15,26.55,5.2,5.38,,,,,,-0.17999999999999972
2000-12-18,27.7,5.17,5.33,,,,,,-0.16000000000000014
2000-12-19,27.17,5.19,5.35,,,,,,-0.15999999999999925
2000-12-20,31.74,5.08,5.24,,,,,,-0.16000000000000014
2000-12-21,29.66,5.03,5.14,,,,,,-0.10999999999999943
2000-12-22,27.55,5.02,5.1,,,,,,-0.08000000000000007
2000-12-25,,,,,,,,,
2000-12-26,28.73,5.04,5.1,,,,,,-0.05999999999999961
2000-12-27,28.14,5.11,5.1,,,,,,0.010000000000000675
2000-12-28,26.57,5.13,5.18,,,,,,-0.04999999999999982
2000-12-29,26.85,5.12,5.11,,,,,,0.009999999999999787
2001-01-01,,,,5.98,175.6,0.037212049616065945,4.2,0.0,
2001-01-02,29.99,4.92,4.87,,,,,,0.04999999999999982
2001-01-03,26.6,5.14,4.92,,,,,,0.21999999999999975
2001-01-04,26.97,5.03,4.77,,,,,,0.2600000000000007
2001-01-05,28.67,4.93,4.56,,,,,,0.3700000000000001
2001-01-08,29.84,4.94,4.54,,,,,,0.40000000000000036
2001-01-09,27.99,4.98,4.64,,,,,,0.34000000000000075
2001-01-10,26.8,5.1,4.76,,,,,,0.33999999999999986
2001-01-11,25.79,5.14,4.77,,,,,,0.3700000000000001
2001-01-12,24.56,5.25,4.9,,,,,,0.34999999999999964
2001-01-15,,,,,,,,,
2001-01-16,25.28,5.24,4.89,,,,,,0.35000000000000053
2001-01-17,24.93,5.19,4.84,,,,,,0.35000000000000053
2001-01-18,23.37,5.12,4.72,,,,,,0.40000000000000036
2001-01-19,23.24,5.19,4.75,,,,,,0.4400000000000004
2001-01-22,23.25,5.25,4.75,,,,,,0.5
2001-01-23,21.57,5.3,4.82,,,,,,0.47999999999999954
2001-01-24,22.03,5.33,4.81,,,,,,0.5200000000000005
2001-01-25,22.64,5.29,4.78,,,,,,0.5099999999999998
2001-01-26,22.57,5.29,4.78,,,,,,0.5099999999999998
2001-01-29,22.61,5.32,4.77,,,,,,0.5500000000000007
2001-01-30,22.57,5.24,4.7,,,,,,0.54
2001-01-31,22.02,5.19,4.62,,,,,,0.5700000000000003
2001-02-01,21.66,5.1,4.55,5.49,176.0,0.03529411764705892,4.2,0.0,0.5499999999999998
2001-02-02,21.95,5.17,4.65,,,,,,0.5199999999999996
2001-02-05,22.19,5.18,4.68,,,,,,0.5
2001-02-06,21.98,5.22,4.72,,,,,,0.5
2001-02-07,21.67,5.1,4.7,,,,,,0.39999999999999947
2001-02-08,21.46,5.1,4.73,,,,,,0.3699999999999992
2001-02-09,22.03,5.03,4.67,,,,,,0.3600000000000003
2001-02-12,21.92,5.05,4.67,,,,,,0.3799999999999999
2001-02-13,21.37,5.07,4.75,,,,,,0.3200000000000003
2001-02-14,21.52,5.13,4.84,,,,,,0.29000000000000004
2001-02-15,20.27,5.19,4.89,,,,,,0.3000000000000007
2001-02-16,22.12,5.11,4.75,,,,,,0.3600000000000003
2001-02-19,,,,,,,,,
2001-02-20,24.69,5.11,4.73,,,,,,0.3799999999999999
2001-02-21,25.75,5.14,4.68,,,,,,0.45999999999999996
2001-02-22,26.76,5.15,4.63,,,,,,0.5200000000000005
2001-02-23,27.21,5.1,4.53,,,,,,0.5699999999999994
2001-02-26,25.43,5.05,4.46,,,,,,0.5899999999999999
2001-02-27,26.49,4.96,4.44,,,,,,0.5199999999999996
2001-02-28,28.35,4.92,4.41,,,,,,0.5099999999999998
2001-03-01,28.08,4.87,4.41,5.31,176.1,0.029824561403508643,4.3,0.0,0.45999999999999996
2001-03-02,27.43,4.95,4.48,,,,,,0.46999999999999975
2001-03-05,27.12,4.98,4.49,,,,,,0.4900000000000002
2001-03-06,25.89,4.99,4.49,,,,,,0.5
2001-03-07,24.12,4.92,4.43,,,,,,0.4900000000000002
2001-03-08,24.29,4.89,4.43,,,,,,0.45999999999999996
2001-03-09,25.62,4.95,4.47,,,,,,0.4800000000000004
2001-03-12,30.32,4.92,4.46,,,,,,0.45999999999999996
2001-03-13,27.55,4.95,4.46,,,,,,0.4900000000000002
2001-03-14,29.61,4.84,4.32,,,,,,0.5199999999999996
2001-03-15,28.56,4.81,4.22,,,,,,0.5899999999999999
2001-03-16,29.91,4.78,4.26,,,,,,0.5200000000000005
2001-03-19,29.78,4.82,4.32,,,,,,0.5
2001-03-20,30.96,4.78,4.24,,,,,,0.54
2001-03-21,31.93,4.77,4.21,,,,,,0.5599999999999996
2001-03-22,32.84,4.73,4.17,,,,,,0.5600000000000005
2001-03-23,30.45,4.8,4.24,,,,,,0.5599999999999996
2001-03-26,29.04,4.85,4.27,,,,,,0.5800000000000001
2001-03-27,27.04,5.0,4.41,,,,,,0.5899999999999999
2001-03-28,28.58,4.97,4.3,,,,,,0.6699999999999999
2001-03-29,29.17,4.98,4.27,,,,,,0.7100000000000009
2001-03-30,28.64,4.93,4.18,,,,,,0.75
2001-04-01,,,,4.8,176.4,0.03218256290228205,4.4,1.0,
2001-04-02,31.21,4.98,4.22,,,,,,0.7600000000000007
2001-04-03,34.72,4.94,4.15,,,,,,0.79
2001-04-04,34.07,4.94,4.12,,,,,,0.8200000000000003
2001-04-05,29.94,4.98,4.19,,,,,,0.79
2001-04-06,31.69,4.89,4.07,,,,,,0.8199999999999994
2001-04-09,31.91,4.93,4.1,,,,,,0.8300000000000001
2001-04-10,29.44,5.09,4.24,,,,,,0.8499999999999996
2001-04-11,28.46,5.12,4.29,,,,,,0.8300000000000001
2001-04-12,26.12,5.17,4.36,,,,,,0.8099999999999996
2001-04-13,,,,,,,,,
2001-04-16,26.33,5.28,4.49,,,,,,0.79
2001-04-17,25.61,5.21,4.41,,,,,,0.7999999999999998
2001-04-18,24.13,5.14,4.26,,,,,,0.8799999999999999
2001-04-19,24.16,5.27,4.29,,,,,,0.9799999999999995
2001-04-20,25.38,5.29,4.26,,,,,,1.0300000000000002
2001-04-23,28.16,5.2,4.15,,,,,,1.0499999999999998
2001-04-24,28.49,5.22,4.16,,,,,,1.0599999999999996
2001-04-25,27.4,5.28,4.2,,,,,,1.08
2001-04-26,25.96,5.2,4.14,,,,,,1.0600000000000005
2001-04-27,24.02,5.34,4.28,,,,,,1.0599999999999996
2001-04-30,25.48,5.35,4.3,,,,,,1.0499999999999998
2001-05-01,24.2,5.3,4.23,4.21,177.3,0.035630841121495394,4.3,1.0,1.0699999999999994
2001-05-02,24.23,5.31,4.27,,,,,,1.04
2001-05-03,25.78,5.22,4.22,,,,,,1.0
2001-05-04,23.91,5.21,4.14,,,,,,1.0700000000000003
2001-05-07,24.86,5.21,4.12,,,,,,1.0899999999999999
2001-05-08,24.44,5.24,4.1,,,,,,1.1400000000000006
2001-05-09,24.35,5.2,4.07,,,,,,1.13
2001-05-10,24.0,5.31,4.17,,,,,,1.1399999999999997
2001-05-11,23.54,5.51,4.36,,,,,,1.1499999999999995
2001-05-14,24.26,5.46,4.29,,,,,,1.17
2001-05-15,23.71,5.5,4.28,,,,,,1.2199999999999998
2001-05-16,21.89,5.48,4.25,,,,,,1.2300000000000004
2001-05-17,21.47,5.46,4.33,,,,,,1.13
2001-05-18,21.23,5.41,4.37,,,,,,1.04
2001-05-21,20.76,5.41,4.37,,,,,,1.04
2001-05-22,21.35,5.42,4.34,,,,,,1.08
2001-05-23,22.08,5.41,4.29,,,,,,1.12
2001-05-24,20.57,5.52,4.32,,,,,,1.1999999999999993
2001-05-25,20.6,5.52,4.31,,,,,,1.21
2001-05-28,,,,,,,,,
2001-05-29,22.14,5.54,4.33,,,,,,1.21
2001-05-30,22.76,5.54,4.34,,,,,,1.2000000000000002
2001-05-31,22.64,5.43,4.22,,,,,,1.21
2001-06-01,21.59,5.39,4.22,3.97,177.7,0.03193960511033689,4.5,1.0,1.17
2001-06-04,21.38,5.35,4.19,,,,,,1.1599999999999993
2001-06-05,19.58,5.29,4.12,,,,,,1.17
2001-06-06,20.39,5.27,4.12,,,,,,1.1499999999999995
2001-06-07,19.67,5.33,4.14,,,,,,1.1900000000000004
2001-06-08,19.92,5.38,4.17,,,,,,1.21
2001-06-11,20.7,5.32,4.11,,,,,,1.21
2001-06-12,20.7,5.27,4.09,,,,,,1.1799999999999997
2001-06-13,21.45,5.28,4.08,,,,,,1.2000000000000002
2001-06-14,23.12,5.26,4.04,,,,,,1.2199999999999998
2001-06-15,22.81,5.27,4.01,,,,,,1.2599999999999998
2001-06-18,23.17,5.27,3.98,,,,,,1.2899999999999996
2001-06-19,22.34,5.26,3.99,,,,,,1.2699999999999996
2001-06-20,21.71,5.24,3.98,,,,,,1.2600000000000002
2001-06-21,19.38,5.22,3.99,,,,,,1.2299999999999995
2001-06-22,20.02,5.14,3.93,,,,,,1.2099999999999995
2001-06-25,20.67,5.16,3.96,,,,,,1.2000000000000002
2001-06-26,21.2,5.24,4.03,,,,,,1.21
2001-06-27,20.88,5.26,4.06,,,,,,1.2000000000000002
2001-06-28,20.01,5.35,4.22,,,,,,1.13
2001-06-29,19.06,5.42,4.25,,,,,,1.17
2001-07-01,,,,3.77,177.4,0.027214823393167498,4.6,1.0,
2001-07-02,18.76,5.37,4.21,,,,,,1.1600000000000001
2001-07-03,18.92,5.41,4.24,,,,,,1.17
2001-07-04,,,,,,,,,
2001-07-05,20.09,5.44,4.24,,,,,,1.2000000000000002
2001-07-06,21.63,5.41,4.16,,,,,,1.25
2001-07-09,22.48,5.37,4.15,,,,,,1.2199999999999998
2001-07-10,23.25,5.32,4.08,,,,,,1.2400000000000002
2001-07-11,24.01,5.31,4.07,,,,,,1.2399999999999993
2001-07-12,22.09,5.27,4.07,,,,,,1.1999999999999993
2001-07-13,21.14,5.27,4.12,,,,,,1.1499999999999995
2001-07-16,22.91,5.21,4.07,,,,,,1.1399999999999997
2001-07-17,22.61,5.22,4.09,,,,,,1.13
2001-07-18,23.6,5.12,3.96,,,,,,1.1600000000000001
2001-07-19,22.51,5.13,3.98,,,,,,1.15
2001-07-20,22.34,5.15,3.98,,,,,,1.1700000000000004
2001-07-23,23.74,5.13,3.98,,,,,,1.15
2001-07-24,25.24,5.13,3.97,,,,,,1.1599999999999997
2001-07-25,24.0,5.2,3.98,,,,,,1.2200000000000002
2001-07-26,23.01,5.19,3.94,,,,,,1.2500000000000004
2001-07-27,22.0,5.13,3.87,,,,,,1.2599999999999998
2001-07-30,22.69,5.11,3.86,,,,,,1.2500000000000004
2001-07-31,21.62,5.07,3.79,,,,,,1.2800000000000002
2001-08-01,20.56,5.11,3.83,3.65,177.4,0.027214823393167498,4.9,1.0,1.2800000000000002
2001-08-02,20.09,5.17,3.89,,,,,,1.2799999999999998
2001-08-03,19.89,5.2,3.91,,,,,,1.29
2001-08-06,21.89,5.19,3.88,,,,,,1.3100000000000005
2001-08-07,21.01,5.2,3.9,,,,,,1.3000000000000003
2001-08-08,22.32,4.99,3.77,,,,,,1.2200000000000002
2001-08-09,21.75,5.04,3.77,,,,,,1.27
2001-08-10,20.55,4.99,3.73,,,,,,1.2600000000000002
2001-08-13,20.42,4.97,3.7,,,,,,1.2699999999999996
2001-08-14,20.48,4.97,3.74,,,,,,1.2299999999999995
2001-08-15,20.91,5.0,3.8,,,,,,1.2000000000000002
2001-08-16,21.54,4.95,3.75,,,,,,1.2000000000000002
2001-08-17,23.84,4.84,3.67,,,,,,1.17
2001-08-20,22.87,4.91,3.74,,,,,,1.17
2001-08-21,24.4,4.87,3.69,,,,,,1.1800000000000002
2001-08-22,22.44,4.91,3.76,,,,,,1.1500000000000004
2001-08-23,22.23,4.89,3.72,,,,,,1.1699999999999995
2001-08-24,19.71,4.93,3.76,,,,,,1.17
2001-08-27,20.56,4.94,3.78,,,,,,1.1600000000000006
2001-08-28,22.0,4.85,3.71,,,,,,1.1399999999999997
2001-08-29,23.03,4.78,3.67,,,,,,1.1100000000000003
2001-08-30,25.41,4.79,3.61,,,,,,1.1800000000000002
2001-08-31,24.92,4.85,3.64,,,,,,1.2099999999999995
2001-09-01,,,,3.07,178.1,0.025921658986175045,5.0,1.0,
2001-09-03,,,,,,,,,
2001-09-04,25.85,4.99,3.83,,,,,,1.1600000000000001
2001-09-05,26.35,4.97,3.79,,,,,,1.1799999999999997
2001-09-06,28.61,4.86,3.65,,,,,,1.2100000000000004
2001-09-07,30.99,4.8,3.53,,,,,,1.27
2001-09-10,31.84,4.84,3.53,,,,,,1.31
2001-09-11,,,,,,,,,
2001-09-12,,,,,,,,,
2001-09-13,,4.64,2.99,,,,,,1.6499999999999995
2001-09-14,,4.57,2.87,,,,,,1.7000000000000002
2001-09-17,41.76,4.63,2.96,,,,,,1.67
2001-09-18,38.87,4.72,2.96,,,,,,1.7599999999999998
2001-09-19,40.56,4.69,2.81,,,,,,1.8800000000000003
2001-09-20,43.74,4.75,2.91,,,,,,1.8399999999999999
2001-09-21,42.66,4.7,2.91,,,,,,1.79
2001-09-24,37.75,4.73,2.94,,,,,,1.7900000000000005
2001-09-25,35.81,4.72,2.88,,,,,,1.8399999999999999
2001-09-26,35.26,4.65,2.82,,,,,,1.8300000000000005
2001-09-27,34.0,4.58,2.78,,,,,,1.8000000000000003
2001-09-28,31.93,4.6,2.86,,,,,,1.7399999999999998
2001-10-01,32.32,4.55,2.82,2.49,177.6,0.02127659574468077,5.3,1.0,1.73
2001-10-02,31.18,4.53,2.77,,,,,,1.7600000000000002
2001-10-03,31.34,4.5,2.77,,,,,,1.73
2001-10-04,31.97,4.53,2.75,,,,,,1.7800000000000002
2001-10-05,33.39,4.52,2.71,,,,,,1.8099999999999996
2001-10-08,35.12,,,,,,,,
2001-10-09,34.83,4.62,2.74,,,,,,1.88
2001-10-10,31.6,4.61,2.78,,,,,,1.8300000000000005
2001-10-11,31.5,4.69,2.88,,,,,,1.8100000000000005
2001-10-12,35.27,4.68,2.81,,,,,,1.8699999999999997
2001-10-15,35.31,4.62,2.78,,,,,,1.8400000000000003
2001-10-16,32.88,4.59,2.77,,,,,,1.8199999999999998
2001-10-17,35.08,4.59,2.8,,,,,,1.79
2001-10-18,34.95,4.58,2.77,,,,,,1.81
2001-10-19,34.11,4.63,2.77,,,,,,1.8599999999999999
2001-10-22,32.25,4.63,2.79,,,,,,1.8399999999999999
2001-10-23,32.0,4.66,2.81,,,,,,1.85
2001-10-24,30.95,4.61,2.72,,,,,,1.8900000000000001
2001-10-25,29.46,4.56,2.63,,,,,,1.9299999999999997
2001-10-26,28.42,4.53,2.63,,,,,,1.9000000000000004
2001-10-29,31.64,4.5,2.55,,,,,,1.9500000000000002
2001-10-30,33.46,4.44,2.48,,,,,,1.9600000000000004
2001-10-31,33.56,4.3,2.44,,,,,,1.8599999999999999
2001-11-01,32.31,4.24,2.49,2.09,177.5,0.01894374282433997,5.5,1.0,1.75
2001-11-02,30.71,4.37,2.48,,,,,,1.8900000000000001
2001-11-05,30.5,4.31,2.46,,,,,,1.8499999999999996
2001-11-06,28.8,4.3,2.37,,,,,,1.9299999999999997
2001-11-07,29.13,4.22,2.32,,,,,,1.9
2001-11-08,28.62,4.32,2.42,,,,,,1.9000000000000004
2001-11-09,27.44,4.34,2.45,,,,,,1.8899999999999997
2001-11-12,29.35,,,,,,,,
2001-11-13,26.47,4.41,2.54,,,,,,1.87
2001-11-14,26.56,4.54,2.7,,,,,,1.8399999999999999
2001-11-15,25.56,4.79,2.98,,,,,,1.81
2001-11-16,25.07,4.91,3.09,,,,,,1.8200000000000003
2001-11-19,24.46,4.8,2.92,,,,,,1.88
2001-11-20,24.12,4.88,2.96,,,,,,1.92
2001-11-21,24.19,4.98,3.11,,,,,,1.8700000000000006
2001-11-22,,,,,,,,,
2001-11-23,23.25,5.04,3.2,,,,,,1.8399999999999999
2001-11-26,23.79,5.05,3.22,,,,,,1.8299999999999996
2001-11-27,24.0,4.98,3.11,,,,,,1.8700000000000006
2001-11-28,25.9,4.98,3.12,,,,,,1.8600000000000003
2001-11-29,25.18,4.79,2.87,,,,,,1.92
2001-11-30,23.84,4.78,2.84,,,,,,1.9400000000000004
2001-12-01,,,,1.82,177.4,0.01603665521191311,5.7,0.0,
2001-12-03,25.77,4.75,2.82,,,,,,1.9300000000000002
2001-12-04,24.08,4.7,2.81,,,,,,1.8900000000000001
2001-12-05,23.02,4.92,3.07,,,,,,1.85
2001-12-06,23.71,5.04,3.19,,,,,,1.85
2001-12-07,23.49,5.2,3.19,,,,,,2.0100000000000002
2001-12-10,25.62,5.17,3.1,,,,,,2.07
2001-12-11,25.3,5.13,3.03,,,,,,2.1
2001-12-12,24.87,5.02,2.97,,,,,,2.0499999999999994
2001-12-13,25.91,5.13,3.09,,,,,,2.04
2001-12-14,24.63,5.24,3.2,,,,,,2.04
2001-12-17,24.26,5.26,3.21,,,,,,2.05
2001-12-18,23.29,5.16,3.13,,,,,,2.0300000000000002
2001-12-19,22.58,5.08,3.11,,,,,,1.9700000000000002
2001-12-20,23.67,5.08,3.15,,,,,,1.9300000000000002
2001-12-21,22.5,5.12,3.17,,,,,,1.9500000000000002
2001-12-24,22.62,5.18,3.22,,,,,,1.9599999999999995
2001-12-25,,,,,,,,,
2001-12-26,22.29,5.22,3.26,,,,,,1.96
2001-12-27,21.59,5.13,3.19,,,,,,1.94
2001-12-28,21.4,5.15,3.16,,,,,,1.9900000000000002
2001-12-31,23.8,5.07,3.07,,,,,,2.0000000000000004
2002-01-01,,,,1.73,177.7,0.011958997722095743,5.7,0.0,
2002-01-02,22.71,5.2,3.22,,,,,,1.98
2002-01-03,21.34,5.16,3.19,,,,,,1.9700000000000002
2002-01-04,20.45,5.18,3.19,,,,,,1.9899999999999998
2002-01-07,21.94,5.09,3.08,,,,,,2.01
2002-01-08,21.83,5.1,3.07,,,,,,2.03
2002-01-09,22.13,5.1,3.03,,,,,,2.07
2002-01-10,22.36,5.0,2.94,,,,,,2.06
2002-01-11,22.6,4.92,2.76,,,,,,2.16
2002-01-14,23.58,4.91,2.79,,,,,,2.12
2002-01-15,22.7,4.88,2.79,,,,,,2.09
2002-01-16,23.45,4.88,2.84,,,,,,2.04
2002-01-17,22.25,4.98,2.96,,,,,,2.0200000000000005
2002-01-18,22.52,4.94,2.91,,,,,,2.0300000000000002
2002-01-21,,,,,,,,,
2002-01-22,23.61,4.96,2.97,,,,,,1.9899999999999998
2002-01-23,21.88,5.05,3.07,,,,,,1.98
2002-01-24,21.15,5.07,3.15,,,,,,1.9200000000000004
2002-01-25,21.01,5.1,3.17,,,,,,1.9299999999999997
2002-01-28,21.14,5.12,3.19,,,,,,1.9300000000000002
2002-01-29,24.35,5.02,3.05,,,,,,1.9699999999999998
2002-01-30,23.22,5.02,3.06,,,,,,1.9599999999999995
2002-01-31,21.09,5.07,3.16,,,,,,1.9100000000000001
2002-02-01,21.12,5.02,3.08,1.74,178.0,0.011363636363636465,5.7,0.0,1.9399999999999995
2002-02-04,24.87,4.94,2.99,,,,,,1.9500000000000002
2002-02-05,25.45,4.92,2.99,,,,,,1.9299999999999997
2002-02-06,26.09,4.92,2.98,,,,,,1.94
2002-02-07,25.11,4.93,2.99,,,,,,1.9399999999999995
2002-02-08,23.26,4.9,2.95,,,,,,1.9500000000000002
2002-02-11,21.78,4.91,2.95,,,,,,1.96
2002-02-12,21.62,4.97,3.04,,,,,,1.9299999999999997
2002-02-13,20.85,5.01,3.09,,,,,,1.92
2002-02-14,21.77,4.95,3.07,,,,,,1.8800000000000003
2002-02-15,22.37,4.86,2.97,,,,,,1.8900000000000001
2002-02-18,,,,,,,,,
2002-02-19,24.43,4.88,2.98,,,,,,1.9
2002-02-20,22.66,4.88,3.0,,,,,,1.88
2002-02-21,23.8,4.88,3.0,,,,,,1.88
2002-02-22,22.86,4.84,2.97,,,,,,1.8699999999999997
2002-02-25,21.84,4.86,3.01,,,,,,1.8500000000000005
2002-02-26,21.68,4.93,3.08,,,,,,1.8499999999999996
2002-02-27,21.49,4.84,3.09,,,,,,1.75
2002-02-28,21.59,4.88,3.06,,,,,,1.8199999999999998
2002-03-01,19.96,4.98,3.18,1.73,178.5,0.013628620102214661,5.7,0.0,1.8000000000000003
2002-03-04,20.5,5.02,3.24,,,,,,1.7799999999999994
2002-03-05,20.3,5.02,3.25,,,,,,1.7699999999999996
2002-03-06,19.94,5.06,3.26,,,,,,1.7999999999999998
2002-03-07,20.04,5.22,3.36,,,,,,1.8599999999999999
2002-03-08,19.27,5.33,3.6,,,,,,1.73
2002-03-11,19.84,5.33,3.59,,,,,,1.7400000000000002
2002-03-12,19.59,5.32,3.56,,,,,,1.7600000000000002
2002-03-13,19.46,5.28,3.49,,,,,,1.79
2002-03-14,19.2,5.4,3.63,,,,,,1.7700000000000005
2002-03-15,18.42,5.35,3.63,,,,,,1.7199999999999998
2002-03-18,18.93,5.32,3.67,,,,,,1.6500000000000004
2002-03-19,18.16,5.33,3.64,,,,,,1.69
2002-03-20,18.46,5.4,3.71,,,,,,1.6900000000000004
2002-03-21,18.15,5.39,3.73,,,,,,1.6599999999999997
2002-03-22,17.77,5.4,3.77,,,,,,1.6300000000000003
2002-03-25,18.48,5.41,3.78,,,,,,1.6300000000000003
2002-03-26,18.13,5.35,3.68,,,,,,1.6699999999999995
2002-03-27,17.7,5.35,3.66,,,,,,1.6899999999999995
2002-03-28,17.4,5.42,3.72,,,,,,1.6999999999999997
2002-03-29,,,,,,,,,
2002-04-01,18.73,5.44,3.74,1.75,179.3,0.01643990929705219,5.9,0.0,1.7000000000000002
2002-04-02,19.16,5.36,3.63,,,,,,1.7300000000000004
2002-04-03,20.2,5.3,3.55,,,,,,1.75
2002-04-04,19.78,5.28,3.57,,,,,,1.7100000000000004
2002-04-05,19.13,5.22,3.49,,,,,,1.7299999999999995
2002-04-08,19.61,5.25,3.51,,,,,,1.7400000000000002
2002-04-09,19.47,5.22,3.48,,,,,,1.7399999999999998
2002-04-10,18.19,5.24,3.48,,,,,,1.7600000000000002
2002-04-11,20.3,5.22,3.47,,,,,,1.7499999999999996
2002-04-12,19.42,5.18,3.41,,,,,,1.7699999999999996
2002-04-15,19.82,5.15,3.38,,,,,,1.7700000000000005
2002-04-16,18.11,5.2,3.43,,,,,,1.77
2002-04-17,18.43,5.24,3.41,,,,,,1.83
2002-04-18,19.29,5.23,3.38,,,,,,1.8500000000000005
2002-04-19,18.3,5.21,3.36,,,,,,1.85
2002-04-22,19.77,5.19,3.37,,,,,,1.8200000000000003
2002-04-23,20.28,5.18,3.39,,,,,,1.7899999999999996
2002-04-24,20.77,5.11,3.28,,,,,,1.8300000000000005
2002-04-25,20.95,5.1,3.25,,,,,,1.8499999999999996
2002-04-26,22.14,5.08,3.22,,,,,,1.8599999999999999
2002-04-29,24.05,5.13,3.26,,,,,,1.87
2002-04-30,21.91,5.11,3.24,,,,,,1.87
2002-05-01,20.06,5.08,3.21,1.75,179.5,0.012408347433727984,5.8,0.0,1.87
2002-05-02,20.07,5.13,3.25,,,,,,1.88
2002-05-03,20.19,5.08,3.17,,,,,,1.9100000000000001
2002-05-06,22.56,5.1,3.19,,,,,,1.9099999999999997
2002-05-07,21.94,5.09,3.14,,,,,,1.9499999999999997
2002-05-08,20.39,5.24,3.32,,,,,,1.9200000000000004
2002-05-09,21.56,5.2,3.27,,,,,,1.9300000000000002
2002-05-10,22.41,5.15,3.19,,,,,,1.9600000000000004
2002-05-13,20.72,5.23,3.28,,,,,,1.9500000000000006
2002-05-14,19.35,5.32,3.4,,,,,,1.9200000000000004
2002-05-15,19.19,5.28,3.37,,,,,,1.9100000000000001
2002-05-16,18.5,5.2,3.28,,,,,,1.9200000000000004
2002-05-17,17.7,5.27,3.41,,,,,,1.8599999999999994
2002-05-20,19.24,5.21,3.33,,,,,,1.88
2002-05-21,20.05,5.18,3.28,,,,,,1.9
2002-05-22,19.58,5.13,3.23,,,,,,1.9
2002-05-23,18.23,5.16,3.28,,,,,,1.8800000000000003
2002-05-24,18.9,5.16,3.28,,,,,,1.8800000000000003
2002-05-27,,,,,,,,,
2002-05-28,20.31,5.16,3.3,,,,,,1.8600000000000003
2002-05-29,20.39,5.11,3.24,,,,,,1.87
2002-05-30,20.61,5.06,3.17,,,,,,1.8899999999999997
2002-05-31,19.98,5.08,3.22,,,,,,1.8599999999999999
2002-06-01,,,,1.75,179.6,0.010692177827799743,5.8,0.0,
2002-06-03,23.37,5.06,3.19,,,,,,1.8699999999999997
2002-06-04,23.89,5.04,3.13,,,,,,1.9100000000000001
2002-06-05,22.61,5.08,3.16,,,,,,1.92
2002-06-06,24.16,5.04,3.13,,,,,,1.9100000000000001
2002-06-07,23.51,5.1,3.16,,,,,,1.9399999999999995
2002-06-10,23.72,5.07,3.15,,,,,,1.9200000000000004
2002-06-11,24.45,5.02,3.09,,,,,,1.9299999999999997
2002-06-12,24.15,4.98,3.05,,,,,,1.9300000000000006
2002-06-13,25.02,4.94,3.0,,,,,,1.9400000000000004
2002-06-14,25.96,4.83,2.92,,,,,,1.9100000000000001
2002-06-17,24.64,4.89,2.96,,,,,,1.9299999999999997
2002-06-18,24.24,4.88,2.93,,,,,,1.9499999999999997
2002-06-19,26.06,4.76,2.81,,,,,,1.9499999999999997
2002-06-20,27.48,4.85,2.93,,,,,,1.9199999999999995
2002-06-21,27.23,4.79,2.88,,,,,,1.9100000000000001
2002-06-24,26.98,4.87,2.93,,,,,,1.94
2002-06-25,27.84,4.88,2.92,,,,,,1.96
2002-06-26,28.42,4.75,2.77,,,,,,1.98
2002-06-27,26.29,4.84,2.85,,,,,,1.9899999999999998
2002-06-28,25.4,4.86,2.9,,,,,,1.9600000000000004
2002-07-01,27.11,4.85,2.88,1.73,180.0,0.01465614430665152,5.8,0.0,1.9699999999999998
2002-07-02,28.96,4.77,2.78,,,,,,1.9899999999999998
2002-07-03,29.42,4.78,2.78,,,,,,2.0000000000000004
2002-07-04,,,,,,,,,
2002-07-05,27.11,4.9,2.9,,,,,,2.0000000000000004
2002-07-08,28.25,4.84,2.84,,,,,,2.0
2002-07-09,30.22,4.78,2.74,,,,,,2.04
2002-07-10,34.1,4.66,2.61,,,,,,2.0500000000000003
2002-07-11,33.85,4.66,2.61,,,,,,2.0500000000000003
2002-07-12,32.94,4.63,2.56,,,,,,2.07
2002-07-15,35.03,4.66,2.55,,,,,,2.1100000000000003
2002-07-16,36.65,4.75,2.66,,,,,,2.09
2002-07-17,35.45,4.71,2.63,,,,,,2.08
2002-07-18,35.12,4.66,2.55,,,,,,2.1100000000000003
2002-07-19,38.17,4.61,2.48,,,,,,2.1300000000000003
2002-07-22,41.87,4.51,2.4,,,,,,2.11
2002-07-23,44.92,4.47,2.34,,,,,,2.13
2002-07-24,39.86,4.49,2.38,,,,,,2.1100000000000003
2002-07-25,39.27,4.43,2.28,,,,,,2.15
2002-07-26,35.51,4.43,2.2,,,,,,2.2299999999999995
2002-07-29,31.33,4.62,2.41,,,,,,2.21
2002-07-30,31.92,4.65,2.44,,,,,,2.2100000000000004
2002-07-31,32.03,4.51,2.23,,,,,,2.28
2002-08-01,36.95,4.47,2.15,1.74,180.5,0.01747463359639223,5.7,0.0,2.32
2002-08-02,41.29,4.33,1.99,,,,,,2.34
2002-08-05,45.08,4.29,1.93,,,,,,2.3600000000000003
2002-08-06,42.03,4.42,2.11,,,,,,2.31
2002-08-07,38.73,4.35,1.98,,,,,,2.3699999999999997
2002-08-08,36.33,4.4,2.1,,,,,,2.3000000000000003
2002-08-09,35.33,4.27,2.1,,,,,,2.1699999999999995
2002-08-12,37.05,4.22,2.1,,,,,,2.1199999999999997
2002-08-13,35.82,4.12,2.0,,,,,,2.12
2002-08-14,32.36,4.06,2.12,,,,,,1.9399999999999995
2002-08-15,29.43,4.17,2.22,,,,,,1.9499999999999997
2002-08-16,28.81,4.32,2.28,,,,,,2.0400000000000005
2002-08-19,28.61,4.29,2.25,,,,,,2.04
2002-08-20,29.59,4.17,2.12,,,,,,2.05
2002-08-21,28.23,4.2,2.12,,,,,,2.08
2002-08-22,27.75,4.3,2.22,,,,,,2.0799999999999996
2002-08-23,29.32,4.25,2.19,,,,,,2.06
2002-08-26,29.89,4.22,2.19,,,,,,2.03
2002-08-27,30.11,4.29,2.26,,,,,,2.0300000000000002
2002-08-28,33.32,4.22,2.23,,,,,,1.9899999999999998
2002-08-29,33.67,4.16,2.14,,,,,,2.02
2002-08-30,32.64,4.14,2.14,,,,,,1.9999999999999996
2002-09-01,,,,1.75,180.8,0.01516002245929271,5.7,0.0,
2002-09-02,,,,,,,,,
2002-09-03,39.97,3.98,2.01,,,,,,1.9700000000000002
2002-09-04,37.44,3.96,2.02,,,,,,1.94
2002-09-05,38.86,3.91,1.95,,,,,,1.9600000000000002
2002-09-06,36.33,4.05,2.08,,,,,,1.9699999999999998
2002-09-09,36.45,4.05,2.13,,,,,,1.92
2002-09-10,35.08,4.0,2.12,,,,,,1.88
2002-09-11,34.81,4.07,2.18,,,,,,1.8900000000000001
2002-09-12,37.5,3.98,2.12,,,,,,1.8599999999999999
2002-09-13,35.82,3.92,2.07,,,,,,1.85
2002-09-16,36.74,3.9,2.07,,,,,,1.83
2002-09-17,38.01,3.87,2.06,,,,,,1.81
2002-09-18,37.52,3.86,2.04,,,,,,1.8199999999999998
2002-09-19,40.65,3.79,1.93,,,,,,1.86
2002-09-20,38.98,3.79,1.94,,,,,,1.85
2002-09-23,39.68,3.7,1.93,,,,,,1.7700000000000002
2002-09-24,40.52,3.69,1.93,,,,,,1.76
2002-09-25,37.33,3.77,2.0,,,,,,1.77
2002-09-26,34.6,3.79,1.97,,,,,,1.82
2002-09-27,36.97,3.69,1.82,,,,,,1.8699999999999999
2002-09-30,39.69,3.63,1.72,,,,,,1.91
2002-10-01,34.12,3.72,1.8,1.75,181.2,0.020270270270270174,5.7,0.0,1.9200000000000002
2002-10-02,36.83,3.71,1.75,,,,,,1.96
2002-10-03,37.31,3.7,1.75,,,,,,1.9500000000000002
2002-10-04,39.46,3.69,1.78,,,,,,1.91
2002-10-07,42.64,3.64,1.77,,,,,,1.87
2002-10-08,41.02,3.65,1.8,,,,,,1.8499999999999999
2002-10-09,42.13,3.61,1.72,,,,,,1.89
2002-10-10,37.55,3.68,1.75,,,,,,1.9300000000000002
2002-10-11,35.7,3.83,1.85,,,,,,1.98
2002-10-14,36.04,,,,,,,,
2002-10-15,34.02,4.07,2.08,,,,,,1.9900000000000002
2002-10-16,36.0,4.06,2.02,,,,,,2.0399999999999996
2002-10-17,34.1,4.16,2.1,,,,,,2.06
2002-10-18,33.53,4.14,2.09,,,,,,2.05
2002-10-21,33.11,4.24,2.23,,,,,,2.0100000000000002
2002-10-22,34.09,4.27,2.21,,,,,,2.0599999999999996
2002-10-23,33.2,4.26,2.2,,,,,,2.0599999999999996
2002-10-24,34.03,4.16,2.09,,,,,,2.0700000000000003
2002-10-25,30.0,4.12,1.98,,,,,,2.14
2002-10-28,31.07,4.1,1.88,,,,,,2.2199999999999998
2002-10-29,32.27,3.97,1.79,,,,,,2.18
2002-10-30,31.23,3.99,1.74,,,,,,2.25
2002-10-31,31.14,3.93,1.68,,,,,,2.25
2002-11-01,29.3,4.01,1.76,1.34,181.5,0.022535211267605604,5.9,0.0,2.25
2002-11-04,30.82,4.07,1.79,,,,,,2.2800000000000002
2002-11-05,31.23,4.1,1.82,,,,,,2.2799999999999994
2002-11-06,30.73,4.09,1.87,,,,,,2.2199999999999998
2002-11-07,31.42,3.88,1.86,,,,,,2.0199999999999996
2002-11-08,29.41,3.85,1.87,,,,,,1.98
2002-11-11,31.3,,,,,,,,
2002-11-12,30.58,3.84,1.79,,,,,,2.05
2002-11-13,31.24,3.84,1.76,,,,,,2.08
2002-11-14,28.67,4.03,1.89,,,,,,2.1400000000000006
2002-11-15,26.65,4.05,1.91,,,,,,2.1399999999999997
2002-11-18,27.66,4.02,1.91,,,,,,2.1099999999999994
2002-11-19,27.41,3.99,1.91,,,,,,2.08
2002-11-20,25.32,4.08,1.98,,,,,,2.1
2002-11-21,23.81,4.14,2.05,,,,,,2.09
2002-11-22,23.16,4.18,2.1,,,,,,2.0799999999999996
2002-11-25,24.07,4.19,2.09,,,,,,2.1000000000000005
2002-11-26,25.97,4.08,1.97,,,,,,2.1100000000000003
2002-11-27,27.25,4.26,2.13,,,,,,2.13
2002-11-28,,,,,,,,,
2002-11-29,27.5,4.22,2.08,,,,,,2.1399999999999997
2002-12-01,,,,1.24,181.8,0.024802705749718212,6.0,0.0,
2002-12-02,27.46,4.22,2.07,,,,,,2.15
2002-12-03,28.33,4.24,2.08,,,,,,2.16
2002-12-04,28.92,4.18,2.02,,,,,,2.1599999999999997
2002-12-05,30.1,4.13,1.97,,,,,,2.16
2002-12-06,28.88,4.09,1.89,,,,,,2.2
2002-12-09,30.78,4.06,1.88,,,,,,2.1799999999999997
2002-12-10,28.76,4.06,1.9,,,,,,2.1599999999999997
2002-12-11,27.76,4.01,1.85,,,,,,2.1599999999999997
2002-12-12,27.29,4.01,1.85,,,,,,2.1599999999999997
2002-12-13,28.18,4.07,1.87,,,,,,2.2
2002-12-16,26.24,4.15,1.94,,,,,,2.2100000000000004
2002-12-17,26.66,4.13,1.89,,,,,,2.24
2002-12-18,28.29,4.06,1.81,,,,,,2.2499999999999996
2002-12-19,30.21,3.96,1.74,,,,,,2.2199999999999998
2002-12-20,26.71,3.97,1.76,,,,,,2.21
2002-12-23,26.2,3.98,1.79,,,,,,2.19
2002-12-24,26.49,3.95,1.73,,,,,,2.22
2002-12-25,,,,,,,,,
2002-12-26,27.37,3.93,1.7,,,,,,2.2300000000000004
2002-12-27,29.55,3.83,1.6,,,,,,2.23
2002-12-30,29.62,3.82,1.61,,,,,,2.21
2002-12-31,28.62,3.83,1.61,,,,,,2.2199999999999998
2003-01-01,,,,1.24,182.6,0.02757456387169399,5.8,0.0,
2003-01-02,25.39,4.07,1.8,,,,,,2.2700000000000005
2003-01-03,24.68,4.05,1.79,,,,,,2.26
2003-01-06,24.91,4.09,1.84,,,,,,2.25
2003-01-07,25.13,4.04,1.77,,,,,,2.27
2003-01-08,25.53,4.0,1.71,,,,,,2.29
2003-01-09,24.25,4.19,1.87,,,,,,2.3200000000000003
2003-01-10,24.32,4.16,1.79,,,,,,2.37
2003-01-13,24.9,4.15,1.81,,,,,,2.3400000000000003
2003-01-14,24.57,4.1,1.76,,,,,,2.34
2003-01-15,25.51,4.1,1.75,,,,,,2.3499999999999996
2003-01-16,25.01,4.1,1.75,,,,,,2.3499999999999996
2003-01-17,25.7,4.05,1.7,,,,,,2.3499999999999996
2003-01-20,,,,,,,,,
2003-01-21,27.59,4.01,1.67,,,,,,2.34
2003-01-22,29.01,3.95,1.66,,,,,,2.29
2003-01-23,27.53,3.98,1.69,,,,,,2.29
2003-01-24,31.51,3.94,1.66,,,,,,2.2800000000000002
2003-01-27,34.69,3.98,1.7,,,,,,2.2800000000000002
2003-01-28,31.93,4.0,1.7,,,,,,2.3
2003-01-29,31.26,4.06,1.77,,,,,,2.2899999999999996
2003-01-30,31.32,4.0,1.7,,,,,,2.3
2003-01-31,31.17,4.0,1.72,,,,,,2.2800000000000002
2003-02-01,,,,1.26,183.6,0.03146067415730336,5.9,0.0,
2003-02-03,31.02,4.01,1.72,,,,,,2.29
2003-02-04,32.76,3.96,1.68,,,,,,2.2800000000000002
2003-02-05,33.04,4.02,1.73,,,,,,2.2899999999999996
2003-02-06,33.35,3.97,1.68,,,,,,2.29
2003-02-07,34.01,3.96,1.63,,,,,,2.33
2003-02-10,33.99,3.99,1.68,,,,,,2.3100000000000005
2003-02-11,33.68,3.98,1.65,,,,,,2.33
2003-02-12,34.33,3.93,1.62,,,,,,2.31
2003-02-13,33.7,3.89,1.57,,,,,,2.3200000000000003
2003-02-14,32.62,3.95,1.62,,,,,,2.33
2003-02-17,,,,,,,,,
2003-02-18,31.11,3.94,1.66,,,,,,2.2800000000000002
2003-02-19,31.31,3.88,1.61,,,,,,2.2699999999999996
2003-02-20,31.16,3.85,1.59,,,,,,2.26
2003-02-21,30.25,3.9,1.63,,,,,,2.27
2003-02-24,31.98,3.86,1.6,,,,,,2.26
2003-02-25,31.74,3.81,1.58,,,,,,2.23
2003-02-26,31.94,3.78,1.57,,,,,,2.21
2003-02-27,30.53,3.76,1.58,,,,,,2.1799999999999997
2003-02-28,29.63,3.71,1.53,,,,,,2.1799999999999997
2003-03-01,,,,1.25,183.9,0.03025210084033625,5.9,0.0,
2003-03-03,30.43,3.68,1.52,,,,,,2.16
2003-03-04,31.83,3.65,1.49,,,,,,2.16
2003-03-05,30.38,3.63,1.46,,,,,,2.17
2003-03-06,31.37,3.67,1.47,,,,,,2.2
2003-03-07,31.08,3.63,1.39,,,,,,2.24
2003-03-10,33.31,3.59,1.35,,,,,,2.2399999999999998
2003-03-11,33.61,3.6,1.38,,,,,,2.22
2003-03-12,33.51,3.6,1.45,,,,,,2.1500000000000004
2003-03-13,31.76,3.74,1.59,,,,,,2.1500000000000004
2003-03-14,30.98,3.72,1.56,,,,,,2.16
2003-03-17,31.75,3.82,1.63,,,,,,2.19
2003-03-18,30.43,3.91,1.72,,,,,,2.1900000000000004
2003-03-19,31.54,3.98,1.72,,,,,,2.26
2003-03-20,30.44,4.01,1.75,,,,,,2.26
2003-03-21,28.67,4.11,1.8,,,,,,2.3100000000000005
2003-03-24,30.39,3.98,1.71,,,,,,2.27
2003-03-25,28.75,3.97,1.69,,,,,,2.2800000000000002
2003-03-26,28.23,3.96,1.68,,,,,,2.2800000000000002
2003-03-27,27.96,3.95,1.62,,,,,,2.33
2003-03-28,27.75,3.92,1.56,,,,,,2.36
2003-03-31,29.15,3.83,1.51,,,,,,2.3200000000000003
2003-04-01,28.36,3.84,1.5,1.26,183.2,0.02175125488008911,6.0,0.0,2.34
2003-04-02,28.02,3.94,1.6,,,,,,2.34
2003-04-03,28.21,3.93,1.55,,,,,,2.38
2003-04-04,29.13,3.96,1.55,,,,,,2.41
2003-04-07,28.45,4.03,1.65,,,,,,2.3800000000000003
2003-04-08,27.13,3.95,1.59,,,,,,2.3600000000000003
2003-04-09,27.11,3.93,1.55,,,,,,2.38
2003-04-10,25.6,3.95,1.6,,,,,,2.35
2003-04-11,24.44,4.0,1.65,,,,,,2.35
2003-04-14,23.41,4.04,1.74,,,,,,2.3
2003-04-15,22.56,3.98,1.69,,,,,,2.29
2003-04-16,22.52,3.96,1.67,,,,,,2.29
2003-04-17,21.5,3.98,1.71,,,,,,2.27
2003-04-18,,,,,,,,,
2003-04-21,21.95,4.0,1.71,,,,,,2.29
2003-04-22,20.7,4.01,1.7,,,,,,2.3099999999999996
2003-04-23,20.8,4.02,1.7,,,,,,2.3199999999999994
2003-04-24,20.33,3.93,1.62,,,,,,2.31
2003-04-25,20.8,3.91,1.57,,,,,,2.34
2003-04-28,20.84,3.92,1.59,,,,,,2.33
2003-04-29,20.76,3.96,1.62,,,,,,2.34
2003-04-30,21.21,3.89,1.51,,,,,,2.38
2003-05-01,21.59,3.88,1.5,1.26,182.9,0.018941504178273005,6.1,0.0,2.38
2003-05-02,20.63,3.94,1.56,,,,,,2.38
2003-05-05,21.13,3.92,1.55,,,,,,2.37
2003-05-06,20.8,3.84,1.45,,,,,,2.3899999999999997
2003-05-07,21.0,3.72,1.45,,,,,,2.2700000000000005
2003-05-08,21.24,3.7,1.49,,,,,,2.21
2003-05-09,19.69,3.69,1.45,,,,,,2.24
2003-05-12,19.52,3.64,1.46,,,,,,2.18
2003-05-13,19.91,3.63,1.47,,,,,,2.16
2003-05-14,20.0,3.53,1.41,,,,,,2.12
2003-05-15,19.24,3.53,1.46,,,,,,2.07
2003-05-16,18.4,3.46,1.38,,,,,,2.08
2003-05-19,20.51,3.46,1.35,,,,,,2.11
2003-05-20,21.29,3.38,1.31,,,,,,2.07
2003-05-21,21.21,3.39,1.38,,,,,,2.0100000000000002
2003-05-22,19.78,3.34,1.36,,,,,,1.9799999999999998
2003-05-23,19.17,3.34,1.38,,,,,,1.96
2003-05-26,,,,,,,,,
2003-05-27,19.99,3.41,1.33,,,,,,2.08
2003-05-28,20.03,3.44,1.35,,,,,,2.09
2003-05-29,20.43,3.34,1.3,,,,,,2.04
2003-05-30,19.47,3.37,1.33,,,,,,2.04
2003-06-01,,,,1.22,183.1,0.01948775055679297,6.3,0.0,
2003-06-02,20.85,3.43,1.33,,,,,,2.1
2003-06-03,20.84,3.34,1.2,,,,,,2.1399999999999997
2003-06-04,20.62,3.3,1.2,,,,,,2.0999999999999996
2003-06-05,20.83,3.34,1.25,,,,,,2.09
2003-06-06,21.25,3.37,1.27,,,,,,2.1
2003-06-09,22.15,3.29,1.19,,,,,,2.1
2003-06-10,20.64,3.2,1.13,,,,,,2.0700000000000003
2003-06-11,20.21,3.21,1.16,,,,,,2.05
2003-06-12,20.41,3.18,1.13,,,,,,2.0500000000000003
2003-06-13,20.66,3.13,1.1,,,,,,2.03
2003-06-16,20.22,3.18,1.18,,,,,,2.0
2003-06-17,20.01,3.27,1.25,,,,,,2.02
2003-06-18,19.76,3.37,1.27,,,,,,2.1
2003-06-19,19.8,3.35,1.17,,,,,,2.18
2003-06-20,19.14,3.4,1.22,,,,,,2.1799999999999997
2003-06-23,20.58,3.32,1.17,,,,,,2.15
2003-06-24,20.75,3.29,1.14,,,,,,2.1500000000000004
2003-06-25,20.81,3.38,1.3,,,,,,2.08
2003-06-26,19.4,3.55,1.41,,,,,,2.1399999999999997
2003-06-27,19.16,3.58,1.38,,,,,,2.2
2003-06-30,19.52,3.54,1.32,,,,,,2.2199999999999998
2003-07-01,19.46,3.56,1.3,1.01,183.7,0.020555555555555438,6.2,0.0,2.26
2003-07-02,19.03,3.56,1.3,,,,,,2.26
2003-07-03,19.39,3.67,1.32,,,,,,2.3499999999999996
2003-07-04,,,,,,,,,
2003-07-07,20.06,3.74,1.36,,,,,,2.38
2003-07-08,19.48,3.75,1.39,,,,,,2.3600000000000003
2003-07-09,18.93,3.73,1.37,,,,,,2.36
2003-07-10,19.19,3.7,1.33,,,,,,2.37
2003-07-11,18.47,3.66,1.29,,,,,,2.37
2003-07-14,19.59,3.74,1.35,,,,,,2.39
2003-07-15,19.55,3.94,1.45,,,,,,2.49
2003-07-16,19.76,3.97,1.49,,,,,,2.4800000000000004
2003-07-17,20.22,3.98,1.47,,,,,,2.51
2003-07-18,19.11,4.0,1.51,,,,,,2.49
2003-07-21,19.78,4.19,1.61,,,,,,2.58
2003-07-22,19.17,4.17,1.57,,,,,,2.5999999999999996
2003-07-23,18.64,4.12,1.54,,,,,,2.58
2003-07-24,18.6,4.2,1.54,,,,,,2.66
2003-07-25,17.75,4.22,1.52,,,,,,2.6999999999999997
2003-07-28,18.36,4.31,1.61,,,,,,2.6999999999999993
2003-07-29,18.67,4.42,1.67,,,,,,2.75
2003-07-30,18.85,4.34,1.64,,,,,,2.7
2003-07-31,19.49,4.49,1.8,,,,,,2.6900000000000004
2003-08-01,20.75,4.44,1.85,1.03,184.5,0.02216066481994461,6.1,0.0,2.5900000000000003
2003-08-04,21.27,4.35,1.71,,,,,,2.6399999999999997
2003-08-05,22.68,4.47,1.88,,,,,,2.59
2003-08-06,21.5,4.32,1.78,,,,,,2.54
2003-08-07,20.26,4.3,1.74,,,,,,2.5599999999999996
2003-08-08,19.59,4.27,1.72,,,,,,2.55
2003-08-11,19.75,4.38,1.81,,,,,,2.57
2003-08-12,17.94,4.37,1.71,,,,,,2.66
2003-08-13,18.77,4.58,1.86,,,,,,2.7199999999999998
2003-08-14,18.47,4.55,1.86,,,,,,2.6899999999999995
2003-08-15,18.27,4.55,1.85,,,,,,2.6999999999999997
2003-08-18,18.18,4.49,1.87,,,,,,2.62
2003-08-19,17.86,4.38,1.81,,,,,,2.57
2003-08-20,17.82,4.45,1.84,,,,,,2.6100000000000003
2003-08-21,17.84,4.53,1.98,,,,,,2.5500000000000003
2003-08-22,18.55,4.48,1.97,,,,,,2.5100000000000007
2003-08-25,19.53,4.53,2.02,,,,,,2.5100000000000002
2003-08-26,19.49,4.5,1.96,,,,,,2.54
2003-08-27,19.13,4.54,2.05,,,,,,2.49
2003-08-28,18.48,4.42,1.93,,,,,,2.49
2003-08-29,18.63,4.45,1.95,,,,,,2.5
2003-09-01,,,,1.01,185.1,0.02378318584070782,6.1,0.0,
2003-09-02,19.02,4.61,2.04,,,,,,2.5700000000000003
2003-09-03,19.44,4.6,2.02,,,,,,2.5799999999999996
2003-09-04,18.71,4.52,1.91,,,,,,2.6099999999999994
2003-09-05,18.17,4.35,1.72,,,,,,2.63
2003-09-08,18.26,4.41,1.75,,,,,,2.66
2003-09-09,18.85,4.37,1.71,,,,,,2.66
2003-09-10,20.01,4.28,1.64,,,,,,2.6400000000000006
2003-09-11,19.25,4.35,1.71,,,,,,2.6399999999999997
2003-09-12,18.68,4.27,1.66,,,,,,2.6099999999999994
2003-09-15,19.28,4.28,1.63,,,,,,2.6500000000000004
2003-09-16,18.03,4.29,1.63,,,,,,2.66
2003-09-17,18.15,4.2,1.63,,,,,,2.5700000000000003
2003-09-18,17.57,4.19,1.68,,,,,,2.5100000000000007
2003-09-19,17.54,4.17,1.7,,,,,,2.4699999999999998
2003-09-22,19.65,4.26,1.7,,,,,,2.5599999999999996
2003-09-23,19.47,4.24,1.68,,,,,,2.5600000000000005
2003-09-24,21.22,4.16,1.66,,,,,,2.5
2003-09-25,22.26,4.12,1.65,,,,,,2.47
2003-09-26,22.23,4.04,1.6,,,,,,2.44
2003-09-29,21.67,4.09,1.61,,,,,,2.4799999999999995
2003-09-30,22.72,3.96,1.5,,,,,,2.46
2003-10-01,21.07,3.96,1.47,1.01,184.9,0.02041942604856528,6.0,0.0,2.49
2003-10-02,20.8,4.03,1.48,,,,,,2.5500000000000003
2003-10-03,19.5,4.21,1.65,,,,,,2.56
2003-10-06,19.51,4.17,1.6,,,,,,2.57
2003-10-07,19.41,4.27,1.67,,,,,,2.5999999999999996
2003-10-08,19.18,4.27,1.65,,,,,,2.6199999999999997
2003-10-09,18.82,4.32,1.69,,,,,,2.6300000000000003
2003-10-10,18.45,4.29,1.65,,,,,,2.64
2003-10-13,17.55,,,,,,,,
2003-10-14,17.37,4.37,1.73,,,,,,2.64
2003-10-15,17.69,4.43,1.79,,,,,,2.6399999999999997
2003-10-16,17.19,4.47,1.96,,,,,,2.51
2003-10-17,17.62,4.41,1.9,,,,,,2.5100000000000002
2003-10-20,17.04,4.41,1.88,,,,,,2.5300000000000002
2003-10-21,16.55,4.38,1.89,,,,,,2.49
2003-10-22,17.67,4.29,1.8,,,,,,2.49
2003-10-23,17.68,4.34,1.84,,,,,,2.5
2003-10-24,17.71,4.24,1.76,,,,,,2.4800000000000004
2003-10-27,18.05,4.3,1.83,,,,,,2.4699999999999998
2003-10-28,16.82,4.23,1.71,,,,,,2.5200000000000005
2003-10-29,16.43,4.31,1.79,,,,,,2.5199999999999996
2003-10-30,16.33,4.36,1.86,,,,,,2.5
2003-10-31,16.1,4.33,1.85,,,,,,2.48
2003-11-01,,,,1.0,185.0,0.019283746556473913,5.8,0.0,
2003-11-03,16.55,4.4,1.9,,,,,,2.5000000000000004
2003-11-04,16.55,4.33,1.86,,,,,,2.4699999999999998
2003-11-05,16.86,4.38,1.94,,,,,,2.44
2003-11-06,16.74,4.45,2.01,,,,,,2.4400000000000004
2003-11-07,16.93,4.48,2.04,,,,,,2.4400000000000004
2003-11-10,17.62,4.49,2.06,,,,,,2.43
2003-11-11,17.54,,,,,,,,
2003-11-12,16.75,4.44,2.05,,,,,,2.3900000000000006
2003-11-13,16.47,4.3,1.92,,,,,,2.38
2003-11-14,16.94,4.22,1.84,,,,,,2.38
2003-11-17,18.6,4.18,1.8,,,,,,2.38
2003-11-18,19.11,4.17,1.83,,,,,,2.34
2003-11-19,18.8,4.24,1.9,,,,,,2.3400000000000003
2003-11-20,19.48,4.16,1.83,,,,,,2.33
2003-11-21,18.98,4.15,1.84,,,,,,2.3100000000000005
2003-11-24,17.44,4.23,1.94,,,,,,2.2900000000000005
2003-11-25,16.71,4.19,1.89,,,,,,2.3000000000000007
2003-11-26,16.23,4.25,1.97,,,,,,2.2800000000000002
2003-11-27,,,,,,,,,
2003-11-28,16.32,4.34,2.06,,,,,,2.28
2003-12-01,16.77,4.4,2.12,0.98,185.5,0.020352035203520247,5.7,0.0,2.2800000000000002
2003-12-02,16.27,4.38,2.07,,,,,,2.31
2003-12-03,16.63,4.41,2.09,,,,,,2.3200000000000003
2003-12-04,16.3,4.38,2.06,,,,,,2.32
2003-12-05,17.09,4.23,1.88,,,,,,2.3500000000000005
2003-12-08,16.54,4.29,1.94,,,,,,2.35
2003-12-09,17.63,4.32,1.97,,,,,,2.3500000000000005
2003-12-10,17.87,4.3,1.94,,,,,,2.36
2003-12-11,16.73,4.27,1.83,,,,,,2.4399999999999995
2003-12-12,16.41,4.26,1.84,,,,,,2.42
2003-12-15,17.23,4.28,1.88,,,,,,2.4000000000000004
2003-12-16,15.93,4.24,1.83,,,,,,2.41
2003-12-17,15.58,4.19,1.83,,,,,,2.3600000000000003
2003-12-18,16.16,4.16,1.85,,,,,,2.31
2003-12-19,16.42,4.15,1.82,,,,,,2.33
2003-12-22,16.94,4.18,1.84,,,,,,2.34
2003-12-23,16.49,4.28,1.96,,,,,,2.3200000000000003
2003-12-24,16.66,4.2,1.83,,,,,,2.37
2003-12-25,,,,,,,,,
2003-12-26,17.45,4.17,1.82,,,,,,2.3499999999999996
2003-12-29,17.09,4.24,1.86,,,,,,2.38
2003-12-30,17.68,4.29,1.86,,,,,,2.4299999999999997
2003-12-31,18.31,4.27,1.84,,,,,,2.4299999999999997
2004-01-01,,,,1.0,186.3,0.020262869660460092,5.7,0.0,
2004-01-02,18.22,4.38,1.94,,,,,,2.44
2004-01-05,17.49,4.41,1.95,,,,,,2.46
2004-01-06,16.73,4.29,1.84,,,,,,2.45
2004-01-07,15.5,4.27,1.84,,,,,,2.4299999999999997
2004-01-08,15.61,4.27,1.85,,,,,,2.4199999999999995
2004-01-09,16.75,4.11,1.68,,,,,,2.4300000000000006
2004-01-12,16.82,4.11,1.68,,,,,,2.4300000000000006
2004-01-13,18.04,4.05,1.63,,,,,,2.42
2004-01-14,16.75,4.01,1.65,,,,,,2.36
2004-01-15,15.56,3.99,1.67,,,,,,2.3200000000000003
2004-01-16,15.0,4.04,1.7,,,,,,2.34
2004-01-19,,,,,,,,,
2004-01-20,15.21,4.08,1.69,,,,,,2.39
2004-01-21,14.34,4.05,1.69,,,,,,2.36
2004-01-22,14.71,3.99,1.66,,,,,,2.33
2004-01-23,14.84,4.09,1.71,,,,,,2.38
2004-01-26,14.55,4.16,1.75,,,,,,2.41
2004-01-27,15.35,4.11,1.7,,,,,,2.41
2004-01-28,16.78,4.22,1.87,,,,,,2.3499999999999996
2004-01-29,17.14,4.22,1.88,,,,,,2.34
2004-01-30,16.63,4.16,1.84,,,,,,2.3200000000000003
2004-02-01,,,,1.01,186.7,0.01688453159041381,5.6,0.0,
2004-02-02,17.11,4.18,1.83,,,,,,2.3499999999999996
2004-02-03,17.34,4.13,1.78,,,,,,2.3499999999999996
2004-02-04,17.87,4.15,1.8,,,,,,2.3500000000000005
2004-02-05,17.71,4.2,1.85,,,,,,2.35
2004-02-06,16.0,4.12,1.77,,,,,,2.35
2004-02-09,16.39,4.09,1.76,,,,,,2.33
2004-02-10,15.94,4.13,1.82,,,,,,2.3099999999999996
2004-02-11,15.39,4.05,1.73,,,,,,2.32
2004-02-12,15.31,4.1,1.75,,,,,,2.3499999999999996
2004-02-13,15.58,4.05,1.7,,,,,,2.3499999999999996
2004-02-16,,,,,,,,,
2004-02-17,15.4,4.05,1.7,,,,,,2.3499999999999996
2004-02-18,15.59,4.05,1.72,,,,,,2.33
2004-02-19,15.8,4.05,1.7,,,,,,2.3499999999999996
2004-02-20,16.04,4.1,1.75,,,,,,2.3499999999999996
2004-02-23,16.29,4.05,1.69,,,,,,2.36
2004-02-24,15.9,4.04,1.69,,,,,,2.35
2004-02-25,14.93,4.02,1.67,,,,,,2.3499999999999996
2004-02-26,14.83,4.05,1.69,,,,,,2.36
2004-02-27,14.55,3.99,1.66,,,,,,2.33
2004-03-01,14.44,4.0,1.67,1.0,187.1,0.017400761283306032,5.8,0.0,2.33
2004-03-02,14.86,4.05,1.74,,,,,,2.3099999999999996
2004-03-03,14.55,4.07,1.74,,,,,,2.33
2004-03-04,14.4,4.04,1.73,,,,,,2.31
2004-03-05,14.48,3.85,1.57,,,,,,2.2800000000000002
2004-03-08,15.79,3.78,1.52,,,,,,2.26
2004-03-09,16.6,3.73,1.51,,,,,,2.2199999999999998
2004-03-10,18.67,3.74,1.54,,,,,,2.2
2004-03-11,20.67,3.74,1.52,,,,,,2.22
2004-03-12,18.3,3.78,1.54,,,,,,2.2399999999999998
2004-03-15,21.13,3.78,1.56,,,,,,2.2199999999999998
2004-03-16,20.34,3.7,1.51,,,,,,2.1900000000000004
2004-03-17,18.11,3.71,1.53,,,,,,2.1799999999999997
2004-03-18,18.53,3.76,1.55,,,,,,2.21
2004-03-19,19.15,3.8,1.56,,,,,,2.2399999999999998
2004-03-22,21.58,3.74,1.52,,,,,,2.22
2004-03-23,20.67,3.73,1.52,,,,,,2.21
2004-03-24,19.81,3.73,1.5,,,,,,2.23
2004-03-25,17.88,3.75,1.51,,,,,,2.24
2004-03-26,17.33,3.85,1.59,,,,,,2.26
2004-03-29,16.5,3.91,1.63,,,,,,2.2800000000000002
2004-03-30,16.28,3.91,1.63,,,,,,2.2800000000000002
2004-03-31,16.74,3.86,1.6,,,,,,2.26
2004-04-01,16.65,3.91,1.65,1.0,187.4,0.022925764192139875,5.6,0.0,2.2600000000000002
2004-04-02,15.64,4.15,1.86,,,,,,2.29
2004-04-05,14.97,4.24,1.91,,,,,,2.33
2004-04-06,15.32,4.19,1.86,,,,,,2.33
2004-04-07,15.76,4.19,1.87,,,,,,2.3200000000000003
2004-04-08,16.26,4.21,1.88,,,,,,2.33
2004-04-09,,,,,,,,,
2004-04-12,15.28,4.25,1.91,,,,,,2.34
2004-04-13,17.26,4.35,2.01,,,,,,2.34
2004-04-14,15.62,4.4,2.13,,,,,,2.2700000000000005
2004-04-15,15.74,4.42,2.1,,,,,,2.32
2004-04-16,14.94,4.37,2.03,,,,,,2.3400000000000003
2004-04-19,15.42,4.39,2.07,,,,,,2.32
2004-04-20,16.67,4.43,2.11,,,,,,2.32
2004-04-21,15.6,4.45,2.22,,,,,,2.23
2004-04-22,14.61,4.4,2.15,,,,,,2.2500000000000004
2004-04-23,14.01,4.48,2.29,,,,,,2.1900000000000004
2004-04-26,14.77,4.46,2.28,,,,,,2.18
2004-04-27,15.07,4.43,2.21,,,,,,2.2199999999999998
2004-04-28,16.29,4.5,2.3,,,,,,2.2
2004-04-29,16.6,4.55,2.34,,,,,,2.21
2004-04-30,17.19,4.53,2.31,,,,,,2.22
2004-05-01,,,,1.0,188.2,0.028977583378895444,5.6,0.0,
2004-05-03,16.62,4.53,2.34,,,,,,2.1900000000000004
2004-05-04,16.55,4.56,2.32,,,,,,2.2399999999999998
2004-05-05,15.77,4.61,2.34,,,,,,2.2700000000000005
2004-05-06,17.05,4.63,2.39,,,,,,2.2399999999999998
2004-05-07,18.13,4.79,2.64,,,,,,2.15
2004-05-10,19.77,4.81,2.61,,,,,,2.1999999999999997
2004-05-11,18.57,4.79,2.61,,,,,,2.18
2004-05-12,18.14,4.83,2.62,,,,,,2.21
2004-05-13,18.86,4.85,2.67,,,,,,2.1799999999999997
2004-05-14,18.47,4.79,2.59,,,,,,2.2
2004-05-17,19.96,4.7,2.51,,,,,,2.1900000000000004
2004-05-18,19.33,4.74,2.58,,,,,,2.16
2004-05-19,18.93,4.79,2.61,,,,,,2.18
2004-05-20,18.67,4.72,2.55,,,,,,2.17
2004-05-21,18.49,4.76,2.6,,,,,,2.1599999999999997
2004-05-24,18.08,4.75,2.59,,,,,,2.16
2004-05-25,15.96,4.73,2.58,,,,,,2.1500000000000004
2004-05-26,15.97,4.67,2.52,,,,,,2.15
2004-05-27,15.28,4.6,2.46,,,,,,2.1399999999999997
2004-05-28,15.5,4.66,2.54,,,,,,2.12
2004-05-31,,,,,,,,,
2004-06-01,16.3,4.71,2.6,1.03,188.9,0.03167667941015839,5.6,0.0,2.11
2004-06-02,16.08,4.74,2.65,,,,,,2.0900000000000003
2004-06-03,17.03,4.71,2.63,,,,,,2.08
2004-06-04,16.78,4.78,2.7,,,,,,2.08
2004-06-07,15.39,4.78,2.67,,,,,,2.1100000000000003
2004-06-08,15.01,4.78,2.73,,,,,,2.0500000000000003
2004-06-09,15.39,4.82,2.79,,,,,,2.0300000000000002
2004-06-10,15.04,4.81,2.81,,,,,,1.9999999999999996
2004-06-11,15.04,,,,,,,,
2004-06-14,16.07,4.89,2.97,,,,,,1.9199999999999995
2004-06-15,15.05,4.69,2.77,,,,,,1.9200000000000004
2004-06-16,14.79,4.74,2.84,,,,,,1.9000000000000004
2004-06-17,15.15,4.71,2.81,,,,,,1.9
2004-06-18,14.99,4.72,2.81,,,,,,1.9099999999999997
2004-06-21,15.26,4.7,2.8,,,,,,1.9000000000000004
2004-06-22,14.31,4.72,2.8,,,,,,1.92
2004-06-23,13.98,4.71,2.78,,,,,,1.9300000000000002
2004-06-24,14.81,4.66,2.74,,,,,,1.92
2004-06-25,15.19,4.66,2.74,,,,,,1.92
2004-06-28,16.07,4.76,2.86,,,,,,1.9
2004-06-29,15.47,4.7,2.83,,,,,,1.87
2004-06-30,14.34,4.62,2.7,,,,,,1.92
2004-07-01,15.2,4.57,2.64,1.26,189.1,0.02939575394665228,5.5,0.0,1.9300000000000002
2004-07-02,15.08,4.48,2.54,,,,,,1.9400000000000004
2004-07-05,,,,,,,,,
2004-07-06,16.25,4.49,2.56,,,,,,1.9300000000000002
2004-07-07,15.81,4.5,2.56,,,,,,1.94
2004-07-08,16.2,4.49,2.55,,,,,,1.9400000000000004
2004-07-09,15.78,4.49,2.55,,,,,,1.9400000000000004
2004-07-12,14.96,4.46,2.53,,,,,,1.9300000000000002
2004-07-13,14.46,4.5,2.58,,,,,,1.92
2004-07-14,13.76,4.5,2.62,,,,,,1.88
2004-07-15,14.71,4.5,2.64,,,,,,1.8599999999999999
2004-07-16,14.34,4.38,2.54,,,,,,1.8399999999999999
2004-07-19,15.17,4.38,2.56,,,,,,1.8199999999999998
2004-07-20,14.17,4.47,2.67,,,,,,1.7999999999999998
2004-07-21,16.41,4.5,2.71,,,,,,1.79
2004-07-22,15.75,4.48,2.69,,,,,,1.7900000000000005
2004-07-23,16.5,4.45,2.69,,,,,,1.7600000000000002
2004-07-26,17.3,4.49,2.75,,,,,,1.7400000000000002
2004-07-27,16.55,4.62,2.82,,,,,,1.8000000000000003
2004-07-28,16.15,4.61,2.78,,,,,,1.8300000000000005
2004-07-29,15.68,4.6,2.75,,,,,,1.8499999999999996
2004-07-30,15.32,4.5,2.68,,,,,,1.8199999999999998
2004-08-01,,,,1.43,189.2,0.025474254742547275,5.4,0.0,
2004-08-02,15.37,4.48,2.66,,,,,,1.8200000000000003
2004-08-03,16.03,4.45,2.66,,,,,,1.79
2004-08-04,16.21,4.45,2.66,,,,,,1.79
2004-08-05,18.32,4.43,2.64,,,,,,1.7899999999999996
2004-08-06,19.34,4.24,2.4,,,,,,1.8400000000000003
2004-08-09,18.89,4.28,2.45,,,,,,1.83
2004-08-10,17.47,4.32,2.55,,,,,,1.7700000000000005
2004-08-11,18.04,4.3,2.54,,,,,,1.7599999999999998
2004-08-12,19.08,4.27,2.52,,,,,,1.7499999999999996
2004-08-13,17.98,4.22,2.47,,,,,,1.7499999999999996
2004-08-16,17.57,4.26,2.51,,,,,,1.75
2004-08-17,17.02,4.21,2.44,,,,,,1.77
2004-08-18,16.23,4.23,2.44,,,,,,1.7900000000000005
2004-08-19,16.96,4.22,2.43,,,,,,1.7899999999999996
2004-08-20,16.0,4.24,2.46,,,,,,1.7800000000000002
2004-08-23,15.88,4.28,2.5,,,,,,1.7800000000000002
2004-08-24,15.33,4.28,2.5,,,,,,1.7800000000000002
2004-08-25,14.98,4.26,2.51,,,,,,1.75
2004-08-26,14.91,4.22,2.48,,,,,,1.7399999999999998
2004-08-27,14.71,4.23,2.48,,,,,,1.7500000000000004
2004-08-30,15.44,4.19,2.47,,,,,,1.7200000000000002
2004-08-31,15.29,4.13,2.41,,,,,,1.7199999999999998
2004-09-01,14.91,4.13,2.41,1.61,189.8,0.025391680172879516,5.4,0.0,1.7199999999999998
2004-09-02,14.28,4.2,2.46,,,,,,1.7400000000000002
2004-09-03,13.91,4.3,2.61,,,,,,1.69
2004-09-06,,,,,,,,,
2004-09-07,14.07,4.26,2.58,,,,,,1.6799999999999997
2004-09-08,14.06,4.18,2.5,,,,,,1.6799999999999997
2004-09-09,14.01,4.22,2.5,,,,,,1.7199999999999998
2004-09-10,13.76,4.19,2.5,,,,,,1.6900000000000004
2004-09-13,13.17,4.16,2.5,,,,,,1.6600000000000001
2004-09-14,13.56,4.15,2.47,,,,,,1.6800000000000002
2004-09-15,14.64,4.18,2.51,,,,,,1.67
2004-09-16,14.39,4.08,2.44,,,,,,1.6400000000000001
2004-09-17,14.03,4.14,2.53,,,,,,1.6099999999999999
2004-09-20,14.43,4.07,2.46,,,,,,1.6100000000000003
2004-09-21,13.66,4.05,2.49,,,,,,1.5599999999999996
2004-09-22,14.74,4.0,2.5,,,,,,1.5
2004-09-23,14.8,4.02,2.57,,,,,,1.4499999999999997
2004-09-24,14.28,4.04,2.62,,,,,,1.42
2004-09-27,14.62,4.01,2.59,,,,,,1.42
2004-09-28,13.83,4.02,2.55,,,,,,1.4699999999999998
2004-09-29,13.21,4.1,2.61,,,,,,1.4899999999999998
2004-09-30,13.34,4.14,2.63,,,,,,1.5099999999999998
2004-10-01,12.75,4.21,2.63,1.76,190.8,0.03190914007571655,5.5,0.0,1.58
2004-10-04,13.41,4.19,2.65,,,,,,1.5400000000000005
2004-10-05,13.95,4.18,2.65,,,,,,1.5299999999999998
2004-10-06,13.28,4.23,2.7,,,,,,1.5300000000000002
2004-10-07,14.5,4.26,2.72,,,,,,1.5399999999999996
2004-10-08,15.05,4.15,2.61,,,,,,1.5400000000000005
2004-10-11,14.71,,,,,,,,
2004-10-12,15.05,4.12,2.56,,,,,,1.56
2004-10-13,15.42,4.09,2.53,,,,,,1.56
2004-10-14,16.43,4.03,2.48,,,,,,1.5500000000000003
2004-10-15,15.04,4.07,2.53,,,,,,1.5400000000000005
2004-10-18,14.71,4.07,2.55,,,,,,1.5200000000000005
2004-10-19,15.13,4.07,2.57,,,,,,1.5000000000000004
2004-10-20,14.85,4.01,2.53,,,,,,1.48
2004-10-21,14.54,4.01,2.57,,,,,,1.44
2004-10-22,15.28,4.0,2.55,,,,,,1.4500000000000002
2004-10-25,16.58,3.99,2.54,,,,,,1.4500000000000002
2004-10-26,16.39,4.01,2.54,,,,,,1.4699999999999998
2004-10-27,15.72,4.11,2.63,,,,,,1.4800000000000004
2004-10-28,15.39,4.09,2.59,,,,,,1.5
2004-10-29,16.27,4.05,2.56,,,,,,1.4899999999999998
2004-11-01,16.27,4.11,2.61,1.93,191.7,0.03621621621621607,5.4,0.0,1.5000000000000004
2004-11-02,16.18,4.1,2.6,,,,,,1.4999999999999996
2004-11-03,14.04,4.09,2.6,,,,,,1.4899999999999998
2004-11-04,13.97,4.1,2.63,,,,,,1.4699999999999998
2004-11-05,13.84,4.21,2.8,,,,,,1.4100000000000001
2004-11-08,13.8,4.22,2.8,,,,,,1.42
2004-11-09,13.61,4.22,2.8,,,,,,1.42
2004-11-10,13.08,4.25,2.82,,,,,,1.4300000000000002
2004-11-11,13.04,,,,,,,,
2004-11-12,13.33,4.2,2.86,,,,,,1.3400000000000003
2004-11-15,13.38,4.2,2.89,,,,,,1.31
2004-11-16,13.21,4.21,2.91,,,,,,1.2999999999999998
2004-11-17,13.21,4.14,2.85,,,,,,1.2899999999999996
2004-11-18,12.98,4.12,2.86,,,,,,1.2600000000000002
2004-11-19,13.5,4.2,2.95,,,,,,1.25
2004-11-22,12.97,4.18,2.95,,,,,,1.2299999999999995
2004-11-23,12.67,4.19,2.98,,,,,,1.2100000000000004
2004-11-24,12.72,4.2,3.01,,,,,,1.1900000000000004
2004-11-25,,,,,,,,,
2004-11-26,12.79,4.24,3.03,,,,,,1.2100000000000004
2004-11-29,13.3,4.34,3.07,,,,,,1.27
2004-11-30,13.24,4.36,3.02,,,,,,1.3400000000000003
2004-12-01,12.97,4.38,3.01,2.16,191.7,0.033423180592991875,5.4,0.0,1.37
2004-12-02,12.98,4.4,3.04,,,,,,1.3600000000000003
2004-12-03,12.96,4.27,2.94,,,,,,1.3299999999999996
2004-12-06,13.19,4.24,2.93,,,,,,1.31
2004-12-07,13.67,4.23,2.95,,,,,,1.2800000000000002
2004-12-08,13.19,4.14,2.91,,,,,,1.2299999999999995
2004-12-09,12.88,4.19,2.93,,,,,,1.2600000000000002
2004-12-10,12.76,4.16,2.95,,,,,,1.21
2004-12-13,12.54,4.16,2.98,,,,,,1.1800000000000002
2004-12-14,12.73,4.14,2.99,,,,,,1.1499999999999995
2004-12-15,12.35,4.09,2.97,,,,,,1.1199999999999997
2004-12-16,12.27,4.19,3.01,,,,,,1.1800000000000006
2004-12-17,11.95,4.21,3.03,,,,,,1.1800000000000002
2004-12-20,11.83,4.21,3.06,,,,,,1.15
2004-12-21,11.55,4.18,3.05,,,,,,1.13
2004-12-22,11.45,4.21,3.04,,,,,,1.17
2004-12-23,11.23,4.23,3.02,,,,,,1.2100000000000004
2004-12-24,,,,,,,,,
2004-12-27,12.14,4.3,3.07,,,,,,1.23
2004-12-28,12.0,4.31,3.08,,,,,,1.2299999999999995
2004-12-29,11.62,4.33,3.12,,,,,,1.21
2004-12-30,12.56,4.27,3.1,,,,,,1.1699999999999995
2004-12-31,13.29,4.24,3.08,,,,,,1.1600000000000001
2005-01-01,,,,2.28,191.6,0.028448738593666034,5.3,0.0,
2005-01-03,14.08,4.23,3.1,,,,,,1.1300000000000003
2005-01-04,13.98,4.29,3.2,,,,,,1.0899999999999999
2005-01-05,14.09,4.29,3.22,,,,,,1.0699999999999998
2005-01-06,13.58,4.29,3.18,,,,,,1.1099999999999999
2005-01-07,13.49,4.29,3.2,,,,,,1.0899999999999999
2005-01-10,13.23,4.29,3.23,,,,,,1.06
2005-01-11,13.19,4.26,3.24,,,,,,1.0199999999999996
2005-01-12,12.56,4.25,3.22,,,,,,1.0299999999999998
2005-01-13,12.84,4.2,3.21,,,,,,0.9900000000000002
2005-01-14,12.43,4.23,3.24,,,,,,0.9900000000000002
2005-01-17,,,,,,,,,
2005-01-18,12.47,4.21,3.26,,,,,,0.9500000000000002
2005-01-19,13.18,4.2,3.26,,,,,,0.9400000000000004
2005-01-20,13.83,4.17,3.21,,,,,,0.96
2005-01-21,14.36,4.16,3.16,,,,,,1.0
2005-01-24,14.65,4.14,3.2,,,,,,0.9399999999999995
2005-01-25,14.06,4.2,3.23,,,,,,0.9700000000000002
2005-01-26,13.44,4.21,3.27,,,,,,0.94
2005-01-27,13.24,4.22,3.28,,,,,,0.94
2005-01-28,13.24,4.16,3.25,,,,,,0.9100000000000001
2005-01-31,12.82,4.14,3.29,,,,,,0.8499999999999996
2005-02-01,12.03,4.15,3.29,2.5,192.4,0.030530262453133394,5.4,0.0,0.8600000000000003
2005-02-02,11.66,4.15,3.32,,,,,,0.8300000000000005
2005-02-03,11.79,4.18,3.34,,,,,,0.8399999999999999
2005-02-04,11.21,4.09,3.29,,,,,,0.7999999999999998
2005-02-07,11.73,4.07,3.31,,,,,,0.7600000000000002
2005-02-08,11.6,4.05,3.33,,,,,,0.7199999999999998
2005-02-09,12.0,4.0,3.24,,,,,,0.7599999999999998
2005-02-10,11.51,4.07,3.29,,,,,,0.7800000000000002
2005-02-11,11.43,4.1,3.34,,,,,,0.7599999999999998
2005-02-14,11.52,4.08,3.38,,,,,,0.7000000000000002
2005-02-15,11.27,4.1,3.37,,,,,,0.7299999999999995
2005-02-16,11.1,4.16,3.41,,,,,,0.75
2005-02-17,11.77,4.19,3.38,,,,,,0.8100000000000005
2005-02-18,11.18,4.27,3.45,,,,,,0.8199999999999994
2005-02-21,,,,,,,,,
2005-02-22,13.14,4.29,3.46,,,,,,0.8300000000000001
2005-02-23,12.39,4.27,3.46,,,,,,0.8099999999999996
2005-02-24,11.57,4.29,3.52,,,,,,0.77
2005-02-25,11.49,4.27,3.54,,,,,,0.7299999999999995
2005-02-28,12.08,4.36,3.59,,,,,,0.7700000000000005
2005-03-01,12.04,4.38,3.59,2.63,193.1,0.032068412613575736,5.2,0.0,0.79
2005-03-02,12.5,4.38,3.57,,,,,,0.81
2005-03-03,12.93,4.39,3.59,,,,,,0.7999999999999998
2005-03-04,11.94,4.32,3.57,,,,,,0.7500000000000004
2005-03-07,12.26,4.31,3.61,,,,,,0.6999999999999997
2005-03-08,12.4,4.38,3.62,,,,,,0.7599999999999998
2005-03-09,12.7,4.52,3.66,,,,,,0.8599999999999994
2005-03-10,12.49,4.48,3.68,,,,,,0.8000000000000003
2005-03-11,12.8,4.56,3.73,,,,,,0.8299999999999996
2005-03-14,12.39,4.52,3.75,,,,,,0.7699999999999996
2005-03-15,13.15,4.54,3.75,,,,,,0.79
2005-03-16,13.49,4.52,3.72,,,,,,0.7999999999999994
2005-03-17,13.29,4.47,3.7,,,,,,0.7699999999999996
2005-03-18,13.14,4.51,3.72,,,,,,0.7899999999999996
2005-03-21,13.61,4.53,3.72,,,,,,0.81
2005-03-22,14.27,4.63,3.86,,,,,,0.77
2005-03-23,14.06,4.61,3.84,,,,,,0.7700000000000005
2005-03-24,13.42,4.6,3.88,,,,,,0.7199999999999998
2005-03-25,,,,,,,,,
2005-03-28,13.75,4.64,3.9,,,,,,0.7399999999999998
2005-03-29,14.49,4.6,3.87,,,,,,0.7299999999999995
2005-03-30,13.64,4.56,3.86,,,,,,0.6999999999999997
2005-03-31,14.02,4.5,3.8,,,,,,0.7000000000000002
2005-04-01,14.09,4.46,3.75,2.79,193.7,0.03361792956243326,5.2,0.0,0.71
2005-04-04,14.11,4.47,3.74,,,,,,0.7299999999999995
2005-04-05,13.68,4.48,3.75,,,,,,0.7300000000000004
2005-04-06,13.15,4.44,3.7,,,,,,0.7400000000000002
2005-04-07,12.33,4.49,3.72,,,,,,0.77
2005-04-08,12.62,4.5,3.77,,,,,,0.73
2005-04-11,11.98,4.45,3.75,,,,,,0.7000000000000002
2005-04-12,11.3,4.38,3.71,,,,,,0.6699999999999999
2005-04-13,13.31,4.38,3.66,,,,,,0.7199999999999998
2005-04-14,14.53,4.37,3.6,,,,,,0.77
2005-04-15,17.74,4.27,3.54,,,,,,0.7299999999999995
2005-04-18,16.56,4.27,3.55,,,,,,0.7199999999999998
2005-04-19,14.96,4.21,3.5,,,,,,0.71
2005-04-20,16.92,4.22,3.52,,,,,,0.6999999999999997
2005-04-21,14.41,4.32,3.65,,,,,,0.6700000000000004
2005-04-22,15.38,4.26,3.62,,,,,,0.6399999999999997
2005-04-25,14.62,4.26,3.64,,,,,,0.6199999999999997
2005-04-26,14.91,4.28,3.67,,,,,,0.6100000000000003
2005-04-27,14.87,4.25,3.64,,,,,,0.6099999999999999
2005-04-28,16.86,4.19,3.59,,,,,,0.6000000000000005
2005-04-29,15.31,4.21,3.66,,,,,,0.5499999999999998
2005-05-01,,,,3.0,193.6,0.02869287991498415,5.1,0.0,
2005-05-02,15.12,4.21,3.64,,,,,,0.5699999999999998
2005-05-03,14.53,4.21,3.68,,,,,,0.5299999999999998
2005-05-04,13.85,4.2,3.63,,,,,,0.5700000000000003
2005-05-05,13.98,4.19,3.58,,,,,,0.6100000000000003
2005-05-06,14.05,4.28,3.73,,,,,,0.5500000000000003
2005-05-09,13.75,4.29,3.76,,,,,,0.5300000000000002
2005-05-10,14.91,4.23,3.69,,,,,,0.5400000000000005
2005-05-11,14.45,4.21,3.68,,,,,,0.5299999999999998
2005-05-12,16.12,4.18,3.66,,,,,,0.5199999999999996
2005-05-13,16.32,4.12,3.61,,,,,,0.5100000000000002
2005-05-16,15.68,4.13,3.61,,,,,,0.52
2005-05-17,14.57,4.12,3.61,,,,,,0.5100000000000002
2005-05-18,13.63,4.07,3.56,,,,,,0.5100000000000002
2005-05-19,13.32,4.11,3.64,,,,,,0.4700000000000002
2005-05-20,13.14,4.13,3.69,,,,,,0.43999999999999995
2005-05-23,12.95,4.07,3.65,,,,,,0.4200000000000004
2005-05-24,12.69,4.04,3.61,,,,,,0.43000000000000016
2005-05-25,12.58,4.08,3.61,,,,,,0.4700000000000002
2005-05-26,12.24,4.08,3.64,,,,,,0.43999999999999995
2005-05-27,12.15,4.08,3.64,,,,,,0.43999999999999995
2005-05-30,,,,,,,,,
2005-05-31,13.29,4.0,3.6,,,,,,0.3999999999999999
2005-06-01,12.36,3.91,3.5,3.04,193.7,0.02541026998411855,5.0,0.0,0.41000000000000014
2005-06-02,11.84,3.89,3.52,,,,,,0.3700000000000001
2005-06-03,12.15,3.98,3.57,,,,,,0.41000000000000014
2005-06-06,12.28,3.96,3.59,,,,,,0.3700000000000001
2005-06-07,12.39,3.92,3.57,,,,,,0.3500000000000001
2005-06-08,12.7,3.95,3.6,,,,,,0.3500000000000001
2005-06-09,12.08,3.98,3.64,,,,,,0.33999999999999986
2005-06-10,11.96,4.05,3.71,,,,,,0.33999999999999986
2005-06-13,11.65,4.09,3.71,,,,,,0.3799999999999999
2005-06-14,11.79,4.13,3.71,,,,,,0.41999999999999993
2005-06-15,11.46,4.12,3.72,,,,,,0.3999999999999999
2005-06-16,11.15,4.09,3.7,,,,,,0.3899999999999997
2005-06-17,11.48,4.09,3.72,,,,,,0.36999999999999966
2005-06-20,11.47,4.11,3.72,,,,,,0.3900000000000001
2005-06-21,11.08,4.06,3.71,,,,,,0.34999999999999964
2005-06-22,11.05,3.95,3.62,,,,,,0.33000000000000007
2005-06-23,12.13,3.96,3.63,,,,,,0.33000000000000007
2005-06-24,12.18,3.92,3.59,,,,,,0.33000000000000007
2005-06-27,12.52,3.9,3.6,,,,,,0.2999999999999998
2005-06-28,11.58,3.97,3.65,,,,,,0.3200000000000003
2005-06-29,11.77,3.99,3.65,,,,,,0.3400000000000003
2005-06-30,12.04,3.94,3.66,,,,,,0.2799999999999998
2005-07-01,11.4,4.06,3.76,3.26,194.9,0.03067160232681121,5.0,0.0,0.2999999999999998
2005-07-04,,,,,,,,,
2005-07-05,11.68,4.11,3.79,,,,,,0.3200000000000003
2005-07-06,12.27,4.08,3.77,,,,,,0.31000000000000005
2005-07-07,12.49,4.05,3.71,,,,,,0.33999999999999986
2005-07-08,11.45,4.11,3.78,,,,,,0.3300000000000005
2005-07-11,11.28,4.11,3.81,,,,,,0.30000000000000027
2005-07-12,10.95,4.15,3.82,,,,,,0.3300000000000005
2005-07-13,10.84,4.17,3.84,,,,,,0.33000000000000007
2005-07-14,10.81,4.19,3.86,,,,,,0.3300000000000005
2005-07-15,10.33,4.18,3.86,,,,,,0.31999999999999984
2005-07-18,10.77,4.22,3.89,,,,,,0.3299999999999996
2005-07-19,10.45,4.2,3.88,,,,,,0.3200000000000003
2005-07-20,10.23,4.17,3.9,,,,,,0.27
2005-07-21,10.97,4.28,3.96,,,,,,0.3200000000000003
2005-07-22,10.52,4.23,3.92,,,,,,0.3100000000000005
2005-07-25,11.1,4.25,3.95,,,,,,0.2999999999999998
2005-07-26,10.99,4.24,3.95,,,,,,0.29000000000000004
2005-07-27,10.36,4.27,3.99,,,,,,0.27999999999999936
2005-07-28,10.52,4.2,3.96,,,,,,0.2400000000000002
2005-07-29,11.57,4.28,4.02,,,,,,0.2600000000000007
2005-08-01,12.08,4.32,4.04,3.5,196.1,0.03646934460887952,4.9,0.0,0.28000000000000025
2005-08-02,11.75,4.34,4.06,,,,,,0.28000000000000025
2005-08-03,11.83,4.3,4.02,,,,,,0.28000000000000025
2005-08-04,12.52,4.32,4.04,,,,,,0.28000000000000025
2005-08-05,12.48,4.4,4.11,,,,,,0.29000000000000004
2005-08-08,13.21,4.42,4.16,,,,,,0.2599999999999998
2005-08-09,12.4,4.41,4.13,,,,,,0.28000000000000025
2005-08-10,12.38,4.4,4.13,,,,,,0.27000000000000046
2005-08-11,12.42,4.32,4.1,,,,,,0.22000000000000064
2005-08-12,12.74,4.24,4.05,,,,,,0.1900000000000004
2005-08-15,12.26,4.27,4.08,,,,,,0.1899999999999995
2005-08-16,13.52,4.23,4.03,,,,,,0.20000000000000018
2005-08-17,13.3,4.28,4.07,,,,,,0.20999999999999996
2005-08-18,13.42,4.21,4.01,,,,,,0.20000000000000018
2005-08-19,13.42,4.21,4.03,,,,,,0.17999999999999972
2005-08-22,13.42,4.22,4.03,,,,,,0.1899999999999995
2005-08-23,13.34,4.2,4.01,,,,,,0.1900000000000004
2005-08-24,14.17,4.19,3.99,,,,,,0.20000000000000018
2005-08-25,13.73,4.18,4.0,,,,,,0.17999999999999972
2005-08-26,13.72,4.2,4.06,,,,,,0.14000000000000057
2005-08-29,13.52,4.2,4.06,,,,,,0.14000000000000057
2005-08-30,13.65,4.16,3.97,,,,,,0.18999999999999995
2005-08-31,12.6,4.02,3.84,,,,,,0.17999999999999972
2005-09-01,13.15,4.02,3.72,3.62,198.8,0.04741833508956805,5.0,0.0,0.2999999999999994
2005-09-02,13.57,4.03,3.75,,,,,,0.28000000000000025
2005-09-05,,,,,,,,,
2005-09-06,12.93,4.09,3.8,,,,,,0.29000000000000004
2005-09-07,12.52,4.15,3.87,,,,,,0.28000000000000025
2005-09-08,12.93,4.15,3.87,,,,,,0.28000000000000025
2005-09-09,11.98,4.14,3.88,,,,,,0.2599999999999998
2005-09-12,11.65,4.18,3.92,,,,,,0.2599999999999998
2005-09-13,12.39,4.14,3.88,,,,,,0.2599999999999998
2005-09-14,12.91,4.17,3.9,,,,,,0.27
2005-09-15,12.49,4.22,3.9,,,,,,0.31999999999999984
2005-09-16,11.22,4.26,3.97,,,,,,0.2899999999999996
2005-09-19,12.14,4.25,3.93,,,,,,0.31999999999999984
2005-09-20,12.64,4.26,4.0,,,,,,0.2599999999999998
2005-09-21,13.79,4.19,3.96,,,,,,0.23000000000000043
2005-09-22,13.33,4.19,3.95,,,,,,0.2400000000000002
2005-09-23,12.96,4.25,4.02,,,,,,0.23000000000000043
2005-09-26,13.04,4.3,4.07,,,,,,0.22999999999999954
2005-09-27,12.76,4.3,4.08,,,,,,0.21999999999999975
2005-09-28,12.63,4.26,4.09,,,,,,0.16999999999999993
2005-09-29,12.24,4.29,4.13,,,,,,0.16000000000000014
2005-09-30,11.92,4.34,4.18,,,,,,0.16000000000000014
2005-10-01,,,,3.78,199.1,0.04350104821802936,5.0,0.0,
2005-10-03,12.46,4.39,4.21,,,,,,0.17999999999999972
2005-10-04,13.2,4.38,4.22,,,,,,0.16000000000000014
2005-10-05,14.55,4.36,4.21,,,,,,0.15000000000000036
2005-10-06,14.96,4.37,4.2,,,,,,0.16999999999999993
2005-10-07,14.59,4.35,4.18,,,,,,0.16999999999999993
2005-10-10,15.55,,,,,,,,
2005-10-11,15.63,4.39,4.22,,,,,,0.16999999999999993
2005-10-12,16.22,4.45,4.24,,,,,,0.20999999999999996
2005-10-13,16.47,4.48,4.24,,,,,,0.2400000000000002
2005-10-14,14.87,4.48,4.27,,,,,,0.21000000000000085
2005-10-17,14.67,4.5,4.29,,,,,,0.20999999999999996
2005-10-18,15.33,4.49,4.27,,,,,,0.22000000000000064
2005-10-19,13.5,4.47,4.25,,,,,,0.21999999999999975
2005-10-20,16.11,4.46,4.27,,,,,,0.1900000000000004
2005-10-21,16.13,4.39,4.22,,,,,,0.16999999999999993
2005-10-24,14.74,4.45,4.25,,,,,,0.20000000000000018
2005-10-25,14.53,4.54,4.34,,,,,,0.20000000000000018
2005-10-26,14.59,4.6,4.38,,,,,,0.21999999999999975
2005-10-27,16.02,4.57,4.36,,,,,,0.20999999999999996
2005-10-28,14.25,4.58,4.4,,,,,,0.17999999999999972
2005-10-31,15.32,4.57,4.4,,,,,,0.16999999999999993
2005-11-01,14.85,4.58,4.42,4.0,198.1,0.03338549817423053,5.0,0.0,0.16000000000000014
2005-11-02,13.48,4.61,4.43,,,,,,0.1800000000000006
2005-11-03,13.0,4.65,4.47,,,,,,0.1800000000000006
2005-11-04,13.17,4.66,4.47,,,,,,0.1900000000000004
2005-11-07,13.1,4.65,4.47,,,,,,0.1800000000000006
2005-11-08,13.08,4.57,4.43,,,,,,0.14000000000000057
2005-11-09,12.8,4.64,4.49,,,,,,0.14999999999999947
2005-11-10,11.9,4.55,4.44,,,,,,0.10999999999999943
2005-11-11,11.63,,,,,,,,
2005-11-14,12.18,4.61,4.5,,,,,,0.11000000000000032
2005-11-15,12.23,4.56,4.47,,,,,,0.08999999999999986
2005-11-16,12.26,4.49,4.42,,,,,,0.07000000000000028
2005-11-17,11.25,4.46,4.37,,,,,,0.08999999999999986
2005-11-18,11.12,4.5,4.4,,,,,,0.09999999999999964
2005-11-21,10.82,4.46,4.39,,,,,,0.07000000000000028
2005-11-22,10.6,4.43,4.32,,,,,,0.10999999999999943
2005-11-23,10.96,4.47,4.36,,,,,,0.10999999999999943
2005-11-24,,,,,,,,,
2005-11-25,10.88,4.43,4.33,,,,,,0.09999999999999964
2005-11-28,11.84,4.41,4.33,,,,,,0.08000000000000007
2005-11-29,11.89,4.48,4.4,,,,,,0.08000000000000007
2005-11-30,12.06,4.49,4.42,,,,,,0.07000000000000028
2005-12-01,11.24,4.52,4.45,4.16,198.1,0.03338549817423053,4.9,0.0,0.0699999999999994
2005-12-02,11.01,4.52,4.43,,,,,,0.08999999999999986
2005-12-05,11.6,4.57,4.47,,,,,,0.10000000000000053
2005-12-06,11.52,4.49,4.42,,,,,,0.07000000000000028
2005-12-07,12.18,4.52,4.42,,,,,,0.09999999999999964
2005-12-08,12.21,4.47,4.37,,,,,,0.09999999999999964
2005-12-09,11.69,4.54,4.43,,,,,,0.11000000000000032
2005-12-12,11.47,4.56,4.45,,,,,,0.10999999999999943
2005-12-13,11.11,4.54,4.43,,,,,,0.11000000000000032
2005-12-14,10.48,4.45,4.37,,,,,,0.08000000000000007
2005-12-15,10.73,4.47,4.37,,,,,,0.09999999999999964
2005-12-16,10.68,4.45,4.37,,,,,,0.08000000000000007
2005-12-19,11.38,4.45,4.38,,,,,,0.07000000000000028
2005-12-20,11.19,4.47,4.42,,,,,,0.04999999999999982
2005-12-21,10.81,4.49,4.43,,,,,,0.0600000000000005
2005-12-22,10.29,4.44,4.4,,,,,,0.040000000000000036
2005-12-23,10.27,4.38,4.37,,,,,,0.009999999999999787
2005-12-26,,,,,,,,,
2005-12-27,11.57,4.34,4.35,,,,,,-0.009999999999999787
2005-12-28,11.35,4.38,4.37,,,,,,0.009999999999999787
2005-12-29,11.61,4.37,4.38,,,,,,-0.009999999999999787
2005-12-30,12.07,4.39,4.41,,,,,,-0.020000000000000462
2006-01-01,,,,4.29,199.3,0.04018789144050117,4.7,0.0,
2006-01-02,,,,,,,,,
2006-01-03,11.14,4.37,4.34,,,,,,0.03000000000000025
2006-01-04,11.37,4.36,4.31,,,,,,0.05000000000000071
2006-01-05,11.31,4.36,4.32,,,,,,0.040000000000000036
2006-01-06,11.0,4.38,4.36,,,,,,0.019999999999999574
2006-01-09,11.13,4.38,4.36,,,,,,0.019999999999999574
2006-01-10,10.86,4.43,4.41,,,,,,0.019999999999999574
2006-01-11,10.94,4.46,4.44,,,,,,0.019999999999999574
2006-01-12,11.2,4.42,4.39,,,,,,0.03000000000000025
2006-01-13,11.23,4.36,4.34,,,,,,0.020000000000000462
2006-01-16,,,,,,,,,
2006-01-17,11.91,4.34,4.33,,,,,,0.009999999999999787
2006-01-18,12.25,4.34,4.33,,,,,,0.009999999999999787
2006-01-19,11.98,4.38,4.37,,,,,,0.009999999999999787
2006-01-20,14.56,4.37,4.37,,,,,,0.0
2006-01-23,13.93,4.36,4.35,,,,,,0.010000000000000675
2006-01-24,13.31,4.4,4.37,,,,,,0.03000000000000025
2006-01-25,12.87,4.49,4.46,,,,,,0.03000000000000025
2006-01-26,12.42,4.53,4.49,,,,,,0.040000000000000036
2006-01-27,11.97,4.52,4.51,,,,,,0.009999999999999787
2006-01-30,12.39,4.54,4.52,,,,,,0.020000000000000462
2006-01-31,12.95,4.53,4.54,,,,,,-0.009999999999999787
2006-02-01,12.36,4.57,4.59,4.49,199.4,0.0363825363825363,4.8,0.0,-0.019999999999999574
2006-02-02,13.23,4.57,4.59,,,,,,-0.019999999999999574
2006-02-03,12.96,4.54,4.59,,,,,,-0.04999999999999982
2006-02-06,13.04,4.55,4.62,,,,,,-0.07000000000000028
2006-02-07,13.59,4.57,4.61,,,,,,-0.040000000000000036
2006-02-08,12.83,4.56,4.64,,,,,,-0.08000000000000007
2006-02-09,13.12,4.54,4.66,,,,,,-0.1200000000000001
2006-02-10,12.87,4.59,4.69,,,,,,-0.10000000000000053
2006-02-13,13.35,4.58,4.68,,,,,,-0.09999999999999964
2006-02-14,12.25,4.62,4.69,,,,,,-0.07000000000000028
2006-02-15,12.31,4.61,4.71,,,,,,-0.09999999999999964
2006-02-16,11.48,4.59,4.69,,,,,,-0.10000000000000053
2006-02-17,12.01,4.54,4.66,,,,,,-0.1200000000000001
2006-02-20,,,,,,,,,
2006-02-21,12.41,4.57,4.71,,,,,,-0.13999999999999968
2006-02-22,11.88,4.53,4.68,,,,,,-0.14999999999999947
2006-02-23,11.87,4.56,4.72,,,,,,-0.16000000000000014
2006-02-24,11.46,4.58,4.74,,,,,,-0.16000000000000014
2006-02-27,11.59,4.59,4.74,,,,,,-0.15000000000000036
2006-02-28,12.34,4.55,4.69,,,,,,-0.14000000000000057
2006-03-01,11.54,4.59,4.71,4.59,199.7,0.03417918177110302,4.7,0.0,-0.1200000000000001
2006-03-02,11.72,4.64,4.72,,,,,,-0.08000000000000007
2006-03-03,11.96,4.68,4.76,,,,,,-0.08000000000000007
2006-03-06,12.74,4.74,4.77,,,,,,-0.02999999999999936
2006-03-07,12.66,4.74,4.77,,,,,,-0.02999999999999936
2006-03-08,12.32,4.73,4.72,,,,,,0.010000000000000675
2006-03-09,12.68,4.74,4.72,,,,,,0.020000000000000462
2006-03-10,11.85,4.76,4.74,,,,,,0.019999999999999574
2006-03-13,11.37,4.77,4.74,,,,,,0.02999999999999936
2006-03-14,10.74,4.71,4.66,,,,,,0.04999999999999982
2006-03-15,11.35,4.73,4.69,,,,,,0.040000000000000036
2006-03-16,11.98,4.65,4.62,,,,,,0.03000000000000025
2006-03-17,12.12,4.68,4.65,,,,,,0.02999999999999936
2006-03-20,11.79,4.66,4.65,,,,,,0.009999999999999787
2006-03-21,11.62,4.71,4.72,,,,,,-0.009999999999999787
2006-03-22,11.21,4.7,4.74,,,,,,-0.040000000000000036
2006-03-23,11.17,4.73,4.77,,,,,,-0.03999999999999915
2006-03-24,11.19,4.67,4.72,,,,,,-0.04999999999999982
2006-03-27,11.46,4.7,4.72,,,,,,-0.019999999999999574
2006-03-28,11.58,4.79,4.81,,,,,,-0.019999999999999574
2006-03-29,10.95,4.81,4.82,,,,,,-0.010000000000000675
2006-03-30,11.57,4.86,4.84,,,,,,0.020000000000000462
2006-03-31,11.39,4.86,4.82,,,,,,0.040000000000000036
2006-04-01,,,,4.79,200.7,0.03613835828600931,4.7,0.0,
2006-04-03,11.57,4.88,4.86,,,,,,0.019999999999999574
2006-04-04,11.14,4.87,4.84,,,,,,0.03000000000000025
2006-04-05,11.13,4.84,4.81,,,,,,0.03000000000000025
2006-04-06,11.45,4.9,4.84,,,,,,0.0600000000000005
2006-04-07,12.26,4.97,4.89,,,,,,0.08000000000000007
2006-04-10,12.19,4.97,4.89,,,,,,0.08000000000000007
2006-04-11,13.0,4.93,4.88,,,,,,0.04999999999999982
2006-04-12,12.76,4.98,4.91,,,,,,0.07000000000000028
2006-04-13,12.38,5.05,4.96,,,,,,0.08999999999999986
2006-04-14,,,,,,,,,
2006-04-17,12.58,5.01,4.91,,,,,,0.09999999999999964
2006-04-18,11.4,4.99,4.84,,,,,,0.15000000000000036
2006-04-19,11.32,5.04,4.86,,,,,,0.17999999999999972
2006-04-20,11.64,5.04,4.89,,,,,,0.15000000000000036
2006-04-21,11.59,5.01,4.9,,,,,,0.10999999999999943
2006-04-24,11.75,4.99,4.89,,,,,,0.10000000000000053
2006-04-25,11.75,5.07,4.95,,,,,,0.1200000000000001
2006-04-26,11.76,5.12,4.99,,,,,,0.1299999999999999
2006-04-27,11.84,5.09,4.91,,,,,,0.17999999999999972
2006-04-28,11.59,5.07,4.87,,,,,,0.20000000000000018
2006-05-01,12.54,5.14,4.94,4.94,201.3,0.03977272727272729,4.6,0.0,0.1999999999999993
2006-05-02,11.99,5.12,4.92,,,,,,0.20000000000000018
2006-05-03,11.99,5.15,4.94,,,,,,0.20999999999999996
2006-05-04,11.86,5.16,4.97,,,,,,0.1900000000000004
2006-05-05,11.62,5.12,4.94,,,,,,0.17999999999999972
2006-05-08,12.0,5.12,4.97,,,,,,0.15000000000000036
2006-05-09,11.99,5.13,4.97,,,,,,0.16000000000000014
2006-05-10,11.78,5.13,5.01,,,,,,0.1200000000000001
2006-05-11,12.49,5.14,4.99,,,,,,0.14999999999999947
2006-05-12,14.19,5.19,5.01,,,,,,0.1800000000000006
2006-05-15,13.57,5.15,4.99,,,,,,0.16000000000000014
2006-05-16,13.35,5.1,4.96,,,,,,0.13999999999999968
2006-05-17,16.26,5.16,4.97,,,,,,0.1900000000000004
2006-05-18,16.99,5.08,4.94,,,,,,0.13999999999999968
2006-05-19,17.18,5.05,4.96,,,,,,0.08999999999999986
2006-05-22,17.72,5.04,4.94,,,,,,0.09999999999999964
2006-05-23,18.26,5.07,4.97,,,,,,0.10000000000000053
2006-05-24,17.36,5.03,4.94,,,,,,0.08999999999999986
2006-05-25,15.5,5.07,4.98,,,,,,0.08999999999999986
2006-05-26,14.26,5.06,4.96,,,,,,0.09999999999999964
2006-05-29,,,,,,,,,
2006-05-30,18.66,5.09,4.99,,,,,,0.09999999999999964
2006-05-31,16.44,5.12,5.04,,,,,,0.08000000000000007
2006-06-01,14.52,5.11,5.04,4.99,201.8,0.041817243159525175,4.6,0.0,0.07000000000000028
2006-06-02,14.32,5.0,4.92,,,,,,0.08000000000000007
2006-06-05,16.65,5.02,4.99,,,,,,0.02999999999999936
2006-06-06,17.34,5.01,4.99,,,,,,0.019999999999999574
2006-06-07,17.8,5.02,5.02,,,,,,0.0
2006-06-08,18.35,5.0,5.01,,,,,,-0.009999999999999787
2006-06-09,18.12,4.98,5.01,,,,,,-0.02999999999999936
2006-06-12,20.96,4.99,5.02,,,,,,-0.02999999999999936
2006-06-13,23.81,4.97,5.02,,,,,,-0.04999999999999982
2006-06-14,21.46,5.05,5.11,,,,,,-0.0600000000000005
2006-06-15,15.9,5.1,5.14,,,,,,-0.040000000000000036
2006-06-16,17.25,5.13,5.16,,,,,,-0.03000000000000025
2006-06-19,17.83,5.14,5.19,,,,,,-0.05000000000000071
2006-06-20,16.69,5.15,5.19,,,,,,-0.040000000000000036
2006-06-21,15.52,5.16,5.2,,,,,,-0.040000000000000036
2006-06-22,15.88,5.2,5.23,,,,,,-0.03000000000000025
2006-06-23,15.89,5.23,5.27,,,,,,-0.03999999999999915
2006-06-26,15.62,5.25,5.27,,,,,,-0.019999999999999574
2006-06-27,16.4,5.21,5.24,,,,,,-0.03000000000000025
2006-06-28,15.79,5.25,5.29,,,,,,-0.040000000000000036
2006-06-29,13.03,5.22,5.21,,,,,,0.009999999999999787
2006-06-30,13.08,5.15,5.16,,,,,,-0.009999999999999787
2006-07-01,,,,5.24,202.9,0.041046690610569536,4.7,0.0,
2006-07-03,13.05,5.15,5.17,,,,,,-0.019999999999999574
2006-07-04,,,,,,,,,
2006-07-05,14.15,5.23,5.24,,,,,,-0.009999999999999787
2006-07-06,13.65,5.19,5.22,,,,,,-0.02999999999999936
2006-07-07,13.97,5.14,5.17,,,,,,-0.03000000000000025
2006-07-10,14.02,5.13,5.17,,,,,,-0.040000000000000036
2006-07-11,13.14,5.1,5.17,,,,,,-0.07000000000000028
2006-07-12,14.49,5.1,5.17,,,,,,-0.07000000000000028
2006-07-13,17.79,5.08,5.12,,,,,,-0.040000000000000036
2006-07-14,18.05,5.07,5.08,,,,,,-0.009999999999999787
2006-07-17,18.64,5.07,5.12,,,,,,-0.04999999999999982
2006-07-18,17.74,5.13,5.19,,,,,,-0.0600000000000005
2006-07-19,15.55,5.06,5.12,,,,,,-0.0600000000000005
2006-07-20,16.21,5.03,5.06,,,,,,-0.02999999999999936
2006-07-21,17.4,5.05,5.08,,,,,,-0.03000000000000025
2006-07-24,14.98,5.05,5.1,,,,,,-0.04999999999999982
2006-07-25,14.85,5.07,5.11,,,,,,-0.040000000000000036
2006-07-26,14.62,5.04,5.06,,,,,,-0.019999999999999574
2006-07-27,14.94,5.07,5.07,,,,,,0.0
2006-07-28,14.33,5.0,4.98,,,,,,0.019999999999999574
2006-07-31,14.95,4.99,4.97,,,,,,0.020000000000000462
2006-08-01,15.05,4.99,4.97,5.25,203.8,0.03926568077511483,4.7,0.0,0.020000000000000462
2006-08-02,14.34,4.96,4.97,,,,,,-0.009999999999999787
2006-08-03,14.46,4.96,4.98,,,,,,-0.020000000000000462
2006-08-04,14.34,4.91,4.91,,,,,,0.0
2006-08-07,15.23,4.93,4.96,,,,,,-0.03000000000000025
2006-08-08,15.23,4.93,4.91,,,,,,0.019999999999999574
2006-08-09,15.2,4.92,4.91,,,,,,0.009999999999999787
2006-08-10,14.46,4.93,4.93,,,,,,0.0
2006-08-11,14.3,4.97,4.96,,,,,,0.009999999999999787
2006-08-14,14.26,5.0,5.01,,,,,,-0.009999999999999787
2006-08-15,13.42,4.93,4.94,,,,,,-0.010000000000000675
2006-08-16,12.41,4.87,4.87,,,,,,0.0
2006-08-17,12.24,4.87,4.89,,,,,,-0.019999999999999574
2006-08-18,11.64,4.84,4.87,,,,,,-0.03000000000000025
2006-08-21,12.22,4.82,4.85,,,,,,-0.02999999999999936
2006-08-22,12.19,4.82,4.87,,,,,,-0.04999999999999982
2006-08-23,12.4,4.82,4.87,,,,,,-0.04999999999999982
2006-08-24,12.4,4.81,4.88,,,,,,-0.07000000000000028
2006-08-25,12.31,4.79,4.86,,,,,,-0.07000000000000028
2006-08-28,12.18,4.8,4.88,,,,,,-0.08000000000000007
2006-08-29,12.28,4.79,4.87,,,,,,-0.08000000000000007
2006-08-30,12.22,4.76,4.83,,,,,,-0.07000000000000028
2006-08-31,12.31,4.74,4.79,,,,,,-0.04999999999999982
2006-09-01,11.96,4.73,4.77,5.25,202.8,0.02012072434607637,4.5,0.0,-0.03999999999999915
2006-09-04,,,,,,,,,
2006-09-05,12.63,4.78,4.8,,,,,,-0.019999999999999574
2006-09-06,13.74,4.8,4.82,,,,,,-0.020000000000000462
2006-09-07,13.88,4.8,4.82,,,,,,-0.020000000000000462
2006-09-08,13.16,4.78,4.8,,,,,,-0.019999999999999574
2006-09-11,12.99,4.8,4.83,,,,,,-0.03000000000000025
2006-09-12,11.92,4.78,4.82,,,,,,-0.040000000000000036
2006-09-13,11.18,4.77,4.8,,,,,,-0.03000000000000025
2006-09-14,11.55,4.79,4.83,,,,,,-0.040000000000000036
2006-09-15,11.76,4.8,4.87,,,,,,-0.07000000000000028
2006-09-18,11.78,4.81,4.88,,,,,,-0.07000000000000028
2006-09-19,11.98,4.74,4.79,,,,,,-0.04999999999999982
2006-09-20,11.39,4.73,4.81,,,,,,-0.07999999999999918
2006-09-21,12.25,4.65,4.71,,,,,,-0.05999999999999961
2006-09-22,12.59,4.6,4.67,,,,,,-0.07000000000000028
2006-09-25,12.12,4.56,4.63,,,,,,-0.07000000000000028
2006-09-26,11.53,4.59,4.68,,,,,,-0.08999999999999986
2006-09-27,11.58,4.6,4.66,,,,,,-0.0600000000000005
2006-09-28,11.72,4.63,4.68,,,,,,-0.04999999999999982
2006-09-29,11.98,4.64,4.71,,,,,,-0.07000000000000028
2006-10-01,,,,5.25,201.9,0.014063284781516971,4.4,0.0,
2006-10-02,12.57,4.62,4.66,,,,,,-0.040000000000000036
2006-10-03,12.24,4.62,4.67,,,,,,-0.04999999999999982
2006-10-04,11.86,4.57,4.6,,,,,,-0.02999999999999936
2006-10-05,11.98,4.61,4.65,,,,,,-0.040000000000000036
2006-10-06,11.56,4.7,4.74,,,,,,-0.040000000000000036
2006-10-09,11.68,,,,,,,,
2006-10-10,11.52,4.75,4.82,,,,,,-0.07000000000000028
2006-10-11,11.62,4.78,4.85,,,,,,-0.0699999999999994
2006-10-12,11.09,4.79,4.85,,,,,,-0.05999999999999961
2006-10-13,10.75,4.81,4.87,,,,,,-0.0600000000000005
2006-10-16,11.09,4.79,4.85,,,,,,-0.05999999999999961
2006-10-17,11.73,4.78,4.83,,,,,,-0.04999999999999982
2006-10-18,11.34,4.77,4.85,,,,,,-0.08000000000000007
2006-10-19,10.9,4.79,4.85,,,,,,-0.05999999999999961
2006-10-20,10.63,4.79,4.87,,,,,,-0.08000000000000007
2006-10-23,11.08,4.83,4.9,,,,,,-0.07000000000000028
2006-10-24,10.78,4.83,4.91,,,,,,-0.08000000000000007
2006-10-25,10.66,4.78,4.88,,,,,,-0.09999999999999964
2006-10-26,10.56,4.73,4.81,,,,,,-0.07999999999999918
2006-10-27,10.8,4.68,4.76,,,,,,-0.08000000000000007
2006-10-30,11.2,4.68,4.78,,,,,,-0.10000000000000053
2006-10-31,11.1,4.61,4.71,,,,,,-0.09999999999999964
2006-11-01,11.51,4.57,4.66,5.25,202.0,0.01968702675416467,4.5,0.0,-0.08999999999999986
2006-11-02,11.42,4.6,4.67,,,,,,-0.07000000000000028
2006-11-03,11.16,4.72,4.82,,,,,,-0.10000000000000053
2006-11-06,11.16,4.71,4.82,,,,,,-0.11000000000000032
2006-11-07,11.09,4.66,4.77,,,,,,-0.10999999999999943
2006-11-08,10.75,4.64,4.75,,,,,,-0.11000000000000032
2006-11-09,11.01,4.62,4.75,,,,,,-0.1299999999999999
2006-11-10,10.79,4.59,4.73,,,,,,-0.14000000000000057
2006-11-13,10.86,4.61,4.76,,,,,,-0.14999999999999947
2006-11-14,10.5,4.57,4.74,,,,,,-0.16999999999999993
2006-11-15,10.31,4.61,4.8,,,,,,-0.1899999999999995
2006-11-16,10.16,4.66,4.85,,,,,,-0.1899999999999995
2006-11-17,10.05,4.61,4.76,,,,,,-0.14999999999999947
2006-11-20,9.97,4.6,4.76,,,,,,-0.16000000000000014
2006-11-21,9.9,4.58,4.75,,,,,,-0.16999999999999993
2006-11-22,10.14,4.57,4.74,,,,,,-0.16999999999999993
2006-11-23,,,,,,,,,
2006-11-24,10.73,4.55,4.73,,,,,,-0.1800000000000006
2006-11-27,12.3,4.54,4.71,,,,,,-0.16999999999999993
2006-11-28,11.62,4.51,4.67,,,,,,-0.16000000000000014
2006-11-29,10.83,4.52,4.69,,,,,,-0.17000000000000082
2006-11-30,10.91,4.46,4.62,,,,,,-0.16000000000000014
2006-12-01,11.66,4.43,4.52,5.24,203.1,0.025239777889954462,4.4,0.0,-0.08999999999999986
2006-12-04,11.23,4.43,4.52,,,,,,-0.08999999999999986
2006-12-05,11.27,4.45,4.52,,,,,,-0.0699999999999994
2006-12-06,11.33,4.48,4.59,,,,,,-0.10999999999999943
2006-12-07,12.67,4.49,4.58,,,,,,-0.08999999999999986
2006-12-08,12.07,4.56,4.68,,,,,,-0.1200000000000001
2006-12-11,10.71,4.52,4.67,,,,,,-0.15000000000000036
2006-12-12,10.65,4.49,4.61,,,,,,-0.1200000000000001
2006-12-13,10.18,4.58,4.7,,,,,,-0.1200000000000001
2006-12-14,9.97,4.6,4.73,,,,,,-0.13000000000000078
2006-12-15,10.05,4.6,4.73,,,,,,-0.13000000000000078
2006-12-18,10.6,4.6,4.71,,,,,,-0.11000000000000032
2006-12-19,10.3,4.6,4.71,,,,,,-0.11000000000000032
2006-12-20,10.26,4.6,4.71,,,,,,-0.11000000000000032
2006-12-21,10.53,4.55,4.66,,,,,,-0.11000000000000032
2006-12-22,11.36,4.63,4.71,,,,,,-0.08000000000000007
2006-12-25,,,,,,,,,
2006-12-26,11.26,4.61,4.71,,,,,,-0.09999999999999964
2006-12-27,10.64,4.66,4.77,,,,,,-0.10999999999999943
2006-12-28,10.99,4.7,4.82,,,,,,-0.1200000000000001
2006-12-29,11.56,4.71,4.82,,,,,,-0.11000000000000032
2007-01-01,,,,5.25,203.437,0.020757651781234232,4.6,0.0,
2007-01-02,,4.68,4.8,,,,,,-0.1200000000000001
2007-01-03,12.04,4.67,4.76,,,,,,-0.08999999999999986
2007-01-04,11.51,4.62,4.71,,,,,,-0.08999999999999986
2007-01-05,12.14,4.65,4.76,,,,,,-0.10999999999999943
2007-01-08,12.0,4.66,4.78,,,,,,-0.1200000000000001
2007-01-09,11.91,4.66,4.79,,,,,,-0.1299999999999999
2007-01-10,11.47,4.69,4.81,,,,,,-0.11999999999999922
2007-01-11,10.87,4.74,4.86,,,,,,-0.1200000000000001
2007-01-12,10.15,4.77,4.88,,,,,,-0.11000000000000032
2007-01-15,,,,,,,,,
2007-01-16,10.74,4.75,4.86,,,,,,-0.11000000000000032
2007-01-17,10.59,4.79,4.91,,,,,,-0.1200000000000001
2007-01-18,10.85,4.75,4.89,,,,,,-0.13999999999999968
2007-01-19,10.4,4.78,4.93,,,,,,-0.14999999999999947
2007-01-22,10.77,4.76,4.91,,,,,,-0.15000000000000036
2007-01-23,10.34,4.81,4.94,,,,,,-0.13000000000000078
2007-01-24,9.89,4.81,4.93,,,,,,-0.1200000000000001
2007-01-25,11.22,4.87,4.98,,,,,,-0.11000000000000032
2007-01-26,11.13,4.88,4.99,,,,,,-0.11000000000000032
2007-01-29,11.45,4.9,4.99,,,,,,-0.08999999999999986
2007-01-30,10.96,4.88,4.98,,,,,,-0.10000000000000053
2007-01-31,10.42,4.83,4.94,,,,,,-0.11000000000000032
2007-02-01,10.31,4.84,4.96,5.26,204.226,0.02420260782347028,4.5,0.0,-0.1200000000000001
2007-02-02,10.08,4.83,4.94,,,,,,-0.11000000000000032
2007-02-05,10.55,4.81,4.92,,,,,,-0.11000000000000032
2007-02-06,10.65,4.77,4.9,,,,,,-0.13000000000000078
2007-02-07,10.32,4.74,4.87,,,,,,-0.1299999999999999
2007-02-08,10.44,4.73,4.87,,,,,,-0.13999999999999968
2007-02-09,11.1,4.79,4.92,,,,,,-0.1299999999999999
2007-02-12,11.61,4.8,4.94,,,,,,-0.14000000000000057
2007-02-13,10.34,4.82,4.95,,,,,,-0.1299999999999999
2007-02-14,10.23,4.74,4.87,,,,,,-0.1299999999999999
2007-02-15,10.22,4.7,4.83,,,,,,-0.1299999999999999
2007-02-16,10.02,4.69,4.83,,,,,,-0.13999999999999968
2007-02-19,,,,,,,,,
2007-02-20,10.24,4.68,4.81,,,,,,-0.1299999999999999
2007-02-21,10.2,4.69,4.82,,,,,,-0.1299999999999999
2007-02-22,10.18,4.73,4.87,,,,,,-0.13999999999999968
2007-02-23,10.58,4.68,4.82,,,,,,-0.14000000000000057
2007-02-26,11.15,4.63,4.77,,,,,,-0.13999999999999968
2007-02-27,18.31,4.5,4.59,,,,,,-0.08999999999999986
2007-02-28,15.42,4.56,4.65,,,,,,-0.09000000000000075
2007-03-01,15.82,4.56,4.63,5.26,205.288,0.027981972959439272,4.4,0.0,-0.07000000000000028
2007-03-02,18.61,4.52,4.56,,,,,,-0.040000000000000036
2007-03-05,19.63,4.51,4.53,,,,,,-0.020000000000000462
2007-03-06,15.96,4.53,4.58,,,,,,-0.04999999999999982
2007-03-07,15.24,4.5,4.54,,,,,,-0.040000000000000036
2007-03-08,14.29,4.51,4.56,,,,,,-0.04999999999999982
2007-03-09,14.09,4.59,4.66,,,,,,-0.07000000000000028
2007-03-12,13.99,4.56,4.62,,,,,,-0.0600000000000005
2007-03-13,18.13,4.5,4.52,,,,,,-0.019999999999999574
2007-03-14,17.27,4.53,4.54,,,,,,-0.009999999999999787
2007-03-15,16.43,4.54,4.57,,,,,,-0.03000000000000025
2007-03-16,16.79,4.55,4.58,,,,,,-0.03000000000000025
2007-03-19,14.59,4.58,4.61,,,,,,-0.03000000000000025
2007-03-20,13.27,4.56,4.6,,,,,,-0.040000000000000036
2007-03-21,12.19,4.53,4.51,,,,,,0.020000000000000462
2007-03-22,12.93,4.6,4.58,,,,,,0.019999999999999574
2007-03-23,12.95,4.62,4.6,,,,,,0.020000000000000462
2007-03-26,13.16,4.6,4.56,,,,,,0.040000000000000036
2007-03-27,13.48,4.62,4.58,,,,,,0.040000000000000036
2007-03-28,14.98,4.62,4.53,,,,,,0.08999999999999986
2007-03-29,15.14,4.64,4.58,,,,,,0.05999999999999961
2007-03-30,14.64,4.65,4.58,,,,,,0.07000000000000028
2007-04-01,,,,5.25,205.904,0.025929247633283525,4.5,0.0,
2007-04-02,14.53,4.65,4.6,,,,,,0.05000000000000071
2007-04-03,13.46,4.67,4.63,,,,,,0.040000000000000036
2007-04-04,13.24,4.66,4.61,,,,,,0.04999999999999982
2007-04-05,13.23,4.68,4.63,,,,,,0.04999999999999982
2007-04-06,,4.76,4.75,,,,,,0.009999999999999787
2007-04-09,13.14,4.75,4.73,,,,,,0.019999999999999574
2007-04-10,12.68,4.73,4.71,,,,,,0.020000000000000462
2007-04-11,13.49,4.74,4.73,,,,,,0.009999999999999787
2007-04-12,12.71,4.74,4.73,,,,,,0.009999999999999787
2007-04-13,12.2,4.76,4.76,,,,,,0.0
2007-04-16,11.98,4.74,4.74,,,,,,0.0
2007-04-17,12.14,4.69,4.68,,,,,,0.010000000000000675
2007-04-18,12.42,4.66,4.64,,,,,,0.020000000000000462
2007-04-19,12.54,4.68,4.64,,,,,,0.040000000000000036
2007-04-20,12.07,4.68,4.64,,,,,,0.040000000000000036
2007-04-23,13.04,4.66,4.62,,,,,,0.040000000000000036
2007-04-24,13.12,4.63,4.58,,,,,,0.04999999999999982
2007-04-25,13.21,4.66,4.63,,,,,,0.03000000000000025
2007-04-26,12.79,4.69,4.67,,,,,,0.020000000000000462
2007-04-27,12.45,4.71,4.67,,,,,,0.040000000000000036
2007-04-30,14.22,4.63,4.6,,,,,,0.03000000000000025
2007-05-01,13.51,4.64,4.63,5.25,206.755,0.02709885742672613,4.4,0.0,0.009999999999999787
2007-05-02,13.08,4.65,4.65,,,,,,0.0
2007-05-03,13.09,4.68,4.71,,,,,,-0.03000000000000025
2007-05-04,12.91,4.65,4.68,,,,,,-0.02999999999999936
2007-05-07,13.15,4.64,4.68,,,,,,-0.040000000000000036
2007-05-08,13.21,4.63,4.68,,,,,,-0.04999999999999982
2007-05-09,12.88,4.67,4.73,,,,,,-0.0600000000000005
2007-05-10,13.6,4.65,4.7,,,,,,-0.04999999999999982
2007-05-11,12.95,4.67,4.71,,,,,,-0.040000000000000036
2007-05-14,13.96,4.69,4.73,,,,,,-0.040000000000000036
2007-05-15,14.01,4.71,4.75,,,,,,-0.040000000000000036
2007-05-16,13.5,4.71,4.73,,,,,,-0.020000000000000462
2007-05-17,13.51,4.76,4.78,,,,,,-0.020000000000000462
2007-05-18,12.76,4.81,4.82,,,,,,-0.010000000000000675
2007-05-21,13.3,4.79,4.81,,,,,,-0.019999999999999574
2007-05-22,13.06,4.83,4.83,,,,,,0.0
2007-05-23,13.24,4.86,4.85,,,,,,0.010000000000000675
2007-05-24,14.08,4.86,4.85,,,,,,0.010000000000000675
2007-05-25,13.34,4.86,4.85,,,,,,0.010000000000000675
2007-05-28,,,,,,,,,
2007-05-29,13.53,4.88,4.88,,,,,,0.0
2007-05-30,12.83,4.88,4.89,,,,,,-0.009999999999999787
2007-05-31,13.05,4.9,4.92,,,,,,-0.019999999999999574
2007-06-01,12.78,4.95,4.97,5.25,207.234,0.02692765113974227,4.6,0.0,-0.019999999999999574
2007-06-04,13.29,4.93,4.97,,,,,,-0.040000000000000036
2007-06-05,13.63,4.98,4.99,,,,,,-0.009999999999999787
2007-06-06,14.87,4.97,4.97,,,,,,0.0
2007-06-07,17.06,5.11,5.03,,,,,,0.08000000000000007
2007-06-08,14.84,5.12,5.01,,,,,,0.11000000000000032
2007-06-11,14.71,5.14,5.01,,,,,,0.1299999999999999
2007-06-12,16.67,5.26,5.08,,,,,,0.17999999999999972
2007-06-13,14.73,5.2,5.08,,,,,,0.1200000000000001
2007-06-14,13.64,5.23,5.1,,,,,,0.13000000000000078
2007-06-15,13.94,5.16,5.05,,,,,,0.11000000000000032
2007-06-18,13.42,5.15,5.01,,,,,,0.14000000000000057
2007-06-19,12.85,5.09,4.94,,,,,,0.14999999999999947
2007-06-20,14.67,5.14,4.97,,,,,,0.16999999999999993
2007-06-21,14.21,5.16,4.98,,,,,,0.17999999999999972
2007-06-22,15.75,5.14,4.92,,,,,,0.21999999999999975
2007-06-25,16.65,5.09,4.87,,,,,,0.21999999999999975
2007-06-26,18.89,5.1,4.9,,,,,,0.1999999999999993
2007-06-27,15.53,5.09,4.91,,,,,,0.17999999999999972
2007-06-28,15.54,5.12,4.96,,,,,,0.16000000000000014
2007-06-29,16.23,5.03,4.87,,,,,,0.16000000000000014
2007-07-01,,,,5.26,207.603,0.023178905864958077,4.7,0.0,
2007-07-02,15.4,5.0,4.86,,,,,,0.13999999999999968
2007-07-03,14.92,5.05,4.89,,,,,,0.16000000000000014
2007-07-04,,,,,,,,,
2007-07-05,15.48,5.16,4.99,,,,,,0.16999999999999993
2007-07-06,14.72,5.19,4.99,,,,,,0.20000000000000018
2007-07-09,15.16,5.16,4.97,,,,,,0.1900000000000004
2007-07-10,17.57,5.03,4.85,,,,,,0.1800000000000006
2007-07-11,16.64,5.09,4.89,,,,,,0.20000000000000018
2007-07-12,15.54,5.13,4.94,,,,,,0.1899999999999995
2007-07-13,15.15,5.11,4.94,,,,,,0.16999999999999993
2007-07-16,15.59,5.05,4.89,,,,,,0.16000000000000014
2007-07-17,15.63,5.08,4.91,,,,,,0.16999999999999993
2007-07-18,16.0,5.02,4.84,,,,,,0.17999999999999972
2007-07-19,15.23,5.04,4.87,,,,,,0.16999999999999993
2007-07-20,16.95,4.96,4.79,,,,,,0.16999999999999993
2007-07-23,16.81,4.97,4.8,,,,,,0.16999999999999993
2007-07-24,18.55,4.94,4.77,,,,,,0.17000000000000082
2007-07-25,18.1,4.92,4.74,,,,,,0.17999999999999972
2007-07-26,20.74,4.79,4.56,,,,,,0.23000000000000043
2007-07-27,24.17,4.8,4.56,,,,,,0.2400000000000002
2007-07-30,20.87,4.82,4.59,,,,,,0.23000000000000043
2007-07-31,23.52,4.78,4.56,,,,,,0.22000000000000064
2007-08-01,23.67,4.76,4.56,5.02,207.667,0.01897448478900876,4.6,0.0,0.20000000000000018
2007-08-02,21.22,4.77,4.59,,,,,,0.17999999999999972
2007-08-03,25.16,4.71,4.46,,,,,,0.25
2007-08-06,22.94,4.72,4.46,,,,,,0.2599999999999998
2007-08-07,21.56,4.77,4.56,,,,,,0.20999999999999996
2007-08-08,21.45,4.84,4.64,,,,,,0.20000000000000018
2007-08-09,26.48,4.79,4.49,,,,,,0.2999999999999998
2007-08-10,28.3,4.81,4.47,,,,,,0.33999999999999986
2007-08-13,26.57,4.78,4.46,,,,,,0.3200000000000003
2007-08-14,27.68,4.73,4.39,,,,,,0.34000000000000075
2007-08-15,30.67,4.69,4.27,,,,,,0.4200000000000008
2007-08-16,30.83,4.6,4.08,,,,,,0.5199999999999996
2007-08-17,29.99,4.68,4.18,,,,,,0.5
2007-08-20,26.33,4.64,4.11,,,,,,0.5299999999999994
2007-08-21,25.25,4.6,4.05,,,,,,0.5499999999999998
2007-08-22,22.89,4.63,4.15,,,,,,0.47999999999999954
2007-08-23,22.62,4.62,4.2,,,,,,0.41999999999999993
2007-08-24,20.72,4.63,4.3,,,,,,0.33000000000000007
2007-08-27,22.72,4.6,4.28,,,,,,0.3199999999999994
2007-08-28,26.3,4.53,4.13,,,,,,0.40000000000000036
2007-08-29,23.81,4.57,4.14,,,,,,0.4300000000000006
2007-08-30,25.06,4.51,4.08,,,,,,0.4299999999999997
2007-08-31,23.38,4.54,4.15,,,,,,0.3899999999999997
2007-09-01,,,,4.94,208.547,0.028338264299802685,4.7,0.0,
2007-09-03,,,,,,,,,
2007-09-04,22.78,4.56,4.13,,,,,,0.4299999999999997
2007-09-05,24.58,4.48,4.03,,,,,,0.4500000000000002
2007-09-06,23.99,4.51,4.08,,,,,,0.4299999999999997
2007-09-07,26.23,4.38,3.9,,,,,,0.48
2007-09-10,27.38,4.34,3.87,,,,,,0.46999999999999975
2007-09-11,25.27,4.37,3.95,,,,,,0.41999999999999993
2007-09-12,24.96,4.41,3.95,,,,,,0.45999999999999996
2007-09-13,24.76,4.49,4.08,,,,,,0.41000000000000014
2007-09-14,24.92,4.47,4.05,,,,,,0.41999999999999993
2007-09-17,26.48,4.48,4.08,,,,,,0.40000000000000036
2007-09-18,20.35,4.5,4.0,,,,,,0.5
2007-09-19,20.03,4.53,4.0,,,,,,0.5300000000000002
2007-09-20,20.45,4.69,4.1,,,,,,0.5900000000000007
2007-09-21,19.0,4.64,4.06,,,,,,0.5800000000000001
2007-09-24,19.37,4.63,4.05,,,,,,0.5800000000000001
2007-09-25,18.6,4.63,4.0,,,,,,0.6299999999999999
2007-09-26,17.63,4.63,3.97,,,,,,0.6599999999999997
2007-09-27,17.0,4.58,3.95,,,,,,0.6299999999999999
2007-09-28,18.0,4.59,3.97,,,,,,0.6199999999999997
2007-10-01,17.84,4.56,4.02,4.76,209.19,0.03610698365527476,4.7,0.0,0.54
2007-10-02,18.49,4.54,3.98,,,,,,0.56
2007-10-03,18.8,4.55,4.02,,,,,,0.5300000000000002
2007-10-04,18.44,4.54,4.0,,,,,,0.54
2007-10-05,16.91,4.65,4.08,,,,,,0.5700000000000003
2007-10-08,17.46,,,,,,,,
2007-10-09,16.12,4.67,4.15,,,,,,0.5199999999999996
2007-10-10,16.67,4.65,4.15,,,,,,0.5
2007-10-11,18.88,4.66,4.13,,,,,,0.5300000000000002
2007-10-12,17.73,4.7,4.23,,,,,,0.46999999999999975
2007-10-15,19.25,4.69,4.22,,,,,,0.47000000000000064
2007-10-16,20.02,4.66,4.12,,,,,,0.54
2007-10-17,18.54,4.57,4.0,,,,,,0.5700000000000003
2007-10-18,18.5,4.52,3.93,,,,,,0.5899999999999994
2007-10-19,22.96,4.41,3.8,,,,,,0.6100000000000003
2007-10-22,21.64,4.42,3.85,,,,,,0.5699999999999998
2007-10-23,20.41,4.41,3.81,,,,,,0.6000000000000001
2007-10-24,20.8,4.36,3.74,,,,,,0.6200000000000001
2007-10-25,21.17,4.37,3.74,,,,,,0.6299999999999999
2007-10-26,19.56,4.41,3.77,,,,,,0.6400000000000001
2007-10-29,19.87,4.39,3.79,,,,,,0.5999999999999996
2007-10-30,21.07,4.4,3.82,,,,,,0.5800000000000005
2007-10-31,18.53,4.48,3.94,,,,,,0.5400000000000005
2007-11-01,23.21,4.36,3.77,4.49,210.834,0.04373267326732666,4.7,0.0,0.5900000000000003
2007-11-02,23.01,4.31,3.66,,,,,,0.6499999999999995
2007-11-05,24.31,4.35,3.69,,,,,,0.6599999999999997
2007-11-06,21.39,4.38,3.7,,,,,,0.6799999999999997
2007-11-07,26.49,4.34,3.61,,,,,,0.73
2007-11-08,26.16,4.28,3.47,,,,,,0.81
2007-11-09,28.5,4.23,3.42,,,,,,0.8100000000000005
2007-11-12,31.09,,,,,,,,
2007-11-13,24.1,4.26,3.54,,,,,,0.7199999999999998
2007-11-14,25.94,4.28,3.57,,,,,,0.7100000000000004
2007-11-15,28.06,4.17,3.35,,,,,,0.8199999999999998
2007-11-16,25.49,4.15,3.33,,,,,,0.8200000000000003
2007-11-19,26.01,4.07,3.18,,,,,,0.8900000000000001
2007-11-20,24.88,4.06,3.14,,,,,,0.9199999999999995
2007-11-21,26.84,4.0,2.99,,,,,,1.0099999999999998
2007-11-22,,,,,,,,,
2007-11-23,25.61,4.01,3.07,,,,,,0.94
2007-11-26,28.91,3.83,2.92,,,,,,0.9100000000000001
2007-11-27,26.28,3.95,3.05,,,,,,0.9000000000000004
2007-11-28,24.11,4.03,3.17,,,,,,0.8600000000000003
2007-11-29,23.97,3.94,3.06,,,,,,0.8799999999999999
2007-11-30,22.87,3.97,3.04,,,,,,0.9300000000000002
2007-12-01,,,,4.24,211.445,0.04108813392417532,5.0,0.0,
2007-12-03,23.61,3.89,2.9,,,,,,0.9900000000000002
2007-12-04,23.79,3.89,2.9,,,,,,0.9900000000000002
2007-12-05,22.53,3.92,2.9,,,,,,1.02
2007-12-06,20.96,4.02,3.03,,,,,,0.9899999999999998
2007-12-07,20.85,4.12,3.12,,,,,,1.0
2007-12-10,20.74,4.15,3.17,,,,,,0.9800000000000004
2007-12-11,23.59,3.98,2.94,,,,,,1.04
2007-12-12,22.47,4.05,3.07,,,,,,0.98
2007-12-13,22.56,4.18,3.21,,,,,,0.9699999999999998
2007-12-14,23.27,4.24,3.31,,,,,,0.9300000000000002
2007-12-17,24.52,4.2,3.24,,,,,,0.96
2007-12-18,22.64,4.14,3.19,,,,,,0.9499999999999997
2007-12-19,21.68,4.06,3.12,,,,,,0.9399999999999995
2007-12-20,20.58,4.04,3.09,,,,,,0.9500000000000002
2007-12-21,18.47,4.18,3.19,,,,,,0.9899999999999998
2007-12-24,18.6,4.23,3.24,,,,,,0.9900000000000002
2007-12-25,,,,,,,,,
2007-12-26,18.66,4.3,3.31,,,,,,0.9899999999999998
2007-12-27,20.26,4.21,3.24,,,,,,0.9699999999999998
2007-12-28,20.74,4.11,3.12,,,,,,0.9900000000000002
2007-12-31,22.5,4.04,3.05,,,,,,0.9900000000000002
2008-01-01,,,,3.94,212.174,0.04294695655165981,5.0,1.0,
2008-01-02,23.17,3.91,2.88,,,,,,1.0300000000000002
2008-01-03,22.49,3.91,2.83,,,,,,1.08
2008-01-04,23.94,3.88,2.74,,,,,,1.1399999999999997
2008-01-07,23.79,3.86,2.76,,,,,,1.1
2008-01-08,25.43,3.86,2.76,,,,,,1.1
2008-01-09,24.12,3.82,2.69,,,,,,1.13
2008-01-10,23.45,3.91,2.71,,,,,,1.2000000000000002
2008-01-11,23.68,3.82,2.59,,,,,,1.23
2008-01-14,22.9,3.81,2.58,,,,,,1.23
2008-01-15,23.34,3.72,2.53,,,,,,1.1900000000000004
2008-01-16,24.38,3.74,2.51,,,,,,1.2300000000000004
2008-01-17,28.46,3.66,2.44,,,,,,1.2200000000000002
2008-01-18,27.18,3.66,2.36,,,,,,1.3000000000000003
2008-01-21,,,,,,,,,
2008-01-22,31.01,3.52,2.08,,,,,,1.44
2008-01-23,29.02,3.51,2.09,,,,,,1.42
2008-01-24,27.78,3.68,2.25,,,,,,1.4300000000000002
2008-01-25,29.08,3.61,2.23,,,,,,1.38
2008-01-28,27.78,3.61,2.2,,,,,,1.4099999999999997
2008-01-29,27.32,3.69,2.29,,,,,,1.4
2008-01-30,27.62,3.78,2.3,,,,,,1.48
2008-01-31,26.2,3.67,2.17,,,,,,1.5
2008-02-01,24.02,3.62,2.09,2.98,212.687,0.04142959270611968,4.9,1.0,1.5300000000000002
2008-02-04,25.99,3.68,2.08,,,,,,1.6
2008-02-05,28.24,3.61,1.93,,,,,,1.68
2008-02-06,28.97,3.61,1.96,,,,,,1.65
2008-02-07,27.66,3.74,1.99,,,,,,1.7500000000000002
2008-02-08,28.01,3.64,1.93,,,,,,1.7100000000000002
2008-02-11,27.6,3.62,1.93,,,,,,1.6900000000000002
2008-02-12,26.33,3.66,1.94,,,,,,1.7200000000000002
2008-02-13,24.88,3.7,1.91,,,,,,1.7900000000000003
2008-02-14,25.54,3.85,1.93,,,,,,1.9200000000000002
2008-02-15,25.02,3.76,1.91,,,,,,1.8499999999999999
2008-02-18,,,,,,,,,
2008-02-19,25.59,3.89,2.06,,,,,,1.83
2008-02-20,24.4,3.93,2.14,,,,,,1.79
2008-02-21,25.12,3.77,1.98,,,,,,1.79
2008-02-22,24.06,3.79,1.98,,,,,,1.81
2008-02-25,23.03,3.91,2.13,,,,,,1.7800000000000002
2008-02-26,21.9,3.88,2.04,,,,,,1.8399999999999999
2008-02-27,22.69,3.85,2.01,,,,,,1.8400000000000003
2008-02-28,23.53,3.71,1.87,,,,,,1.8399999999999999
2008-02-29,26.54,3.53,1.65,,,,,,1.88
2008-03-01,,,,2.61,213.448,0.03974903550134434,5.1,1.0,
2008-03-03,26.28,3.54,1.61,,,,,,1.93
2008-03-04,25.52,3.63,1.65,,,,,,1.98
2008-03-05,24.6,3.7,1.66,,,,,,2.04
2008-03-06,27.55,3.62,1.53,,,,,,2.09
2008-03-07,27.49,3.56,1.53,,,,,,2.0300000000000002
2008-03-10,29.38,3.46,1.47,,,,,,1.99
2008-03-11,26.36,3.6,1.74,,,,,,1.86
2008-03-12,27.22,3.49,1.63,,,,,,1.8600000000000003
2008-03-13,27.29,3.56,1.63,,,,,,1.9300000000000002
2008-03-14,31.16,3.44,1.47,,,,,,1.97
2008-03-17,32.24,3.34,1.35,,,,,,1.9899999999999998
2008-03-18,25.79,3.48,1.58,,,,,,1.9
2008-03-19,29.84,3.38,1.54,,,,,,1.8399999999999999
2008-03-20,26.62,3.34,1.59,,,,,,1.7499999999999998
2008-03-21,,,,,,,,,
2008-03-24,25.73,3.56,1.84,,,,,,1.72
2008-03-25,25.72,3.51,1.79,,,,,,1.7199999999999998
2008-03-26,26.08,3.51,1.71,,,,,,1.7999999999999998
2008-03-27,25.88,3.56,1.73,,,,,,1.83
2008-03-28,25.71,3.47,1.67,,,,,,1.8000000000000003
2008-03-31,25.61,3.45,1.62,,,,,,1.83
2008-04-01,22.68,3.57,1.8,2.28,213.942,0.039037609759888126,5.0,1.0,1.7699999999999998
2008-04-02,23.43,3.6,1.88,,,,,,1.7200000000000002
2008-04-03,23.21,3.61,1.91,,,,,,1.7
2008-04-04,22.45,3.5,1.83,,,,,,1.67
2008-04-07,22.42,3.57,1.95,,,,,,1.6199999999999999
2008-04-08,22.36,3.58,1.87,,,,,,1.71
2008-04-09,22.81,3.49,1.77,,,,,,1.7200000000000002
2008-04-10,21.98,3.55,1.84,,,,,,1.7099999999999997
2008-04-11,23.46,3.49,1.76,,,,,,1.7300000000000002
2008-04-14,23.82,3.53,1.78,,,,,,1.7499999999999998
2008-04-15,22.78,3.6,1.84,,,,,,1.76
2008-04-16,20.53,3.72,1.98,,,,,,1.7400000000000002
2008-04-17,20.37,3.75,2.13,,,,,,1.62
2008-04-18,20.13,3.77,2.19,,,,,,1.58
2008-04-21,20.5,3.75,2.2,,,,,,1.5499999999999998
2008-04-22,20.87,3.74,2.24,,,,,,1.5
2008-04-23,20.26,3.77,2.22,,,,,,1.5499999999999998
2008-04-24,20.06,3.87,2.41,,,,,,1.46
2008-04-25,19.59,3.91,2.44,,,,,,1.4700000000000002
2008-04-28,19.64,3.86,2.36,,,,,,1.5
2008-04-29,20.24,3.85,2.35,,,,,,1.5
2008-04-30,20.79,3.77,2.29,,,,,,1.48
2008-05-01,18.88,3.78,2.37,1.98,215.208,0.04088413823123993,5.4,1.0,1.4099999999999997
2008-05-02,18.18,3.89,2.47,,,,,,1.42
2008-05-05,18.9,3.88,2.42,,,,,,1.46
2008-05-06,18.21,3.93,2.38,,,,,,1.5500000000000003
2008-05-07,19.73,3.87,2.31,,,,,,1.56
2008-05-08,19.4,3.79,2.25,,,,,,1.54
2008-05-09,19.41,3.77,2.25,,,,,,1.52
2008-05-12,17.79,3.78,2.3,,,,,,1.48
2008-05-13,17.98,3.9,2.47,,,,,,1.4299999999999997
2008-05-14,17.66,3.92,2.53,,,,,,1.3900000000000001
2008-05-15,16.3,3.83,2.45,,,,,,1.38
2008-05-16,16.47,3.85,2.47,,,,,,1.38
2008-05-19,17.01,3.83,2.42,,,,,,1.4100000000000001
2008-05-20,17.58,3.78,2.34,,,,,,1.44
2008-05-21,18.59,3.81,2.41,,,,,,1.4
2008-05-22,18.05,3.92,2.56,,,,,,1.3599999999999999
2008-05-23,19.55,3.85,2.46,,,,,,1.3900000000000001
2008-05-26,,,,,,,,,
2008-05-27,19.64,3.93,2.55,,,,,,1.3800000000000003
2008-05-28,19.07,4.03,2.62,,,,,,1.4100000000000001
2008-05-29,18.14,4.08,2.67,,,,,,1.4100000000000001
2008-05-30,17.83,4.06,2.66,,,,,,1.3999999999999995
2008-06-01,,,,2.0,217.463,0.04935966105947864,5.6,1.0,
2008-06-02,19.83,3.98,2.51,,,,,,1.4700000000000002
2008-06-03,20.24,3.92,2.45,,,,,,1.4699999999999998
2008-06-04,20.8,3.98,2.47,,,,,,1.5099999999999998
2008-06-05,18.63,4.06,2.52,,,,,,1.5399999999999996
2008-06-06,23.56,3.94,2.4,,,,,,1.54
2008-06-09,23.12,4.02,2.73,,,,,,1.2899999999999996
2008-06-10,23.18,4.11,2.91,,,,,,1.2000000000000002
2008-06-11,24.12,4.1,2.83,,,,,,1.2699999999999996
2008-06-12,23.33,4.23,3.03,,,,,,1.2000000000000006
2008-06-13,21.22,4.27,3.05,,,,,,1.2199999999999998
2008-06-16,20.95,4.25,3.02,,,,,,1.23
2008-06-17,21.13,4.23,2.94,,,,,,1.2900000000000005
2008-06-18,22.24,4.16,2.89,,,,,,1.27
2008-06-19,21.58,4.22,2.99,,,,,,1.2299999999999995
2008-06-20,22.87,4.16,2.88,,,,,,1.2800000000000002
2008-06-23,22.64,4.19,2.98,,,,,,1.2100000000000004
2008-06-24,22.42,4.1,2.87,,,,,,1.2299999999999995
2008-06-25,21.14,4.12,2.82,,,,,,1.3000000000000003
2008-06-26,23.93,4.07,2.68,,,,,,1.3900000000000001
2008-06-27,23.44,3.99,2.65,,,,,,1.3400000000000003
2008-06-30,23.95,3.99,2.63,,,,,,1.3600000000000003
2008-07-01,23.65,4.01,2.63,2.01,219.016,0.054975120783418374,5.8,1.0,1.38
2008-07-02,25.92,3.99,2.6,,,,,,1.3900000000000001
2008-07-03,24.79,3.99,2.54,,,,,,1.4500000000000002
2008-07-04,,,,,,,,,
2008-07-07,25.78,3.95,2.47,,,,,,1.48
2008-07-08,23.15,3.91,2.47,,,,,,1.44
2008-07-09,25.23,3.85,2.41,,,,,,1.44
2008-07-10,25.59,3.83,2.44,,,,,,1.3900000000000001
2008-07-11,27.49,3.96,2.59,,,,,,1.37
2008-07-14,28.48,3.9,2.47,,,,,,1.4299999999999997
2008-07-15,28.54,3.87,2.39,,,,,,1.48
2008-07-16,25.1,3.97,2.44,,,,,,1.5300000000000002
2008-07-17,25.01,4.07,2.58,,,,,,1.4900000000000002
2008-07-18,24.05,4.11,2.66,,,,,,1.4500000000000002
2008-07-21,23.05,4.09,2.66,,,,,,1.4299999999999997
2008-07-22,21.18,4.14,2.74,,,,,,1.3999999999999995
2008-07-23,21.31,4.16,2.81,,,,,,1.35
2008-07-24,23.44,4.03,2.61,,,,,,1.4200000000000004
2008-07-25,22.91,4.13,2.7,,,,,,1.4299999999999997
2008-07-28,24.23,4.06,2.59,,,,,,1.4699999999999998
2008-07-29,22.03,4.09,2.65,,,,,,1.44
2008-07-30,21.21,4.07,2.64,,,,,,1.4300000000000002
2008-07-31,22.94,3.99,2.52,,,,,,1.4700000000000002
2008-08-01,22.57,3.97,2.51,2.0,218.69,0.053080171620912386,6.1,1.0,1.4600000000000004
2008-08-04,23.49,3.98,2.53,,,,,,1.4500000000000002
2008-08-05,21.14,4.04,2.54,,,,,,1.5
2008-08-06,20.23,4.06,2.56,,,,,,1.4999999999999996
2008-08-07,21.15,3.92,2.43,,,,,,1.4899999999999998
2008-08-08,20.66,3.94,2.51,,,,,,1.4300000000000002
2008-08-11,20.12,3.99,2.56,,,,,,1.4300000000000002
2008-08-12,21.17,3.91,2.45,,,,,,1.46
2008-08-13,21.55,3.94,2.5,,,,,,1.44
2008-08-14,20.34,3.89,2.45,,,,,,1.44
2008-08-15,19.58,3.84,2.4,,,,,,1.44
2008-08-18,20.98,3.82,2.35,,,,,,1.4699999999999998
2008-08-19,21.28,3.83,2.32,,,,,,1.5100000000000002
2008-08-20,20.42,3.79,2.25,,,,,,1.54
2008-08-21,19.82,3.84,2.33,,,,,,1.5099999999999998
2008-08-22,18.81,3.87,2.42,,,,,,1.4500000000000002
2008-08-25,20.97,3.79,2.33,,,,,,1.46
2008-08-26,20.49,3.79,2.35,,,,,,1.44
2008-08-27,19.76,3.77,2.31,,,,,,1.46
2008-08-28,19.43,3.79,2.37,,,,,,1.42
2008-08-29,20.65,3.83,2.36,,,,,,1.4700000000000002
2008-09-01,,,,1.81,218.877,0.04953319875136075,6.1,1.0,
2008-09-02,21.99,3.74,2.26,,,,,,1.4800000000000004
2008-09-03,21.43,3.71,2.26,,,,,,1.4500000000000002
2008-09-04,24.03,3.64,2.2,,,,,,1.44
2008-09-05,23.06,3.66,2.23,,,,,,1.4300000000000002
2008-09-08,22.64,3.66,2.3,,,,,,1.3600000000000003
2008-09-09,25.47,3.62,2.23,,,,,,1.3900000000000001
2008-09-10,24.52,3.65,2.22,,,,,,1.4299999999999997
2008-09-11,24.39,3.64,2.18,,,,,,1.46
2008-09-12,25.66,3.74,2.23,,,,,,1.5100000000000002
2008-09-15,31.7,3.47,1.78,,,,,,1.6900000000000002
2008-09-16,30.3,3.48,1.89,,,,,,1.59
2008-09-17,36.22,3.41,1.64,,,,,,1.7700000000000002
2008-09-18,33.1,3.54,1.78,,,,,,1.76
2008-09-19,32.07,3.78,2.16,,,,,,1.6199999999999997
2008-09-22,33.85,3.83,2.13,,,,,,1.7000000000000002
2008-09-23,35.72,3.85,2.11,,,,,,1.7400000000000002
2008-09-24,35.19,3.8,2.03,,,,,,1.77
2008-09-25,32.82,3.88,2.16,,,,,,1.7199999999999998
2008-09-26,34.74,3.85,2.11,,,,,,1.7400000000000002
2008-09-29,46.72,3.61,1.7,,,,,,1.91
2008-09-30,39.39,3.85,2.0,,,,,,1.85
2008-10-01,39.81,3.77,1.82,0.97,216.995,0.03731057889956513,6.5,1.0,1.95
2008-10-02,45.26,3.66,1.62,,,,,,2.04
2008-10-03,45.14,3.63,1.6,,,,,,2.03
2008-10-06,52.05,3.48,1.43,,,,,,2.05
2008-10-07,53.68,3.5,1.47,,,,,,2.0300000000000002
2008-10-08,57.53,3.72,1.65,,,,,,2.0700000000000003
2008-10-09,63.92,3.84,1.65,,,,,,2.19
2008-10-10,69.95,3.89,1.62,,,,,,2.27
2008-10-13,54.99,,,,,,,,
2008-10-14,55.13,4.08,1.82,,,,,,2.26
2008-10-15,69.25,4.04,1.64,,,,,,2.4000000000000004
2008-10-16,67.61,3.99,1.61,,,,,,2.38
2008-10-17,70.33,3.98,1.64,,,,,,2.34
2008-10-20,52.97,3.91,1.71,,,,,,2.2
2008-10-21,53.11,3.76,1.58,,,,,,2.1799999999999997
2008-10-22,69.65,3.65,1.53,,,,,,2.12
2008-10-23,67.8,3.63,1.54,,,,,,2.09
2008-10-24,79.13,3.76,1.57,,,,,,2.1899999999999995
2008-10-27,80.06,3.79,1.59,,,,,,2.2
2008-10-28,66.96,3.89,1.65,,,,,,2.24
2008-10-29,69.96,3.93,1.58,,,,,,2.35
2008-10-30,62.9,4.0,1.59,,,,,,2.41
2008-10-31,59.89,4.01,1.56,,,,,,2.4499999999999997
2008-11-01,,,,0.39,213.153,0.010999174706166848,6.8,1.0,
2008-11-03,53.68,3.96,1.45,,,,,,2.51
2008-11-04,47.73,3.81,1.39,,,,,,2.42
2008-11-05,54.56,3.73,1.36,,,,,,2.37
2008-11-06,63.68,3.75,1.28,,,,,,2.4699999999999998
2008-11-07,56.1,3.83,1.33,,,,,,2.5
2008-11-10,59.98,3.82,1.27,,,,,,2.55
2008-11-11,61.44,,,,,,,,
2008-11-12,66.46,3.75,1.19,,,,,,2.56
2008-11-13,59.83,3.84,1.24,,,,,,2.5999999999999996
2008-11-14,66.31,3.72,1.22,,,,,,2.5
2008-11-17,69.15,3.68,1.22,,,,,,2.46
2008-11-18,67.64,3.53,1.15,,,,,,2.38
2008-11-19,74.26,3.38,1.09,,,,,,2.29
2008-11-20,80.86,3.1,1.0,,,,,,2.1
2008-11-21,72.67,3.2,1.09,,,,,,2.1100000000000003
2008-11-24,64.7,3.35,1.31,,,,,,2.04
2008-11-25,60.9,3.11,1.15,,,,,,1.96
2008-11-26,54.92,2.99,1.09,,,,,,1.9000000000000001
2008-11-27,,,,,,,,,
2008-11-28,55.84,2.93,1.0,,,,,,1.9300000000000002
2008-12-01,68.51,2.72,0.9,0.16,211.398,-0.0002222800255385904,7.3,1.0,1.8200000000000003
2008-12-02,62.98,2.68,0.9,,,,,,1.7800000000000002
2008-12-03,60.72,2.67,0.87,,,,,,1.7999999999999998
2008-12-04,63.64,2.55,0.82,,,,,,1.73
2008-12-05,59.93,2.67,0.93,,,,,,1.7399999999999998
2008-12-08,58.49,2.77,0.97,,,,,,1.8
2008-12-09,58.91,2.67,0.84,,,,,,1.83
2008-12-10,55.73,2.69,0.86,,,,,,1.83
2008-12-11,55.78,2.64,0.79,,,,,,1.85
2008-12-12,54.28,2.6,0.78,,,,,,1.82
2008-12-15,56.76,2.53,0.75,,,,,,1.7799999999999998
2008-12-16,52.37,2.37,0.65,,,,,,1.7200000000000002
2008-12-17,49.84,2.2,0.73,,,,,,1.4700000000000002
2008-12-18,47.34,2.08,0.68,,,,,,1.4
2008-12-19,44.93,2.13,0.74,,,,,,1.39
2008-12-22,44.56,2.16,0.87,,,,,,1.29
2008-12-23,45.02,2.18,0.9,,,,,,1.2800000000000002
2008-12-24,44.21,2.2,0.9,,,,,,1.3000000000000003
2008-12-25,,,,,,,,,
2008-12-26,43.38,2.16,0.89,,,,,,1.27
2008-12-29,43.9,2.13,0.78,,,,,,1.3499999999999999
2008-12-30,41.63,2.11,0.75,,,,,,1.3599999999999999
2008-12-31,40.0,2.25,0.76,,,,,,1.49
2009-01-01,,,,0.15,211.933,-0.0011358601902212717,7.8,1.0,
2009-01-02,39.19,2.46,0.88,,,,,,1.58
2009-01-05,39.08,2.49,0.78,,,,,,1.7100000000000002
2009-01-06,38.56,2.51,0.8,,,,,,1.7099999999999997
2009-01-07,43.39,2.52,0.82,,,,,,1.7000000000000002
2009-01-08,42.56,2.47,0.83,,,,,,1.6400000000000001
2009-01-09,42.82,2.43,0.75,,,,,,1.6800000000000002
2009-01-12,45.84,2.34,0.74,,,,,,1.5999999999999999
2009-01-13,43.27,2.33,0.76,,,,,,1.57
2009-01-14,49.14,2.24,0.73,,,,,,1.5100000000000002
2009-01-15,51.0,2.23,0.73,,,,,,1.5
2009-01-16,46.11,2.36,0.73,,,,,,1.63
2009-01-19,,,,,,,,,
2009-01-20,56.65,2.4,0.73,,,,,,1.67
2009-01-21,46.42,2.56,0.78,,,,,,1.78
2009-01-22,47.29,2.62,0.75,,,,,,1.87
2009-01-23,47.27,2.65,0.83,,,,,,1.8199999999999998
2009-01-26,45.69,2.7,0.85,,,,,,1.85
2009-01-27,42.25,2.59,0.87,,,,,,1.7199999999999998
2009-01-28,39.66,2.71,0.89,,,,,,1.8199999999999998
2009-01-29,42.63,2.87,0.95,,,,,,1.9200000000000002
2009-01-30,44.84,2.87,0.94,,,,,,1.9300000000000002
2009-02-01,,,,0.22,212.705,8.463140671510772e-05,8.3,1.0,
2009-02-02,45.52,2.76,0.89,,,,,,1.8699999999999997
2009-02-03,43.06,2.89,0.96,,,,,,1.9300000000000002
2009-02-04,43.85,2.95,0.98,,,,,,1.9700000000000002
2009-02-05,43.73,2.95,0.98,,,,,,1.9700000000000002
2009-02-06,43.37,3.05,0.99,,,,,,2.0599999999999996
2009-02-09,43.64,3.07,1.05,,,,,,2.0199999999999996
2009-02-10,46.67,2.9,0.92,,,,,,1.98
2009-02-11,44.53,2.78,0.93,,,,,,1.8499999999999996
2009-02-12,41.25,2.75,0.89,,,,,,1.8599999999999999
2009-02-13,42.93,2.89,0.97,,,,,,1.9200000000000002
2009-02-16,,,,,,,,,
2009-02-17,48.66,2.64,0.87,,,,,,1.77
2009-02-18,48.46,2.74,0.97,,,,,,1.7700000000000002
2009-02-19,47.08,2.85,1.01,,,,,,1.84
2009-02-20,49.3,2.78,0.96,,,,,,1.8199999999999998
2009-02-23,52.62,2.78,0.96,,,,,,1.8199999999999998
2009-02-24,45.49,2.8,1.03,,,,,,1.7699999999999998
2009-02-25,44.67,2.95,1.09,,,,,,1.86
2009-02-26,44.66,2.98,1.08,,,,,,1.9
2009-02-27,46.35,3.02,1.0,,,,,,2.02
2009-03-01,,,,0.18,212.495,-0.004464787676623838,8.7,1.0,
2009-03-02,52.65,2.91,0.89,,,,,,2.02
2009-03-03,50.93,2.93,0.91,,,,,,2.02
2009-03-04,47.56,3.01,0.97,,,,,,2.04
2009-03-05,50.17,2.83,0.9,,,,,,1.9300000000000002
2009-03-06,49.33,2.83,0.91,,,,,,1.92
2009-03-09,49.68,2.89,0.96,,,,,,1.9300000000000002
2009-03-10,44.37,2.99,1.01,,,,,,1.9800000000000002
2009-03-11,43.61,2.95,1.03,,,,,,1.9200000000000002
2009-03-12,41.18,2.89,1.03,,,,,,1.86
2009-03-13,42.36,2.89,0.98,,,,,,1.9100000000000001
2009-03-16,43.74,2.97,1.0,,,,,,1.9700000000000002
2009-03-17,40.8,3.02,1.05,,,,,,1.97
2009-03-18,40.06,2.51,0.82,,,,,,1.69
2009-03-19,43.68,2.61,0.87,,,,,,1.7399999999999998
2009-03-20,45.89,2.65,0.89,,,,,,1.7599999999999998
2009-03-23,43.23,2.68,0.93,,,,,,1.75
2009-03-24,42.93,2.68,0.93,,,,,,1.75
2009-03-25,42.25,2.81,0.96,,,,,,1.85
2009-03-26,40.36,2.76,0.9,,,,,,1.8599999999999999
2009-03-27,41.04,2.78,0.9,,,,,,1.88
2009-03-30,45.54,2.73,0.84,,,,,,1.8900000000000001
2009-03-31,44.14,2.71,0.81,,,,,,1.9
2009-04-01,42.28,2.68,0.83,0.15,212.709,-0.005763244243767063,9.0,1.0,1.85
2009-04-02,42.04,2.77,0.88,,,,,,1.8900000000000001
2009-04-03,39.7,2.91,0.96,,,,,,1.9500000000000002
2009-04-06,40.93,2.95,0.94,,,,,,2.0100000000000002
2009-04-07,40.39,2.93,0.91,,,,,,2.02
2009-04-08,38.85,2.86,0.93,,,,,,1.9299999999999997
2009-04-09,36.53,2.96,0.96,,,,,,2.0
2009-04-10,,,,,,,,,
2009-04-13,37.81,2.88,0.89,,,,,,1.9899999999999998
2009-04-14,37.67,2.8,0.86,,,,,,1.94
2009-04-15,36.17,2.82,0.86,,,,,,1.96
2009-04-16,35.79,2.86,0.91,,,,,,1.9499999999999997
2009-04-17,33.94,2.98,0.99,,,,,,1.99
2009-04-20,39.18,2.88,0.93,,,,,,1.9499999999999997
2009-04-21,37.14,2.94,0.96,,,,,,1.98
2009-04-22,38.1,2.98,1.0,,,,,,1.98
2009-04-23,37.15,2.96,0.97,,,,,,1.99
2009-04-24,36.82,3.03,0.99,,,,,,2.04
2009-04-27,38.32,2.95,0.9,,,,,,2.0500000000000003
2009-04-28,37.95,3.05,0.95,,,,,,2.0999999999999996
2009-04-29,36.08,3.12,0.94,,,,,,2.18
2009-04-30,36.5,3.16,0.91,,,,,,2.25
2009-05-01,35.3,3.21,0.92,0.18,213.022,-0.01015761495855172,9.4,1.0,2.29
2009-05-04,34.53,3.19,0.94,,,,,,2.25
2009-05-05,33.36,3.2,0.98,,,,,,2.22
2009-05-06,32.45,3.18,0.96,,,,,,2.22
2009-05-07,33.44,3.29,1.0,,,,,,2.29
2009-05-08,32.05,3.29,1.0,,,,,,2.29
2009-05-11,32.87,3.17,0.92,,,,,,2.25
2009-05-12,31.8,3.17,0.9,,,,,,2.27
2009-05-13,33.65,3.11,0.89,,,,,,2.2199999999999998
2009-05-14,31.37,3.1,0.87,,,,,,2.23
2009-05-15,33.12,3.14,0.88,,,,,,2.2600000000000002
2009-05-18,30.24,3.22,0.93,,,,,,2.29
2009-05-19,28.8,3.25,0.91,,,,,,2.34
2009-05-20,29.03,3.19,0.87,,,,,,2.32
2009-05-21,31.35,3.35,0.89,,,,,,2.46
2009-05-22,32.63,3.45,0.92,,,,,,2.5300000000000002
2009-05-25,,,,,,,,,
2009-05-26,30.62,3.5,0.96,,,,,,2.54
2009-05-27,32.36,3.71,0.96,,,,,,2.75
2009-05-28,31.67,3.67,0.97,,,,,,2.7
2009-05-29,28.92,3.47,0.92,,,,,,2.5500000000000003
2009-06-01,30.04,3.71,0.97,0.21,214.79,-0.012291746182109153,9.5,1.0,2.74
2009-06-02,29.63,3.65,0.96,,,,,,2.69
2009-06-03,31.02,3.56,0.91,,,,,,2.65
2009-06-04,30.18,3.72,0.96,,,,,,2.7600000000000002
2009-06-05,29.62,3.84,1.32,,,,,,2.5199999999999996
2009-06-08,29.77,3.91,1.42,,,,,,2.49
2009-06-09,28.27,3.86,1.33,,,,,,2.53
2009-06-10,28.46,3.98,1.38,,,,,,2.6
2009-06-11,28.11,3.88,1.35,,,,,,2.53
2009-06-12,28.15,3.81,1.3,,,,,,2.51
2009-06-15,30.81,3.76,1.26,,,,,,2.5
2009-06-16,32.68,3.67,1.23,,,,,,2.44
2009-06-17,31.54,3.68,1.19,,,,,,2.49
2009-06-18,30.03,3.86,1.28,,,,,,2.58
2009-06-19,27.99,3.79,1.25,,,,,,2.54
2009-06-22,31.17,3.72,1.17,,,,,,2.5500000000000003
2009-06-23,30.58,3.65,1.14,,,,,,2.51
2009-06-24,29.05,3.72,1.19,,,,,,2.5300000000000002
2009-06-25,26.36,3.55,1.12,,,,,,2.4299999999999997
2009-06-26,25.93,3.52,1.1,,,,,,2.42
2009-06-29,25.35,3.51,1.11,,,,,,2.3999999999999995
2009-06-30,26.35,3.53,1.11,,,,,,2.42
2009-07-01,26.22,3.55,1.05,0.16,214.726,-0.01958761003762277,9.5,0.0,2.5
2009-07-02,27.95,3.51,0.98,,,,,,2.53
2009-07-03,,,,,,,,,
2009-07-06,29.0,3.52,0.96,,,,,,2.56
2009-07-07,30.85,3.47,0.98,,,,,,2.49
2009-07-08,31.3,3.33,0.91,,,,,,2.42
2009-07-09,29.78,3.44,0.94,,,,,,2.5
2009-07-10,29.02,3.32,0.91,,,,,,2.4099999999999997
2009-07-13,26.31,3.38,0.92,,,,,,2.46
2009-07-14,25.02,3.5,0.97,,,,,,2.5300000000000002
2009-07-15,25.89,3.63,1.03,,,,,,2.5999999999999996
2009-07-16,25.42,3.59,1.0,,,,,,2.59
2009-07-17,24.34,3.67,1.02,,,,,,2.65
2009-07-20,24.4,3.61,0.99,,,,,,2.62
2009-07-21,23.87,3.5,0.96,,,,,,2.54
2009-07-22,23.47,3.58,0.98,,,,,,2.6
2009-07-23,23.43,3.72,1.08,,,,,,2.64
2009-07-24,23.09,3.7,1.05,,,,,,2.6500000000000004
2009-07-27,24.28,3.75,1.08,,,,,,2.67
2009-07-28,25.01,3.72,1.12,,,,,,2.6
2009-07-29,25.61,3.69,1.17,,,,,,2.52
2009-07-30,25.4,3.67,1.19,,,,,,2.48
2009-07-31,25.92,3.52,1.13,,,,,,2.39
2009-08-01,,,,0.16,215.445,-0.014838355663267633,9.6,0.0,
2009-08-03,25.56,3.66,1.18,,,,,,2.4800000000000004
2009-08-04,24.89,3.7,1.2,,,,,,2.5
2009-08-05,24.9,3.8,1.23,,,,,,2.57
2009-08-06,25.67,3.79,1.22,,,,,,2.5700000000000003
2009-08-07,24.76,3.89,1.32,,,,,,2.5700000000000003
2009-08-10,24.99,3.8,1.24,,,,,,2.5599999999999996
2009-08-11,25.99,3.71,1.21,,,,,,2.5
2009-08-12,25.45,3.72,1.18,,,,,,2.54
2009-08-13,24.71,3.59,1.12,,,,,,2.4699999999999998
2009-08-14,24.27,3.55,1.07,,,,,,2.4799999999999995
2009-08-17,27.89,3.48,1.04,,,,,,2.44
2009-08-18,26.18,3.51,1.06,,,,,,2.4499999999999997
2009-08-19,26.26,3.45,1.01,,,,,,2.4400000000000004
2009-08-20,25.09,3.42,1.03,,,,,,2.3899999999999997
2009-08-21,25.01,3.56,1.13,,,,,,2.43
2009-08-24,25.14,3.48,1.05,,,,,,2.4299999999999997
2009-08-25,24.92,3.45,1.05,,,,,,2.4000000000000004
2009-08-26,24.95,3.44,1.06,,,,,,2.38
2009-08-27,24.68,3.47,1.04,,,,,,2.43
2009-08-28,24.76,3.46,1.01,,,,,,2.45
2009-08-31,26.01,3.4,0.97,,,,,,2.4299999999999997
2009-09-01,29.15,3.38,0.92,0.15,215.861,-0.01377942862886472,9.8,0.0,2.46
2009-09-02,28.9,3.29,0.89,,,,,,2.4
2009-09-03,27.1,3.33,0.91,,,,,,2.42
2009-09-04,25.26,3.45,0.94,,,,,,2.5100000000000002
2009-09-07,,,,,,,,,
2009-09-08,25.62,3.47,0.93,,,,,,2.54
2009-09-09,24.32,3.48,0.93,,,,,,2.55
2009-09-10,23.55,3.36,0.9,,,,,,2.46
2009-09-11,24.15,3.34,0.9,,,,,,2.44
2009-09-14,23.86,3.42,0.94,,,,,,2.48
2009-09-15,23.42,3.47,0.96,,,,,,2.5100000000000002
2009-09-16,23.69,3.48,1.01,,,,,,2.4699999999999998
2009-09-17,23.65,3.42,0.98,,,,,,2.44
2009-09-18,23.92,3.49,1.03,,,,,,2.46
2009-09-21,24.06,3.49,1.02,,,,,,2.47
2009-09-22,23.08,3.46,1.02,,,,,,2.44
2009-09-23,23.49,3.44,0.96,,,,,,2.48
2009-09-24,24.95,3.4,0.93,,,,,,2.4699999999999998
2009-09-25,25.61,3.34,0.98,,,,,,2.36
2009-09-28,24.88,3.31,0.98,,,,,,2.33
2009-09-29,25.19,3.31,1.0,,,,,,2.31
2009-09-30,25.61,3.31,0.95,,,,,,2.3600000000000003
2009-10-01,28.27,3.21,0.87,0.12,216.509,-0.002239682942003385,10.0,0.0,2.34
2009-10-02,28.68,3.24,0.88,,,,,,2.3600000000000003
2009-10-05,26.84,3.24,0.88,,,,,,2.3600000000000003
2009-10-06,25.7,3.27,0.91,,,,,,2.36
2009-10-07,24.68,3.21,0.87,,,,,,2.34
2009-10-08,24.18,3.27,0.9,,,,,,2.37
2009-10-09,23.12,3.4,0.98,,,,,,2.42
2009-10-12,23.01,,,,,,,,
2009-10-13,22.99,3.34,0.91,,,,,,2.4299999999999997
2009-10-14,22.86,3.45,0.96,,,,,,2.49
2009-10-15,21.72,3.49,0.97,,,,,,2.5200000000000005
2009-10-16,21.43,3.43,0.97,,,,,,2.46
2009-10-19,21.49,3.41,0.99,,,,,,2.42
2009-10-20,20.9,3.35,0.95,,,,,,2.4000000000000004
2009-10-21,22.22,3.42,1.0,,,,,,2.42
2009-10-22,20.69,3.44,0.97,,,,,,2.4699999999999998
2009-10-23,22.27,3.51,1.04,,,,,,2.4699999999999998
2009-10-26,24.31,3.59,1.06,,,,,,2.53
2009-10-27,24.83,3.49,0.99,,,,,,2.5
2009-10-28,27.91,3.44,0.95,,,,,,2.49
2009-10-29,24.76,3.53,0.98,,,,,,2.55
2009-10-30,30.69,3.41,0.9,,,,,,2.5100000000000002
2009-11-01,,,,0.12,217.234,0.019145871744709275,9.9,0.0,
2009-11-02,29.78,3.45,0.92,,,,,,2.5300000000000002
2009-11-03,28.81,3.5,0.92,,,,,,2.58
2009-11-04,27.72,3.57,0.91,,,,,,2.6599999999999997
2009-11-05,25.43,3.57,0.9,,,,,,2.67
2009-11-06,24.19,3.54,0.86,,,,,,2.68
2009-11-09,23.15,3.52,0.87,,,,,,2.65
2009-11-10,22.84,3.5,0.85,,,,,,2.65
2009-11-11,23.04,,,,,,,,
2009-11-12,24.24,3.45,0.82,,,,,,2.6300000000000003
2009-11-13,23.36,3.43,0.82,,,,,,2.6100000000000003
2009-11-16,22.89,3.33,0.78,,,,,,2.55
2009-11-17,22.41,3.33,0.78,,,,,,2.55
2009-11-18,21.63,3.36,0.77,,,,,,2.59
2009-11-19,22.63,3.35,0.73,,,,,,2.62
2009-11-20,22.19,3.36,0.75,,,,,,2.61
2009-11-23,21.16,3.37,0.77,,,,,,2.6
2009-11-24,20.47,3.32,0.73,,,,,,2.59
2009-11-25,20.48,3.28,0.73,,,,,,2.55
2009-11-26,,,,,,,,,
2009-11-27,24.85,3.21,0.68,,,,,,2.53
2009-11-30,24.51,3.21,0.67,,,,,,2.54
2009-12-01,21.92,3.28,0.67,0.12,217.347,0.028141231232083674,9.9,0.0,2.61
2009-12-02,21.12,3.32,0.72,,,,,,2.5999999999999996
2009-12-03,22.46,3.39,0.74,,,,,,2.6500000000000004
2009-12-04,21.25,3.48,0.84,,,,,,2.64
2009-12-07,22.1,3.44,0.78,,,,,,2.66
2009-12-08,23.69,3.4,0.73,,,,,,2.67
2009-12-09,22.66,3.45,0.76,,,,,,2.6900000000000004
2009-12-10,22.32,3.49,0.78,,,,,,2.71
2009-12-11,21.59,3.55,0.83,,,,,,2.7199999999999998
2009-12-14,21.15,3.56,0.87,,,,,,2.69
2009-12-15,21.49,3.6,0.88,,,,,,2.72
2009-12-16,20.54,3.61,0.85,,,,,,2.76
2009-12-17,22.51,3.5,0.77,,,,,,2.73
2009-12-18,21.68,3.55,0.82,,,,,,2.73
2009-12-21,20.49,3.69,0.89,,,,,,2.8
2009-12-22,19.54,3.76,0.95,,,,,,2.8099999999999996
2009-12-23,19.71,3.77,0.96,,,,,,2.81
2009-12-24,19.47,3.82,1.0,,,,,,2.82
2009-12-25,,,,,,,,,
2009-12-28,19.93,3.85,1.09,,,,,,2.76
2009-12-29,20.01,3.82,1.09,,,,,,2.7299999999999995
2009-12-30,19.96,3.8,1.08,,,,,,2.7199999999999998
2009-12-31,21.68,3.85,1.14,,,,,,2.71
2010-01-01,,,,0.11,217.488,0.026211113889767157,9.8,0.0,
2010-01-04,20.04,3.85,1.09,,,,,,2.76
2010-01-05,19.35,3.77,1.01,,,,,,2.76
2010-01-06,19.16,3.85,1.01,,,,,,2.84
2010-01-07,19.06,3.85,1.03,,,,,,2.8200000000000003
2010-01-08,18.13,3.83,0.96,,,,,,2.87
2010-01-11,17.55,3.85,0.95,,,,,,2.9000000000000004
2010-01-12,18.25,3.74,0.92,,,,,,2.8200000000000003
2010-01-13,17.85,3.8,0.97,,,,,,2.83
2010-01-14,17.63,3.76,0.94,,,,,,2.82
2010-01-15,17.91,3.7,0.89,,,,,,2.81
2010-01-18,,,,,,,,,
2010-01-19,17.58,3.73,0.93,,,,,,2.8
2010-01-20,18.68,3.68,0.92,,,,,,2.7600000000000002
2010-01-21,22.27,3.62,0.87,,,,,,2.75
2010-01-22,27.31,3.62,0.84,,,,,,2.7800000000000002
2010-01-25,25.41,3.66,0.86,,,,,,2.8000000000000003
2010-01-26,24.55,3.65,0.87,,,,,,2.78
2010-01-27,23.14,3.66,0.9,,,,,,2.7600000000000002
2010-01-28,23.73,3.68,0.87,,,,,,2.81
2010-01-29,24.62,3.63,0.82,,,,,,2.81
2010-02-01,22.59,3.68,0.86,0.13,217.281,0.02151336357866529,9.8,0.0,2.8200000000000003
2010-02-02,21.48,3.67,0.86,,,,,,2.81
2010-02-03,21.6,3.73,0.88,,,,,,2.85
2010-02-04,26.08,3.62,0.8,,,,,,2.8200000000000003
2010-02-05,26.11,3.59,0.77,,,,,,2.82
2010-02-08,26.51,3.62,0.79,,,,,,2.83
2010-02-09,26.0,3.67,0.84,,,,,,2.83
2010-02-10,25.4,3.72,0.91,,,,,,2.81
2010-02-11,23.96,3.73,0.91,,,,,,2.82
2010-02-12,22.73,3.69,0.84,,,,,,2.85
2010-02-15,,,,,,,,,
2010-02-16,22.25,3.66,0.82,,,,,,2.8400000000000003
2010-02-17,21.72,3.74,0.87,,,,,,2.87
2010-02-18,20.63,3.79,0.9,,,,,,2.89
2010-02-19,20.02,3.78,0.95,,,,,,2.83
2010-02-22,19.94,3.8,0.91,,,,,,2.8899999999999997
2010-02-23,21.37,3.69,0.87,,,,,,2.82
2010-02-24,20.27,3.7,0.87,,,,,,2.83
2010-02-25,20.1,3.64,0.82,,,,,,2.8200000000000003
2010-02-26,19.5,3.61,0.81,,,,,,2.8
2010-03-01,19.26,3.61,0.8,0.16,217.353,0.022861714393279886,9.9,0.0,2.8099999999999996
2010-03-02,19.06,3.62,0.8,,,,,,2.8200000000000003
2010-03-03,18.83,3.63,0.82,,,,,,2.81
2010-03-04,18.72,3.61,0.86,,,,,,2.75
2010-03-05,17.42,3.69,0.91,,,,,,2.78
2010-03-08,17.79,3.72,0.9,,,,,,2.8200000000000003
2010-03-09,17.92,3.71,0.89,,,,,,2.82
2010-03-10,18.57,3.73,0.92,,,,,,2.81
2010-03-11,18.06,3.73,0.97,,,,,,2.76
2010-03-12,17.58,3.71,0.97,,,,,,2.74
2010-03-15,18.0,3.71,0.96,,,,,,2.75
2010-03-16,17.69,3.66,0.93,,,,,,2.73
2010-03-17,16.91,3.65,0.95,,,,,,2.7
2010-03-18,16.62,3.68,0.98,,,,,,2.7
2010-03-19,16.97,3.7,1.02,,,,,,2.68
2010-03-22,16.87,3.67,1.01,,,,,,2.66
2010-03-23,16.35,3.69,1.02,,,,,,2.67
2010-03-24,17.55,3.84,1.08,,,,,,2.76
2010-03-25,18.4,3.91,1.1,,,,,,2.81
2010-03-26,17.77,3.86,1.04,,,,,,2.82
2010-03-29,17.59,3.88,1.04,,,,,,2.84
2010-03-30,17.13,3.88,1.06,,,,,,2.82
2010-03-31,17.59,3.84,1.02,,,,,,2.82
2010-04-01,17.47,3.89,1.05,0.2,217.403,0.022067707525304403,9.9,0.0,2.84
2010-04-02,,3.96,1.11,,,,,,2.8499999999999996
2010-04-05,17.02,4.01,1.18,,,,,,2.83
2010-04-06,16.23,3.98,1.14,,,,,,2.84
2010-04-07,16.62,3.89,1.06,,,,,,2.83
2010-04-08,16.48,3.91,1.09,,,,,,2.8200000000000003
2010-04-09,16.14,3.9,1.08,,,,,,2.82
2010-04-12,15.58,3.87,1.07,,,,,,2.8
2010-04-13,16.2,3.84,1.07,,,,,,2.7699999999999996
2010-04-14,15.59,3.88,1.07,,,,,,2.8099999999999996
2010-04-15,15.89,3.86,1.04,,,,,,2.82
2010-04-16,18.36,3.79,0.98,,,,,,2.81
2010-04-19,17.34,3.83,1.01,,,,,,2.8200000000000003
2010-04-20,15.73,3.82,1.05,,,,,,2.7699999999999996
2010-04-21,16.32,3.77,1.03,,,,,,2.74
2010-04-22,16.47,3.8,1.07,,,,,,2.7299999999999995
2010-04-23,16.62,3.84,1.1,,,,,,2.7399999999999998
2010-04-26,17.47,3.83,1.09,,,,,,2.74
2010-04-27,22.81,3.71,1.03,,,,,,2.6799999999999997
2010-04-28,21.08,3.8,1.03,,,,,,2.7699999999999996
2010-04-29,18.44,3.76,1.01,,,,,,2.75
2010-04-30,22.05,3.69,0.97,,,,,,2.7199999999999998
2010-05-01,,,,0.2,217.29,0.020035489292185682,9.6,0.0,
2010-05-03,20.19,3.72,1.0,,,,,,2.72
2010-05-04,23.84,3.63,0.96,,,,,,2.67
2010-05-05,24.91,3.58,0.88,,,,,,2.7
2010-05-06,32.8,3.41,0.75,,,,,,2.66
2010-05-07,40.95,3.45,0.83,,,,,,2.62
2010-05-10,28.84,3.57,0.87,,,,,,2.6999999999999997
2010-05-11,28.32,3.56,0.85,,,,,,2.71
2010-05-12,25.52,3.56,0.89,,,,,,2.67
2010-05-13,26.68,3.55,0.87,,,,,,2.6799999999999997
2010-05-14,31.24,3.44,0.79,,,,,,2.65
2010-05-17,30.84,3.47,0.81,,,,,,2.66
2010-05-18,33.55,3.38,0.76,,,,,,2.62
2010-05-19,35.32,3.36,0.8,,,,,,2.5599999999999996
2010-05-20,45.79,3.25,0.76,,,,,,2.49
2010-05-21,40.1,3.2,0.76,,,,,,2.4400000000000004
2010-05-24,38.32,3.23,0.77,,,,,,2.46
2010-05-25,34.61,3.18,0.81,,,,,,2.37
2010-05-26,35.02,3.21,0.82,,,,,,2.39
2010-05-27,29.68,3.34,0.87,,,,,,2.4699999999999998
2010-05-28,32.07,3.31,0.76,,,,,,2.55
2010-05-31,,,,,,,,,
2010-06-01,35.54,3.29,0.78,0.18,217.199,0.011215605940686268,9.4,0.0,2.51
2010-06-02,30.17,3.35,0.82,,,,,,2.5300000000000002
2010-06-03,29.46,3.39,0.82,,,,,,2.5700000000000003
2010-06-04,35.48,3.2,0.72,,,,,,2.4800000000000004
2010-06-07,36.57,3.17,0.74,,,,,,2.4299999999999997
2010-06-08,33.7,3.18,0.74,,,,,,2.4400000000000004
2010-06-09,33.73,3.2,0.74,,,,,,2.46
2010-06-10,30.57,3.33,0.79,,,,,,2.54
2010-06-11,28.79,3.24,0.75,,,,,,2.49
2010-06-14,28.58,3.28,0.77,,,,,,2.51
2010-06-15,25.87,3.32,0.79,,,,,,2.53
2010-06-16,25.92,3.27,0.75,,,,,,2.52
2010-06-17,25.05,3.21,0.72,,,,,,2.49
2010-06-18,23.95,3.24,0.74,,,,,,2.5
2010-06-21,24.88,3.26,0.74,,,,,,2.5199999999999996
2010-06-22,27.05,3.18,0.71,,,,,,2.47
2010-06-23,26.91,3.13,0.66,,,,,,2.4699999999999998
2010-06-24,29.74,3.14,0.67,,,,,,2.47
2010-06-25,28.53,3.12,0.65,,,,,,2.47
2010-06-28,29.0,3.05,0.62,,,,,,2.4299999999999997
2010-06-29,34.13,2.97,0.61,,,,,,2.3600000000000003
2010-06-30,34.54,2.97,0.61,,,,,,2.3600000000000003
2010-07-01,32.86,2.96,0.63,0.18,217.605,0.013407784804821077,9.4,0.0,2.33
2010-07-02,30.12,3.0,0.63,,,,,,2.37
2010-07-05,,,,,,,,,
2010-07-06,29.65,2.95,0.62,,,,,,2.33
2010-07-07,26.84,3.0,0.63,,,,,,2.37
2010-07-08,25.71,3.04,0.63,,,,,,2.41
2010-07-09,24.98,3.07,0.63,,,,,,2.44
2010-07-12,24.43,3.08,0.65,,,,,,2.43
2010-07-13,24.56,3.15,0.67,,,,,,2.48
2010-07-14,24.89,3.07,0.62,,,,,,2.4499999999999997
2010-07-15,25.14,3.0,0.61,,,,,,2.39
2010-07-16,26.25,2.96,0.61,,,,,,2.35
2010-07-19,25.97,2.99,0.61,,,,,,2.3800000000000003
2010-07-20,23.93,2.98,0.61,,,,,,2.37
2010-07-21,25.64,2.9,0.58,,,,,,2.32
2010-07-22,24.63,2.96,0.6,,,,,,2.36
2010-07-23,23.47,3.02,0.6,,,,,,2.42
2010-07-26,22.73,3.03,0.62,,,,,,2.4099999999999997
2010-07-27,23.19,3.08,0.65,,,,,,2.43
2010-07-28,24.25,3.03,0.61,,,,,,2.42
2010-07-29,24.13,3.03,0.59,,,,,,2.44
2010-07-30,23.5,2.94,0.55,,,,,,2.3899999999999997
2010-08-01,,,,0.19,217.923,0.011501775395112546,9.5,0.0,
2010-08-02,22.01,2.99,0.56,,,,,,2.43
2010-08-03,22.63,2.94,0.53,,,,,,2.41
2010-08-04,22.21,2.98,0.56,,,,,,2.42
2010-08-05,22.1,2.94,0.53,,,,,,2.41
2010-08-06,21.74,2.86,0.5,,,,,,2.36
2010-08-09,22.14,2.86,0.54,,,,,,2.32
2010-08-10,22.37,2.79,0.52,,,,,,2.27
2010-08-11,25.39,2.72,0.54,,,,,,2.18
2010-08-12,25.73,2.74,0.55,,,,,,2.1900000000000004
2010-08-13,26.24,2.68,0.54,,,,,,2.14
2010-08-16,26.1,2.58,0.51,,,,,,2.0700000000000003
2010-08-17,24.33,2.64,0.52,,,,,,2.12
2010-08-18,24.59,2.64,0.51,,,,,,2.13
2010-08-19,26.44,2.58,0.49,,,,,,2.09
2010-08-20,25.49,2.62,0.49,,,,,,2.13
2010-08-23,25.66,2.6,0.49,,,,,,2.1100000000000003
2010-08-24,27.46,2.5,0.5,,,,,,2.0
2010-08-25,26.7,2.54,0.53,,,,,,2.01
2010-08-26,27.37,2.5,0.51,,,,,,1.99
2010-08-27,24.45,2.66,0.56,,,,,,2.1
2010-08-30,27.21,2.54,0.5,,,,,,2.04
2010-08-31,26.05,2.47,0.47,,,,,,2.0
2010-09-01,23.89,2.58,0.5,0.19,218.275,0.011183122472331775,9.5,0.0,2.08
2010-09-02,23.19,2.63,0.5,,,,,,2.13
2010-09-03,21.31,2.72,0.52,,,,,,2.2
2010-09-06,,,,,,,,,
2010-09-07,23.8,2.61,0.49,,,,,,2.12
2010-09-08,23.25,2.66,0.52,,,,,,2.14
2010-09-09,22.81,2.77,0.57,,,,,,2.2
2010-09-10,21.99,2.81,0.58,,,,,,2.23
2010-09-13,21.21,2.74,0.53,,,,,,2.21
2010-09-14,21.56,2.68,0.5,,,,,,2.18
2010-09-15,22.1,2.74,0.5,,,,,,2.24
2010-09-16,21.72,2.77,0.48,,,,,,2.29
2010-09-17,22.01,2.75,0.48,,,,,,2.27
2010-09-20,21.5,2.72,0.47,,,,,,2.25
2010-09-21,22.35,2.61,0.43,,,,,,2.1799999999999997
2010-09-22,22.51,2.56,0.44,,,,,,2.12
2010-09-23,23.87,2.56,0.45,,,,,,2.11
2010-09-24,21.71,2.62,0.45,,,,,,2.17
2010-09-27,22.54,2.54,0.44,,,,,,2.1
2010-09-28,22.6,2.48,0.37,,,,,,2.11
2010-09-29,23.25,2.52,0.44,,,,,,2.08
2010-09-30,23.7,2.53,0.42,,,,,,2.11
2010-10-01,22.5,2.54,0.42,0.19,219.035,0.011666951489314625,9.4,0.0,2.12
2010-10-04,23.53,2.5,0.41,,,,,,2.09
2010-10-05,21.76,2.5,0.41,,,,,,2.09
2010-10-06,21.49,2.41,0.38,,,,,,2.0300000000000002
2010-10-07,21.56,2.41,0.36,,,,,,2.0500000000000003
2010-10-08,20.71,2.41,0.35,,,,,,2.06
2010-10-11,18.96,,,,,,,,
2010-10-12,18.93,2.44,0.37,,,,,,2.07
2010-10-13,19.07,2.46,0.37,,,,,,2.09
2010-10-14,19.88,2.52,0.38,,,,,,2.14
2010-10-15,19.03,2.59,0.37,,,,,,2.2199999999999998
2010-10-18,19.09,2.52,0.38,,,,,,2.14
2010-10-19,20.63,2.5,0.37,,,,,,2.13
2010-10-20,19.79,2.51,0.35,,,,,,2.1599999999999997
2010-10-21,19.27,2.57,0.37,,,,,,2.1999999999999997
2010-10-22,18.78,2.59,0.35,,,,,,2.2399999999999998
2010-10-25,19.85,2.59,0.37,,,,,,2.2199999999999998
2010-10-26,20.22,2.67,0.4,,,,,,2.27
2010-10-27,20.71,2.75,0.4,,,,,,2.35
2010-10-28,20.88,2.69,0.37,,,,,,2.32
2010-10-29,21.2,2.63,0.34,,,,,,2.29
2010-11-01,21.83,2.66,0.34,0.19,219.59,0.01084544776600338,9.8,0.0,2.3200000000000003
2010-11-02,21.57,2.63,0.34,,,,,,2.29
2010-11-03,19.56,2.67,0.34,,,,,,2.33
2010-11-04,18.52,2.53,0.33,,,,,,2.1999999999999997
2010-11-05,18.26,2.58,0.38,,,,,,2.2
2010-11-08,18.29,2.6,0.41,,,,,,2.19
2010-11-09,19.08,2.72,0.46,,,,,,2.2600000000000002
2010-11-10,18.47,2.65,0.44,,,,,,2.21
2010-11-11,18.64,,,,,,,,
2010-11-12,20.61,2.76,0.51,,,,,,2.25
2010-11-15,20.2,2.92,0.53,,,,,,2.3899999999999997
2010-11-16,22.58,2.85,0.51,,,,,,2.34
2010-11-17,21.76,2.89,0.5,,,,,,2.39
2010-11-18,18.75,2.9,0.52,,,,,,2.38
2010-11-19,18.04,2.88,0.52,,,,,,2.36
2010-11-22,18.37,2.8,0.49,,,,,,2.3099999999999996
2010-11-23,20.63,2.77,0.45,,,,,,2.32
2010-11-24,19.56,2.93,0.53,,,,,,2.4000000000000004
2010-11-25,,,,,,,,,
2010-11-26,22.22,2.87,0.51,,,,,,2.3600000000000003
2010-11-29,21.53,2.84,0.52,,,,,,2.32
2010-11-30,23.54,2.81,0.45,,,,,,2.36
2010-12-01,21.36,2.97,0.53,0.18,220.472,0.01437793022217937,9.3,0.0,2.4400000000000004
2010-12-02,19.39,3.01,0.55,,,,,,2.46
2010-12-03,18.01,3.03,0.49,,,,,,2.54
2010-12-06,18.02,2.95,0.42,,,,,,2.5300000000000002
2010-12-07,17.99,3.15,0.54,,,,,,2.61
2010-12-08,17.74,3.26,0.63,,,,,,2.63
2010-12-09,17.25,3.23,0.64,,,,,,2.59
2010-12-10,17.61,3.32,0.64,,,,,,2.6799999999999997
2010-12-13,17.55,3.29,0.61,,,,,,2.68
2010-12-14,17.61,3.49,0.66,,,,,,2.83
2010-12-15,17.94,3.53,0.68,,,,,,2.8499999999999996
2010-12-16,17.39,3.47,0.66,,,,,,2.81
2010-12-17,16.11,3.33,0.61,,,,,,2.72
2010-12-20,16.41,3.36,0.62,,,,,,2.7399999999999998
2010-12-21,16.49,3.35,0.63,,,,,,2.72
2010-12-22,15.45,3.36,0.65,,,,,,2.71
2010-12-23,16.47,3.41,0.67,,,,,,2.74
2010-12-24,,,,,,,,,
2010-12-27,17.67,3.36,0.71,,,,,,2.65
2010-12-28,17.52,3.5,0.75,,,,,,2.75
2010-12-29,17.28,3.35,0.64,,,,,,2.71
2010-12-30,17.52,3.38,0.66,,,,,,2.7199999999999998
2010-12-31,17.75,3.3,0.61,,,,,,2.69
2011-01-01,,,,0.17,221.187,0.017007834915029774,9.1,0.0,
2011-01-03,17.61,3.36,0.61,,,,,,2.75
2011-01-04,17.38,3.36,0.63,,,,,,2.73
2011-01-05,17.02,3.5,0.71,,,,,,2.79
2011-01-06,17.4,3.44,0.68,,,,,,2.76
2011-01-07,17.14,3.34,0.6,,,,,,2.7399999999999998
2011-01-10,17.54,3.32,0.59,,,,,,2.73
2011-01-11,16.89,3.37,0.6,,,,,,2.77
2011-01-12,16.24,3.4,0.61,,,,,,2.79
2011-01-13,16.39,3.34,0.59,,,,,,2.75
2011-01-14,15.46,3.35,0.59,,,,,,2.7600000000000002
2011-01-17,,,,,,,,,
2011-01-18,15.87,3.39,0.6,,,,,,2.79
2011-01-19,17.31,3.37,0.6,,,,,,2.77
2011-01-20,17.99,3.47,0.65,,,,,,2.8200000000000003
2011-01-21,18.47,3.44,0.63,,,,,,2.81
2011-01-24,17.65,3.43,0.65,,,,,,2.7800000000000002
2011-01-25,17.59,3.35,0.62,,,,,,2.73
2011-01-26,16.64,3.45,0.62,,,,,,2.83
2011-01-27,16.15,3.42,0.59,,,,,,2.83
2011-01-28,20.04,3.36,0.54,,,,,,2.82
2011-01-31,19.53,3.42,0.58,,,,,,2.84
2011-02-01,17.63,3.48,0.61,0.16,221.898,0.02124898173333145,9.0,0.0,2.87
2011-02-02,17.3,3.52,0.67,,,,,,2.85
2011-02-03,16.69,3.58,0.71,,,,,,2.87
2011-02-04,15.93,3.68,0.77,,,,,,2.91
2011-02-07,16.28,3.68,0.78,,,,,,2.9000000000000004
2011-02-08,15.81,3.75,0.86,,,,,,2.89
2011-02-09,15.87,3.65,0.81,,,,,,2.84
2011-02-10,16.09,3.7,0.85,,,,,,2.85
2011-02-11,15.69,3.64,0.85,,,,,,2.79
2011-02-14,15.95,3.62,0.87,,,,,,2.75
2011-02-15,16.37,3.61,0.84,,,,,,2.77
2011-02-16,16.72,3.62,0.86,,,,,,2.7600000000000002
2011-02-17,16.59,3.58,0.8,,,,,,2.7800000000000002
2011-02-18,16.43,3.59,0.78,,,,,,2.8099999999999996
2011-02-21,,,,,,,,,
2011-02-22,20.8,3.46,0.74,,,,,,2.7199999999999998
2011-02-23,22.13,3.49,0.74,,,,,,2.75
2011-02-24,21.32,3.46,0.73,,,,,,2.73
2011-02-25,19.22,3.42,0.72,,,,,,2.7
2011-02-28,18.35,3.42,0.69,,,,,,2.73
2011-03-01,21.01,3.41,0.66,0.14,223.046,0.02619241510354109,9.0,0.0,2.75
2011-03-02,20.7,3.46,0.69,,,,,,2.77
2011-03-03,18.6,3.58,0.79,,,,,,2.79
2011-03-04,19.06,3.49,0.68,,,,,,2.81
2011-03-07,20.66,3.51,0.7,,,,,,2.8099999999999996
2011-03-08,19.82,3.56,0.73,,,,,,2.83
2011-03-09,20.22,3.48,0.7,,,,,,2.7800000000000002
2011-03-10,21.88,3.37,0.65,,,,,,2.72
2011-03-11,20.08,3.4,0.64,,,,,,2.76
2011-03-14,21.13,3.36,0.61,,,,,,2.75
2011-03-15,24.32,3.33,0.63,,,,,,2.7
2011-03-16,29.4,3.22,0.58,,,,,,2.64
2011-03-17,26.37,3.25,0.6,,,,,,2.65
2011-03-18,24.44,3.28,0.61,,,,,,2.67
2011-03-21,20.61,3.34,0.67,,,,,,2.67
2011-03-22,20.21,3.34,0.68,,,,,,2.6599999999999997
2011-03-23,19.17,3.36,0.69,,,,,,2.67
2011-03-24,18.0,3.42,0.72,,,,,,2.7
2011-03-25,17.91,3.46,0.79,,,,,,2.67
2011-03-28,19.44,3.47,0.81,,,,,,2.66
2011-03-29,18.16,3.5,0.81,,,,,,2.69
2011-03-30,17.71,3.47,0.8,,,,,,2.67
2011-03-31,17.74,3.47,0.8,,,,,,2.67
2011-04-01,17.4,3.46,0.8,0.1,224.093,0.030772344447868694,9.1,0.0,2.66
2011-04-04,17.5,3.45,0.77,,,,,,2.68
2011-04-05,17.25,3.5,0.84,,,,,,2.66
2011-04-06,16.9,3.56,0.85,,,,,,2.71
2011-04-07,17.11,3.58,0.81,,,,,,2.77
2011-04-08,17.87,3.59,0.83,,,,,,2.76
2011-04-11,16.59,3.59,0.85,,,,,,2.7399999999999998
2011-04-12,17.09,3.52,0.77,,,,,,2.75
2011-04-13,16.92,3.49,0.75,,,,,,2.74
2011-04-14,16.27,3.51,0.77,,,,,,2.7399999999999998
2011-04-15,15.32,3.43,0.71,,,,,,2.72
2011-04-18,16.96,3.4,0.69,,,,,,2.71
2011-04-19,15.83,3.39,0.68,,,,,,2.71
2011-04-20,15.07,3.43,0.69,,,,,,2.74
2011-04-21,14.69,3.42,0.68,,,,,,2.7399999999999998
2011-04-22,,,,,,,,,
2011-04-25,15.77,3.39,0.67,,,,,,2.72
2011-04-26,15.62,3.34,0.65,,,,,,2.69
2011-04-27,15.35,3.39,0.65,,,,,,2.74
2011-04-28,14.62,3.34,0.62,,,,,,2.7199999999999998
2011-04-29,14.75,3.32,0.61,,,,,,2.71
2011-05-01,,,,0.09,224.806,0.034589718808965,9.0,0.0,
2011-05-02,15.99,3.31,0.61,,,,,,2.7
2011-05-03,16.7,3.28,0.61,,,,,,2.67
2011-05-04,17.08,3.25,0.6,,,,,,2.65
2011-05-05,18.2,3.18,0.58,,,,,,2.6
2011-05-06,18.4,3.19,0.57,,,,,,2.62
2011-05-09,17.16,3.17,0.57,,,,,,2.6
2011-05-10,15.91,3.23,0.59,,,,,,2.64
2011-05-11,16.95,3.19,0.56,,,,,,2.63
2011-05-12,16.03,3.22,0.57,,,,,,2.6500000000000004
2011-05-13,17.07,3.18,0.57,,,,,,2.6100000000000003
2011-05-16,18.24,3.15,0.54,,,,,,2.61
2011-05-17,17.55,3.12,0.55,,,,,,2.5700000000000003
2011-05-18,16.23,3.18,0.58,,,,,,2.6
2011-05-19,15.52,3.17,0.55,,,,,,2.62
2011-05-20,17.43,3.15,0.55,,,,,,2.5999999999999996
2011-05-23,18.27,3.13,0.55,,,,,,2.58
2011-05-24,17.82,3.12,0.56,,,,,,2.56
2011-05-25,17.07,3.13,0.54,,,,,,2.59
2011-05-26,16.09,3.07,0.48,,,,,,2.59
2011-05-27,15.98,3.07,0.48,,,,,,2.59
2011-05-30,,,,,,,,,
2011-05-31,15.45,3.05,0.45,,,,,,2.5999999999999996
2011-06-01,18.3,2.96,0.44,0.09,224.806,0.03502318150636041,9.1,0.0,2.52
2011-06-02,18.09,3.04,0.45,,,,,,2.59
2011-06-03,17.95,2.99,0.42,,,,,,2.5700000000000003
2011-06-06,18.49,3.01,0.43,,,,,,2.5799999999999996
2011-06-07,18.07,3.01,0.39,,,,,,2.6199999999999997
2011-06-08,18.79,2.98,0.39,,,,,,2.59
2011-06-09,17.77,3.01,0.43,,,,,,2.5799999999999996
2011-06-10,18.86,2.99,0.41,,,,,,2.58
2011-06-13,19.61,3.0,0.4,,,,,,2.6
2011-06-14,18.26,3.11,0.45,,,,,,2.6599999999999997
2011-06-15,21.32,2.98,0.38,,,,,,2.6
2011-06-16,22.73,2.93,0.38,,,,,,2.5500000000000003
2011-06-17,21.85,2.94,0.38,,,,,,2.56
2011-06-20,19.99,2.97,0.38,,,,,,2.5900000000000003
2011-06-21,18.86,2.99,0.4,,,,,,2.5900000000000003
2011-06-22,18.52,3.01,0.39,,,,,,2.6199999999999997
2011-06-23,19.29,2.93,0.35,,,,,,2.58
2011-06-24,21.1,2.88,0.35,,,,,,2.53
2011-06-27,20.56,2.95,0.41,,,,,,2.54
2011-06-28,19.17,3.05,0.48,,,,,,2.57
2011-06-29,17.27,3.14,0.47,,,,,,2.67
2011-06-30,16.52,3.18,0.45,,,,,,2.73
2011-07-01,15.87,3.22,0.5,0.07,225.395,0.035798809769996165,9.0,0.0,2.72
2011-07-04,,,,,,,,,
2011-07-05,16.06,3.16,0.44,,,,,,2.72
2011-07-06,16.34,3.12,0.43,,,,,,2.69
2011-07-07,15.95,3.17,0.49,,,,,,2.6799999999999997
2011-07-08,15.95,3.03,0.4,,,,,,2.63
2011-07-11,18.39,2.94,0.37,,,,,,2.57
2011-07-12,19.87,2.92,0.37,,,,,,2.55
2011-07-13,19.91,2.92,0.37,,,,,,2.55
2011-07-14,20.8,2.98,0.38,,,,,,2.6
2011-07-15,19.53,2.94,0.37,,,,,,2.57
2011-07-18,20.95,2.94,0.37,,,,,,2.57
2011-07-19,19.21,2.91,0.39,,,,,,2.52
2011-07-20,19.09,2.96,0.4,,,,,,2.56
2011-07-21,17.56,3.03,0.4,,,,,,2.63
2011-07-22,17.52,2.99,0.4,,,,,,2.5900000000000003
2011-07-25,19.35,3.03,0.42,,,,,,2.61
2011-07-26,20.23,2.99,0.41,,,,,,2.58
2011-07-27,22.98,3.01,0.44,,,,,,2.57
2011-07-28,23.74,2.98,0.42,,,,,,2.56
2011-07-29,25.25,2.82,0.36,,,,,,2.46
2011-08-01,23.66,2.77,0.38,0.1,226.106,0.0375499603070808,9.0,0.0,2.39
2011-08-02,24.79,2.66,0.33,,,,,,2.33
2011-08-03,23.38,2.64,0.33,,,,,,2.31
2011-08-04,31.66,2.47,0.27,,,,,,2.2
2011-08-05,32.0,2.58,0.28,,,,,,2.3
2011-08-08,48.0,2.4,0.27,,,,,,2.13
2011-08-09,35.06,2.2,0.19,,,,,,2.0100000000000002
2011-08-10,42.99,2.17,0.19,,,,,,1.98
2011-08-11,39.0,2.34,0.19,,,,,,2.15
2011-08-12,36.36,2.24,0.2,,,,,,2.04
2011-08-15,31.87,2.29,0.19,,,,,,2.1
2011-08-16,32.85,2.23,0.2,,,,,,2.03
2011-08-17,31.58,2.17,0.19,,,,,,1.98
2011-08-18,42.67,2.08,0.2,,,,,,1.8800000000000001
2011-08-19,43.05,2.07,0.2,,,,,,1.8699999999999999
2011-08-22,42.44,2.1,0.22,,,,,,1.8800000000000001
2011-08-23,36.27,2.15,0.22,,,,,,1.93
2011-08-24,35.9,2.29,0.23,,,,,,2.06
2011-08-25,39.76,2.23,0.22,,,,,,2.01
2011-08-26,35.59,2.19,0.2,,,,,,1.99
2011-08-29,32.28,2.28,0.2,,,,,,2.0799999999999996
2011-08-30,32.89,2.19,0.2,,,,,,1.99
2011-08-31,31.62,2.23,0.2,,,,,,2.03
2011-09-01,31.82,2.15,0.19,0.08,226.597,0.03812621692818685,9.0,0.0,1.96
2011-09-02,33.92,2.02,0.2,,,,,,1.82
2011-09-05,,,,,,,,,
2011-09-06,37.0,1.98,0.21,,,,,,1.77
2011-09-07,33.38,2.05,0.21,,,,,,1.8399999999999999
2011-09-08,34.32,2.0,0.19,,,,,,1.81
2011-09-09,38.52,1.93,0.17,,,,,,1.76
2011-09-12,38.59,1.94,0.21,,,,,,1.73
2011-09-13,36.91,2.0,0.21,,,,,,1.79
2011-09-14,34.6,2.03,0.19,,,,,,1.8399999999999999
2011-09-15,31.97,2.09,0.21,,,,,,1.88
2011-09-16,30.98,2.08,0.18,,,,,,1.9000000000000001
2011-09-19,32.73,1.97,0.16,,,,,,1.81
2011-09-20,32.86,1.95,0.18,,,,,,1.77
2011-09-21,37.32,1.88,0.21,,,,,,1.67
2011-09-22,41.35,1.72,0.2,,,,,,1.52
2011-09-23,41.25,1.84,0.23,,,,,,1.61
2011-09-26,39.02,1.91,0.25,,,,,,1.66
2011-09-27,37.71,2.0,0.25,,,,,,1.75
2011-09-28,41.08,2.03,0.27,,,,,,1.7599999999999998
2011-09-29,38.84,1.99,0.27,,,,,,1.72
2011-09-30,42.96,1.92,0.25,,,,,,1.67
2011-10-01,,,,0.07,226.75,0.035222681306640524,8.8,0.0,
2011-10-03,45.45,1.8,0.24,,,,,,1.56
2011-10-04,40.82,1.81,0.25,,,,,,1.56
2011-10-05,37.81,1.92,0.25,,,,,,1.67
2011-10-06,36.27,2.01,0.29,,,,,,1.7199999999999998
2011-10-07,36.2,2.1,0.3,,,,,,1.8
2011-10-10,33.02,,,,,,,,
2011-10-11,32.86,2.18,0.32,,,,,,1.86
2011-10-12,31.26,2.24,0.29,,,,,,1.9500000000000002
2011-10-13,30.7,2.19,0.29,,,,,,1.9
2011-10-14,28.24,2.26,0.28,,,,,,1.9799999999999998
2011-10-17,33.39,2.18,0.28,,,,,,1.9000000000000001
2011-10-18,31.56,2.19,0.28,,,,,,1.91
2011-10-19,34.44,2.18,0.28,,,,,,1.9000000000000001
2011-10-20,34.78,2.2,0.28,,,,,,1.9200000000000002
2011-10-21,31.32,2.23,0.3,,,,,,1.93
2011-10-24,29.26,2.25,0.3,,,,,,1.95
2011-10-25,32.22,2.14,0.26,,,,,,1.8800000000000001
2011-10-26,29.86,2.23,0.28,,,,,,1.95
2011-10-27,25.46,2.42,0.31,,,,,,2.11
2011-10-28,24.53,2.34,0.28,,,,,,2.0599999999999996
2011-10-31,29.96,2.17,0.25,,,,,,1.92
2011-11-01,34.77,2.01,0.23,0.08,227.169,0.03451432214581729,8.6,0.0,1.7799999999999998
2011-11-02,32.74,2.03,0.23,,,,,,1.7999999999999998
2011-11-03,30.5,2.09,0.24,,,,,,1.8499999999999999
2011-11-04,30.16,2.06,0.22,,,,,,1.84
2011-11-07,29.85,2.04,0.25,,,,,,1.79
2011-11-08,27.48,2.1,0.25,,,,,,1.85
2011-11-09,36.16,2.0,0.24,,,,,,1.76
2011-11-10,32.81,2.04,0.24,,,,,,1.8
2011-11-11,30.04,,,,,,,,
2011-11-14,31.13,2.04,0.24,,,,,,1.8
2011-11-15,31.22,2.06,0.26,,,,,,1.8
2011-11-16,33.51,2.01,0.26,,,,,,1.7499999999999998
2011-11-17,34.51,1.96,0.27,,,,,,1.69
2011-11-18,32.0,2.01,0.29,,,,,,1.7199999999999998
2011-11-21,32.91,1.97,0.27,,,,,,1.7
2011-11-22,31.97,1.94,0.26,,,,,,1.68
2011-11-23,33.98,1.89,0.26,,,,,,1.63
2011-11-24,,,,,,,,,
2011-11-25,34.47,1.97,0.28,,,,,,1.69
2011-11-28,32.13,1.97,0.26,,,,,,1.71
2011-11-29,30.64,2.0,0.27,,,,,,1.73
2011-11-30,27.8,2.08,0.25,,,,,,1.83
2011-12-01,27.41,2.11,0.27,0.07,227.223,0.03062066838419386,8.5,0.0,1.8399999999999999
2011-12-02,27.52,2.05,0.25,,,,,,1.7999999999999998
2011-12-05,27.84,2.04,0.27,,,,,,1.77
2011-12-06,28.13,2.08,0.25,,,,,,1.83
2011-12-07,28.67,2.02,0.24,,,,,,1.78
2011-12-08,30.59,1.99,0.22,,,,,,1.77
2011-12-09,26.38,2.07,0.22,,,,,,1.8499999999999999
2011-12-12,25.67,2.03,0.24,,,,,,1.7899999999999998
2011-12-13,25.41,1.96,0.24,,,,,,1.72
2011-12-14,26.04,1.92,0.25,,,,,,1.67
2011-12-15,25.11,1.92,0.26,,,,,,1.66
2011-12-16,24.29,1.86,0.24,,,,,,1.62
2011-12-19,24.92,1.82,0.24,,,,,,1.58
2011-12-20,23.22,1.94,0.26,,,,,,1.68
2011-12-21,21.43,1.98,0.28,,,,,,1.7
2011-12-22,21.16,1.97,0.28,,,,,,1.69
2011-12-23,20.73,2.03,0.28,,,,,,1.7499999999999998
2011-12-26,,,,,,,,,
2011-12-27,21.91,2.02,0.3,,,,,,1.72
2011-12-28,23.52,1.93,0.28,,,,,,1.65
2011-12-29,22.65,1.91,0.28,,,,,,1.63
2011-12-30,23.4,1.89,0.25,,,,,,1.64
2012-01-01,,,,0.08,227.842,0.030087663379855023,8.3,0.0,
2012-01-02,,,,,,,,,
2012-01-03,22.97,1.97,0.27,,,,,,1.7
2012-01-04,22.22,2.0,0.25,,,,,,1.75
2012-01-05,21.48,2.02,0.27,,,,,,1.75
2012-01-06,20.63,1.98,0.25,,,,,,1.73
2012-01-09,21.07,1.98,0.26,,,,,,1.72
2012-01-10,20.69,2.0,0.24,,,,,,1.76
2012-01-11,21.05,1.93,0.24,,,,,,1.69
2012-01-12,20.47,1.94,0.22,,,,,,1.72
2012-01-13,20.91,1.89,0.24,,,,,,1.65
2012-01-16,,,,,,,,,
2012-01-17,22.2,1.87,0.21,,,,,,1.6600000000000001
2012-01-18,20.89,1.92,0.24,,,,,,1.68
2012-01-19,19.87,2.01,0.26,,,,,,1.7499999999999998
2012-01-20,18.28,2.05,0.26,,,,,,1.7899999999999998
2012-01-23,18.67,2.09,0.26,,,,,,1.8299999999999998
2012-01-24,18.91,2.08,0.24,,,,,,1.84
2012-01-25,18.31,2.01,0.22,,,,,,1.7899999999999998
2012-01-26,18.57,1.96,0.22,,,,,,1.74
2012-01-27,18.53,1.93,0.22,,,,,,1.71
2012-01-30,19.4,1.87,0.22,,,,,,1.6500000000000001
2012-01-31,19.44,1.83,0.22,,,,,,1.61
2012-02-01,18.55,1.87,0.23,0.1,228.329,0.028981784423473878,8.3,0.0,1.6400000000000001
2012-02-02,17.98,1.86,0.23,,,,,,1.6300000000000001
2012-02-03,17.1,1.97,0.23,,,,,,1.74
2012-02-06,17.76,1.93,0.24,,,,,,1.69
2012-02-07,17.65,2.0,0.25,,,,,,1.75
2012-02-08,18.16,2.01,0.27,,,,,,1.7399999999999998
2012-02-09,18.63,2.04,0.27,,,,,,1.77
2012-02-10,20.79,1.96,0.27,,,,,,1.69
2012-02-13,19.04,1.99,0.29,,,,,,1.7
2012-02-14,19.54,1.92,0.29,,,,,,1.63
2012-02-15,21.14,1.93,0.29,,,,,,1.64
2012-02-16,19.22,1.99,0.29,,,,,,1.7
2012-02-17,17.78,2.01,0.29,,,,,,1.7199999999999998
2012-02-20,,,,,,,,,
2012-02-21,18.19,2.05,0.31,,,,,,1.7399999999999998
2012-02-22,18.19,2.01,0.29,,,,,,1.7199999999999998
2012-02-23,16.8,1.99,0.31,,,,,,1.68
2012-02-24,17.31,1.98,0.31,,,,,,1.67
2012-02-27,18.19,1.92,0.3,,,,,,1.6199999999999999
2012-02-28,17.96,1.94,0.3,,,,,,1.64
2012-02-29,18.43,1.98,0.3,,,,,,1.68
2012-03-01,17.26,2.03,0.3,0.13,228.807,0.025828752813320977,8.2,0.0,1.7299999999999998
2012-03-02,17.29,1.99,0.28,,,,,,1.71
2012-03-05,18.05,2.0,0.31,,,,,,1.69
2012-03-06,20.87,1.96,0.3,,,,,,1.66
2012-03-07,19.07,1.98,0.3,,,,,,1.68
2012-03-08,17.95,2.03,0.32,,,,,,1.7099999999999997
2012-03-09,17.11,2.04,0.33,,,,,,1.71
2012-03-12,15.64,2.04,0.33,,,,,,1.71
2012-03-13,14.8,2.14,0.35,,,,,,1.79
2012-03-14,15.31,2.29,0.4,,,,,,1.8900000000000001
2012-03-15,15.42,2.29,0.37,,,,,,1.92
2012-03-16,14.47,2.31,0.37,,,,,,1.94
2012-03-19,15.04,2.39,0.39,,,,,,2.0
2012-03-20,15.58,2.38,0.41,,,,,,1.97
2012-03-21,15.13,2.31,0.39,,,,,,1.92
2012-03-22,15.57,2.29,0.37,,,,,,1.92
2012-03-23,14.82,2.25,0.37,,,,,,1.88
2012-03-26,14.26,2.26,0.36,,,,,,1.9
2012-03-27,15.59,2.2,0.33,,,,,,1.87
2012-03-28,15.47,2.21,0.34,,,,,,1.8699999999999999
2012-03-29,15.48,2.18,0.33,,,,,,1.85
2012-03-30,15.5,2.23,0.33,,,,,,1.9
2012-04-01,,,,0.14,229.187,0.022731633741348567,8.2,0.0,
2012-04-02,15.64,2.22,0.33,,,,,,1.8900000000000001
2012-04-03,15.66,2.3,0.36,,,,,,1.94
2012-04-04,16.44,2.25,0.35,,,,,,1.9
2012-04-05,16.7,2.19,0.35,,,,,,1.8399999999999999
2012-04-06,,2.07,0.32,,,,,,1.7499999999999998
2012-04-09,18.81,2.06,0.32,,,,,,1.74
2012-04-10,20.39,2.01,0.28,,,,,,1.7299999999999998
2012-04-11,20.02,2.05,0.3,,,,,,1.7499999999999998
2012-04-12,17.2,2.08,0.29,,,,,,1.79
2012-04-13,19.55,2.02,0.27,,,,,,1.75
2012-04-16,19.55,2.0,0.27,,,,,,1.73
2012-04-17,18.46,2.03,0.27,,,,,,1.7599999999999998
2012-04-18,18.64,2.0,0.27,,,,,,1.73
2012-04-19,18.36,1.98,0.27,,,,,,1.71
2012-04-20,17.44,1.99,0.29,,,,,,1.7
2012-04-23,18.97,1.96,0.27,,,,,,1.69
2012-04-24,18.1,2.0,0.27,,,,,,1.73
2012-04-25,16.82,2.01,0.26,,,,,,1.7499999999999998
2012-04-26,16.24,1.98,0.26,,,,,,1.72
2012-04-27,16.32,1.96,0.26,,,,,,1.7
2012-04-30,17.15,1.95,0.27,,,,,,1.68
2012-05-01,16.6,1.98,0.27,0.16,228.713,0.01737942937466075,8.2,0.0,1.71
2012-05-02,16.88,1.96,0.27,,,,,,1.69
2012-05-03,17.56,1.96,0.28,,,,,,1.68
2012-05-04,19.16,1.91,0.27,,,,,,1.64
2012-05-07,18.94,1.92,0.27,,,,,,1.65
2012-05-08,19.05,1.88,0.27,,,,,,1.6099999999999999
2012-05-09,20.08,1.87,0.27,,,,,,1.6
2012-05-10,18.83,1.89,0.27,,,,,,1.6199999999999999
2012-05-11,19.89,1.84,0.27,,,,,,1.57
2012-05-14,21.87,1.78,0.29,,,,,,1.49
2012-05-15,21.97,1.76,0.29,,,,,,1.47
2012-05-16,22.27,1.76,0.3,,,,,,1.46
2012-05-17,24.49,1.7,0.32,,,,,,1.38
2012-05-18,25.1,1.71,0.32,,,,,,1.39
2012-05-21,22.01,1.75,0.3,,,,,,1.45
2012-05-22,22.48,1.79,0.3,,,,,,1.49
2012-05-23,22.33,1.73,0.28,,,,,,1.45
2012-05-24,21.54,1.77,0.29,,,,,,1.48
2012-05-25,21.76,1.75,0.3,,,,,,1.45
2012-05-28,,,,,,,,,
2012-05-29,21.03,1.74,0.3,,,,,,1.44
2012-05-30,24.14,1.63,0.27,,,,,,1.3599999999999999
2012-05-31,24.06,1.59,0.27,,,,,,1.32
2012-06-01,26.66,1.47,0.25,0.16,228.524,0.01653870448297634,8.2,0.0,1.22
2012-06-04,26.12,1.53,0.25,,,,,,1.28
2012-06-05,24.68,1.57,0.25,,,,,,1.32
2012-06-06,22.16,1.66,0.26,,,,,,1.4
2012-06-07,21.72,1.66,0.27,,,,,,1.39
2012-06-08,21.23,1.65,0.28,,,,,,1.3699999999999999
2012-06-11,23.56,1.6,0.27,,,,,,1.33
2012-06-12,22.09,1.67,0.3,,,,,,1.3699999999999999
2012-06-13,24.27,1.61,0.3,,,,,,1.31
2012-06-14,21.68,1.64,0.3,,,,,,1.3399999999999999
2012-06-15,21.11,1.6,0.29,,,,,,1.31
2012-06-18,18.32,1.59,0.29,,,,,,1.3
2012-06-19,18.38,1.64,0.3,,,,,,1.3399999999999999
2012-06-20,17.24,1.65,0.32,,,,,,1.3299999999999998
2012-06-21,20.08,1.63,0.32,,,,,,1.3099999999999998
2012-06-22,18.11,1.69,0.31,,,,,,1.38
2012-06-25,20.38,1.63,0.31,,,,,,1.3199999999999998
2012-06-26,19.72,1.66,0.31,,,,,,1.3499999999999999
2012-06-27,19.45,1.65,0.31,,,,,,1.3399999999999999
2012-06-28,19.71,1.6,0.31,,,,,,1.29
2012-06-29,17.08,1.67,0.33,,,,,,1.3399999999999999
2012-07-01,,,,0.16,228.59,0.014175114798464783,8.2,0.0,
2012-07-02,16.8,1.61,0.3,,,,,,1.31
2012-07-03,16.66,1.65,0.3,,,,,,1.3499999999999999
2012-07-04,,,,,,,,,
2012-07-05,17.5,1.62,0.28,,,,,,1.34
2012-07-06,17.1,1.57,0.27,,,,,,1.3
2012-07-09,17.98,1.53,0.27,,,,,,1.26
2012-07-10,18.72,1.53,0.27,,,,,,1.26
2012-07-11,17.95,1.54,0.27,,,,,,1.27
2012-07-12,18.33,1.5,0.25,,,,,,1.25
2012-07-13,16.74,1.52,0.25,,,,,,1.27
2012-07-16,17.11,1.5,0.24,,,,,,1.26
2012-07-17,16.48,1.53,0.25,,,,,,1.28
2012-07-18,16.16,1.52,0.22,,,,,,1.3
2012-07-19,15.45,1.54,0.22,,,,,,1.32
2012-07-20,16.27,1.49,0.22,,,,,,1.27
2012-07-23,18.62,1.47,0.22,,,,,,1.25
2012-07-24,20.47,1.44,0.22,,,,,,1.22
2012-07-25,19.34,1.43,0.22,,,,,,1.21
2012-07-26,17.53,1.45,0.23,,,,,,1.22
2012-07-27,16.7,1.58,0.25,,,,,,1.33
2012-07-30,18.03,1.53,0.23,,,,,,1.3
2012-07-31,18.93,1.51,0.23,,,,,,1.28
2012-08-01,18.96,1.56,0.24,0.13,229.918,0.016859349154821235,8.1,0.0,1.32
2012-08-02,17.57,1.51,0.24,,,,,,1.27
2012-08-03,15.64,1.6,0.24,,,,,,1.36
2012-08-06,15.95,1.59,0.24,,,,,,1.35
2012-08-07,15.99,1.66,0.27,,,,,,1.39
2012-08-08,15.32,1.68,0.29,,,,,,1.39
2012-08-09,15.28,1.69,0.29,,,,,,1.4
2012-08-10,14.74,1.65,0.27,,,,,,1.38
2012-08-13,13.7,1.65,0.27,,,,,,1.38
2012-08-14,14.85,1.73,0.27,,,,,,1.46
2012-08-15,14.63,1.8,0.27,,,,,,1.53
2012-08-16,14.29,1.83,0.29,,,,,,1.54
2012-08-17,13.45,1.81,0.29,,,,,,1.52
2012-08-20,14.02,1.82,0.29,,,,,,1.53
2012-08-21,15.02,1.8,0.31,,,,,,1.49
2012-08-22,15.11,1.71,0.26,,,,,,1.45
2012-08-23,15.96,1.68,0.26,,,,,,1.42
2012-08-24,15.18,1.68,0.28,,,,,,1.4
2012-08-27,16.35,1.65,0.28,,,,,,1.3699999999999999
2012-08-28,16.49,1.64,0.27,,,,,,1.3699999999999999
2012-08-29,17.06,1.66,0.27,,,,,,1.39
2012-08-30,17.83,1.63,0.27,,,,,,1.3599999999999999
2012-08-31,17.47,1.57,0.22,,,,,,1.35
2012-09-01,,,,0.14,231.015,0.019497168982819613,7.8,0.0,
2012-09-03,,,,,,,,,
2012-09-04,17.98,1.59,0.23,,,,,,1.36
2012-09-05,17.74,1.6,0.25,,,,,,1.35
2012-09-06,15.6,1.68,0.27,,,,,,1.41
2012-09-07,14.38,1.67,0.25,,,,,,1.42
2012-09-10,16.28,1.68,0.25,,,,,,1.43
2012-09-11,16.41,1.7,0.25,,,,,,1.45
2012-09-12,15.8,1.77,0.25,,,,,,1.52
2012-09-13,14.05,1.75,0.24,,,,,,1.51
2012-09-14,14.51,1.88,0.27,,,,,,1.6099999999999999
2012-09-17,14.59,1.85,0.25,,,,,,1.6
2012-09-18,14.18,1.82,0.25,,,,,,1.57
2012-09-19,13.88,1.79,0.27,,,,,,1.52
2012-09-20,14.07,1.8,0.27,,,,,,1.53
2012-09-21,13.98,1.77,0.27,,,,,,1.5
2012-09-24,14.15,1.74,0.27,,,,,,1.47
2012-09-25,15.43,1.7,0.27,,,,,,1.43
2012-09-26,16.81,1.64,0.26,,,,,,1.38
2012-09-27,14.84,1.66,0.25,,,,,,1.41
2012-09-28,15.73,1.65,0.23,,,,,,1.42
2012-10-01,16.32,1.64,0.25,0.16,231.638,0.021556780595369363,7.8,0.0,1.39
2012-10-02,15.71,1.64,0.23,,,,,,1.41
2012-10-03,15.43,1.64,0.23,,,,,,1.41
2012-10-04,14.55,1.7,0.23,,,,,,1.47
2012-10-05,14.33,1.75,0.27,,,,,,1.48
2012-10-08,15.11,,,,,,,,
2012-10-09,16.37,1.74,0.25,,,,,,1.49
2012-10-10,16.29,1.72,0.27,,,,,,1.45
2012-10-11,15.59,1.7,0.28,,,,,,1.42
2012-10-12,16.14,1.69,0.27,,,,,,1.42
2012-10-15,15.27,1.7,0.27,,,,,,1.43
2012-10-16,15.22,1.75,0.27,,,,,,1.48
2012-10-17,15.07,1.83,0.3,,,,,,1.53
2012-10-18,15.03,1.86,0.29,,,,,,1.57
2012-10-19,17.06,1.79,0.3,,,,,,1.49
2012-10-22,16.62,1.83,0.32,,,,,,1.51
2012-10-23,18.83,1.79,0.29,,,,,,1.5
2012-10-24,18.33,1.8,0.29,,,,,,1.51
2012-10-25,18.12,1.86,0.31,,,,,,1.55
2012-10-26,17.81,1.78,0.3,,,,,,1.48
2012-10-29,,1.74,0.3,,,,,,1.44
2012-10-30,,,,,,,,,
2012-10-31,18.6,1.72,0.3,,,,,,1.42
2012-11-01,16.69,1.75,0.3,0.16,231.249,0.017960197033926262,7.7,0.0,1.45
2012-11-02,17.59,1.75,0.28,,,,,,1.47
2012-11-05,18.42,1.72,0.28,,,,,,1.44
2012-11-06,17.58,1.78,0.3,,,,,,1.48
2012-11-07,19.08,1.68,0.27,,,,,,1.41
2012-11-08,18.49,1.62,0.27,,,,,,1.35
2012-11-09,18.61,1.61,0.27,,,,,,1.34
2012-11-12,16.68,,,,,,,,
2012-11-13,16.65,1.59,0.27,,,,,,1.32
2012-11-14,17.92,1.59,0.25,,,,,,1.34
2012-11-15,17.99,1.58,0.24,,,,,,1.34
2012-11-16,16.41,1.58,0.24,,,,,,1.34
2012-11-19,15.24,1.61,0.25,,,,,,1.36
2012-11-20,15.08,1.66,0.27,,,,,,1.39
2012-11-21,15.31,1.69,0.27,,,,,,1.42
2012-11-22,,,,,,,,,
2012-11-23,15.14,1.7,0.29,,,,,,1.41
2012-11-26,15.5,1.66,0.27,,,,,,1.39
2012-11-27,15.92,1.64,0.27,,,,,,1.3699999999999999
2012-11-28,15.51,1.63,0.27,,,,,,1.3599999999999999
2012-11-29,15.06,1.62,0.25,,,,,,1.37
2012-11-30,15.87,1.62,0.25,,,,,,1.37
2012-12-01,,,,0.16,231.221,0.017595049796895523,7.9,0.0,
2012-12-03,16.64,1.63,0.25,,,,,,1.38
2012-12-04,17.12,1.62,0.25,,,,,,1.37
2012-12-05,16.46,1.6,0.25,,,,,,1.35
2012-12-06,16.58,1.59,0.25,,,,,,1.34
2012-12-07,15.9,1.64,0.25,,,,,,1.39
2012-12-10,16.05,1.63,0.24,,,,,,1.39
2012-12-11,15.57,1.66,0.24,,,,,,1.42
2012-12-12,15.95,1.72,0.25,,,,,,1.47
2012-12-13,16.56,1.74,0.27,,,,,,1.47
2012-12-14,17.0,1.72,0.24,,,,,,1.48
2012-12-17,16.34,1.78,0.25,,,,,,1.53
2012-12-18,15.57,1.84,0.28,,,,,,1.56
2012-12-19,17.36,1.82,0.28,,,,,,1.54
2012-12-20,17.67,1.81,0.28,,,,,,1.53
2012-12-21,17.84,1.77,0.26,,,,,,1.51
2012-12-24,17.84,1.79,0.26,,,,,,1.53
2012-12-25,,,,,,,,,
2012-12-26,19.48,1.77,0.26,,,,,,1.51
2012-12-27,19.47,1.74,0.26,,,,,,1.48
2012-12-28,22.72,1.73,0.27,,,,,,1.46
2012-12-31,18.02,1.78,0.25,,,,,,1.53
2013-01-01,,,,0.14,231.679,0.01684061762098299,8.0,0.0,
2013-01-02,14.68,1.86,0.27,,,,,,1.59
2013-01-03,14.56,1.92,0.27,,,,,,1.65
2013-01-04,13.83,1.93,0.27,,,,,,1.66
2013-01-07,13.79,1.92,0.27,,,,,,1.65
2013-01-08,13.62,1.89,0.25,,,,,,1.64
2013-01-09,13.81,1.88,0.24,,,,,,1.64
2013-01-10,13.49,1.91,0.26,,,,,,1.65
2013-01-11,13.36,1.89,0.26,,,,,,1.63
2013-01-14,13.52,1.89,0.26,,,,,,1.63
2013-01-15,13.55,1.86,0.26,,,,,,1.6
2013-01-16,13.42,1.84,0.26,,,,,,1.58
2013-01-17,13.57,1.89,0.28,,,,,,1.6099999999999999
2013-01-18,12.46,1.87,0.26,,,,,,1.61
2013-01-21,,,,,,,,,
2013-01-22,12.43,1.86,0.26,,,,,,1.6
2013-01-23,12.46,1.86,0.26,,,,,,1.6
2013-01-24,12.69,1.88,0.23,,,,,,1.65
2013-01-25,12.89,1.98,0.28,,,,,,1.7
2013-01-28,13.57,2.0,0.29,,,,,,1.71
2013-01-29,13.31,2.03,0.3,,,,,,1.7299999999999998
2013-01-30,14.32,2.03,0.27,,,,,,1.7599999999999998
2013-01-31,14.28,2.02,0.27,,,,,,1.75
2013-02-01,12.9,2.04,0.27,0.15,232.937,0.020181404902574807,7.7,0.0,1.77
2013-02-04,14.67,2.0,0.25,,,,,,1.75
2013-02-05,13.72,2.04,0.27,,,,,,1.77
2013-02-06,13.41,2.0,0.27,,,,,,1.73
2013-02-07,13.5,1.99,0.25,,,,,,1.74
2013-02-08,13.02,1.99,0.25,,,,,,1.74
2013-02-11,12.94,1.99,0.27,,,,,,1.72
2013-02-12,12.64,2.02,0.29,,,,,,1.73
2013-02-13,12.98,2.05,0.29,,,,,,1.7599999999999998
2013-02-14,12.66,2.0,0.27,,,,,,1.73
2013-02-15,12.46,2.01,0.29,,,,,,1.7199999999999998
2013-02-18,,,,,,,,,
2013-02-19,12.31,2.03,0.29,,,,,,1.7399999999999998
2013-02-20,14.68,2.02,0.27,,,,,,1.75
2013-02-21,15.22,1.99,0.26,,,,,,1.73
2013-02-22,14.17,1.97,0.27,,,,,,1.7
2013-02-25,18.99,1.88,0.25,,,,,,1.63
2013-02-26,16.87,1.88,0.25,,,,,,1.63
2013-02-27,14.73,1.91,0.27,,,,,,1.64
2013-02-28,15.51,1.89,0.25,,,,,,1.64
2013-03-01,15.36,1.86,0.25,0.14,232.282,0.015187472411246183,7.5,0.0,1.61
2013-03-04,14.01,1.88,0.24,,,,,,1.64
2013-03-05,13.48,1.9,0.25,,,,,,1.65
2013-03-06,13.53,1.95,0.25,,,,,,1.7
2013-03-07,13.06,2.0,0.25,,,,,,1.75
2013-03-08,12.59,2.06,0.27,,,,,,1.79
2013-03-11,11.56,2.07,0.27,,,,,,1.7999999999999998
2013-03-12,12.27,2.03,0.27,,,,,,1.7599999999999998
2013-03-13,11.83,2.04,0.27,,,,,,1.77
2013-03-14,11.3,2.04,0.27,,,,,,1.77
2013-03-15,11.3,2.01,0.25,,,,,,1.7599999999999998
2013-03-18,13.36,1.96,0.26,,,,,,1.7
2013-03-19,14.39,1.92,0.24,,,,,,1.68
2013-03-20,12.67,1.96,0.26,,,,,,1.7
2013-03-21,13.99,1.95,0.27,,,,,,1.68
2013-03-22,13.57,1.93,0.26,,,,,,1.67
2013-03-25,13.74,1.93,0.24,,,,,,1.69
2013-03-26,12.77,1.92,0.25,,,,,,1.67
2013-03-27,13.15,1.87,0.25,,,,,,1.62
2013-03-28,12.7,1.87,0.25,,,,,,1.62
2013-03-29,,,,,,,,,
2013-04-01,13.58,1.86,0.23,0.15,231.797,0.01138808047576867,7.6,0.0,1.6300000000000001
2013-04-02,12.78,1.88,0.25,,,,,,1.63
2013-04-03,14.21,1.83,0.24,,,,,,1.59
2013-04-04,13.89,1.78,0.22,,,,,,1.56
2013-04-05,13.92,1.72,0.24,,,,,,1.48
2013-04-08,13.19,1.76,0.24,,,,,,1.52
2013-04-09,12.84,1.78,0.24,,,,,,1.54
2013-04-10,12.36,1.84,0.24,,,,,,1.6
2013-04-11,12.24,1.82,0.24,,,,,,1.58
2013-04-12,12.06,1.75,0.22,,,,,,1.53
2013-04-15,17.27,1.72,0.22,,,,,,1.5
2013-04-16,13.96,1.75,0.24,,,,,,1.51
2013-04-17,16.51,1.73,0.24,,,,,,1.49
2013-04-18,17.56,1.72,0.24,,,,,,1.48
2013-04-19,14.97,1.73,0.24,,,,,,1.49
2013-04-22,14.39,1.72,0.24,,,,,,1.48
2013-04-23,13.48,1.74,0.23,,,,,,1.51
2013-04-24,13.61,1.73,0.23,,,,,,1.5
2013-04-25,13.62,1.74,0.23,,,,,,1.51
2013-04-26,13.61,1.7,0.22,,,,,,1.48
2013-04-29,13.71,1.7,0.2,,,,,,1.5
2013-04-30,13.52,1.7,0.22,,,,,,1.48
2013-05-01,14.49,1.66,0.2,0.11,231.893,0.013903888279197085,7.5,0.0,1.46
2013-05-02,13.59,1.66,0.2,,,,,,1.46
2013-05-03,12.85,1.78,0.22,,,,,,1.56
2013-05-06,12.66,1.8,0.22,,,,,,1.58
2013-05-07,12.83,1.82,0.22,,,,,,1.6
2013-05-08,12.66,1.81,0.22,,,,,,1.59
2013-05-09,13.13,1.81,0.22,,,,,,1.59
2013-05-10,12.59,1.9,0.26,,,,,,1.64
2013-05-13,12.55,1.92,0.24,,,,,,1.68
2013-05-14,12.77,1.96,0.26,,,,,,1.7
2013-05-15,12.81,1.94,0.26,,,,,,1.68
2013-05-16,13.07,1.87,0.23,,,,,,1.6400000000000001
2013-05-17,12.45,1.95,0.26,,,,,,1.69
2013-05-20,13.02,1.97,0.26,,,,,,1.71
2013-05-21,13.37,1.94,0.26,,,,,,1.68
2013-05-22,13.82,2.03,0.26,,,,,,1.7699999999999998
2013-05-23,14.07,2.02,0.26,,,,,,1.76
2013-05-24,13.99,2.01,0.26,,,,,,1.7499999999999998
2013-05-27,,,,,,,,,
2013-05-28,14.48,2.15,0.29,,,,,,1.8599999999999999
2013-05-29,14.83,2.13,0.3,,,,,,1.8299999999999998
2013-05-30,14.53,2.13,0.31,,,,,,1.8199999999999998
2013-05-31,16.3,2.16,0.3,,,,,,1.86
2013-06-01,,,,0.09,232.445,0.017157935271568725,7.5,0.0,
2013-06-03,16.28,2.13,0.3,,,,,,1.8299999999999998
2013-06-04,16.27,2.14,0.32,,,,,,1.82
2013-06-05,17.5,2.1,0.3,,,,,,1.8
2013-06-06,16.63,2.08,0.3,,,,,,1.78
2013-06-07,15.14,2.17,0.32,,,,,,1.8499999999999999
2013-06-10,15.44,2.22,0.32,,,,,,1.9000000000000001
2013-06-11,17.07,2.2,0.34,,,,,,1.86
2013-06-12,18.59,2.25,0.34,,,,,,1.91
2013-06-13,16.41,2.19,0.32,,,,,,1.8699999999999999
2013-06-14,17.15,2.14,0.29,,,,,,1.85
2013-06-17,16.8,2.19,0.27,,,,,,1.92
2013-06-18,16.61,2.2,0.27,,,,,,1.9300000000000002
2013-06-19,16.64,2.33,0.31,,,,,,2.02
2013-06-20,20.49,2.41,0.33,,,,,,2.08
2013-06-21,18.9,2.52,0.38,,,,,,2.14
2013-06-24,20.11,2.57,0.42,,,,,,2.15
2013-06-25,18.47,2.6,0.43,,,,,,2.17
2013-06-26,17.21,2.55,0.39,,,,,,2.1599999999999997
2013-06-27,16.86,2.49,0.36,,,,,,2.1300000000000003
2013-06-28,16.86,2.52,0.36,,,,,,2.16
2013-07-01,16.37,2.5,0.34,0.09,232.9,0.01885471805415806,7.3,0.0,2.16
2013-07-02,16.44,2.48,0.34,,,,,,2.14
2013-07-03,16.2,2.52,0.36,,,,,,2.16
2013-07-04,,,,,,,,,
2013-07-05,14.89,2.73,0.4,,,,,,2.33
2013-07-08,14.78,2.65,0.37,,,,,,2.28
2013-07-09,14.35,2.65,0.37,,,,,,2.28
2013-07-10,14.21,2.7,0.38,,,,,,2.3200000000000003
2013-07-11,14.01,2.6,0.34,,,,,,2.2600000000000002
2013-07-12,13.84,2.61,0.37,,,,,,2.2399999999999998
2013-07-15,13.79,2.57,0.34,,,,,,2.23
2013-07-16,14.42,2.55,0.34,,,,,,2.21
2013-07-17,13.78,2.52,0.32,,,,,,2.2
2013-07-18,13.77,2.56,0.32,,,,,,2.24
2013-07-19,12.54,2.5,0.32,,,,,,2.18
2013-07-22,12.29,2.5,0.32,,,,,,2.18
2013-07-23,12.66,2.53,0.33,,,,,,2.1999999999999997
2013-07-24,13.18,2.61,0.34,,,,,,2.27
2013-07-25,12.97,2.61,0.32,,,,,,2.29
2013-07-26,12.72,2.58,0.31,,,,,,2.27
2013-07-29,13.39,2.61,0.33,,,,,,2.28
2013-07-30,13.39,2.63,0.33,,,,,,2.3
2013-07-31,13.45,2.6,0.31,,,,,,2.29
2013-08-01,12.94,2.74,0.35,0.08,233.456,0.01538809488600279,7.2,0.0,2.39
2013-08-02,11.98,2.63,0.3,,,,,,2.33
2013-08-05,11.84,2.67,0.32,,,,,,2.35
2013-08-06,12.72,2.67,0.32,,,,,,2.35
2013-08-07,12.98,2.61,0.32,,,,,,2.29
2013-08-08,12.73,2.58,0.3,,,,,,2.2800000000000002
2013-08-09,13.41,2.57,0.32,,,,,,2.25
2013-08-12,12.81,2.61,0.32,,,,,,2.29
2013-08-13,12.31,2.71,0.34,,,,,,2.37
2013-08-14,13.04,2.71,0.34,,,,,,2.37
2013-08-15,14.73,2.77,0.36,,,,,,2.41
2013-08-16,14.37,2.84,0.36,,,,,,2.48
2013-08-19,15.1,2.88,0.36,,,,,,2.52
2013-08-20,14.91,2.82,0.36,,,,,,2.46
2013-08-21,15.94,2.87,0.38,,,,,,2.49
2013-08-22,14.76,2.9,0.42,,,,,,2.48
2013-08-23,13.98,2.82,0.4,,,,,,2.42
2013-08-26,14.99,2.79,0.41,,,,,,2.38
2013-08-27,16.77,2.72,0.38,,,,,,2.3400000000000003
2013-08-28,16.49,2.78,0.4,,,,,,2.38
2013-08-29,16.81,2.75,0.39,,,,,,2.36
2013-08-30,17.01,2.78,0.39,,,,,,2.3899999999999997
2013-09-01,,,,0.08,233.544,0.010947341081747997,7.2,0.0,
2013-09-02,,,,,,,,,
2013-09-03,16.61,2.86,0.43,,,,,,2.4299999999999997
2013-09-04,15.88,2.9,0.46,,,,,,2.44
2013-09-05,15.77,2.98,0.52,,,,,,2.46
2013-09-06,15.85,2.94,0.46,,,,,,2.48
2013-09-09,15.63,2.9,0.45,,,,,,2.4499999999999997
2013-09-10,14.53,2.96,0.5,,,,,,2.46
2013-09-11,13.82,2.93,0.47,,,,,,2.46
2013-09-12,14.29,2.92,0.45,,,,,,2.4699999999999998
2013-09-13,14.16,2.9,0.45,,,,,,2.4499999999999997
2013-09-16,14.38,2.88,0.41,,,,,,2.4699999999999998
2013-09-17,14.53,2.86,0.39,,,,,,2.4699999999999998
2013-09-18,13.59,2.69,0.34,,,,,,2.35
2013-09-19,13.16,2.76,0.34,,,,,,2.42
2013-09-20,13.12,2.75,0.34,,,,,,2.41
2013-09-23,14.31,2.72,0.35,,,,,,2.37
2013-09-24,14.08,2.67,0.35,,,,,,2.32
2013-09-25,14.01,2.63,0.36,,,,,,2.27
2013-09-26,14.06,2.66,0.34,,,,,,2.3200000000000003
2013-09-27,15.46,2.64,0.34,,,,,,2.3000000000000003
2013-09-30,16.6,2.64,0.33,,,,,,2.31
2013-10-01,15.54,2.66,0.33,0.09,233.669,0.00876799143491147,7.2,0.0,2.33
2013-10-02,16.6,2.63,0.31,,,,,,2.32
2013-10-03,17.67,2.62,0.33,,,,,,2.29
2013-10-04,16.74,2.66,0.33,,,,,,2.33
2013-10-07,19.41,2.65,0.37,,,,,,2.28
2013-10-08,20.34,2.66,0.4,,,,,,2.2600000000000002
2013-10-09,19.6,2.68,0.37,,,,,,2.31
2013-10-10,16.48,2.71,0.35,,,,,,2.36
2013-10-11,15.72,2.7,0.35,,,,,,2.35
2013-10-14,16.07,,,,,,,,
2013-10-15,18.66,2.75,0.37,,,,,,2.38
2013-10-16,14.71,2.69,0.34,,,,,,2.35
2013-10-17,13.48,2.61,0.33,,,,,,2.28
2013-10-18,13.04,2.6,0.33,,,,,,2.27
2013-10-21,13.16,2.63,0.33,,,,,,2.3
2013-10-22,13.33,2.54,0.31,,,,,,2.23
2013-10-23,13.42,2.51,0.31,,,,,,2.1999999999999997
2013-10-24,13.2,2.53,0.33,,,,,,2.1999999999999997
2013-10-25,13.09,2.53,0.32,,,,,,2.21
2013-10-28,13.31,2.54,0.32,,,,,,2.22
2013-10-29,13.41,2.53,0.31,,,,,,2.2199999999999998
2013-10-30,13.65,2.55,0.33,,,,,,2.2199999999999998
2013-10-31,13.75,2.57,0.31,,,,,,2.26
2013-11-01,13.28,2.65,0.33,0.08,234.1,0.012328701961954458,6.9,0.0,2.32
2013-11-04,12.93,2.63,0.32,,,,,,2.31
2013-11-05,13.27,2.69,0.32,,,,,,2.37
2013-11-06,12.67,2.67,0.3,,,,,,2.37
2013-11-07,13.91,2.63,0.29,,,,,,2.34
2013-11-08,12.9,2.77,0.32,,,,,,2.45
2013-11-11,12.53,,,,,,,,
2013-11-12,12.82,2.8,0.34,,,,,,2.46
2013-11-13,12.52,2.75,0.32,,,,,,2.43
2013-11-14,12.37,2.69,0.29,,,,,,2.4
2013-11-15,12.19,2.71,0.31,,,,,,2.4
2013-11-18,13.1,2.67,0.31,,,,,,2.36
2013-11-19,13.39,2.71,0.29,,,,,,2.42
2013-11-20,13.4,2.8,0.28,,,,,,2.5199999999999996
2013-11-21,12.66,2.79,0.29,,,,,,2.5
2013-11-22,12.26,2.75,0.31,,,,,,2.44
2013-11-25,12.79,2.74,0.3,,,,,,2.4400000000000004
2013-11-26,12.81,2.71,0.29,,,,,,2.42
2013-11-27,12.98,2.74,0.28,,,,,,2.46
2013-11-28,,,,,,,,,
2013-11-29,13.7,2.75,0.28,,,,,,2.4699999999999998
2013-12-01,,,,0.09,234.719,0.015128383667573297,6.7,0.0,
2013-12-02,14.23,2.81,0.3,,,,,,2.5100000000000002
2013-12-03,14.55,2.79,0.28,,,,,,2.51
2013-12-04,14.7,2.84,0.3,,,,,,2.54
2013-12-05,15.08,2.88,0.3,,,,,,2.58
2013-12-06,13.79,2.88,0.3,,,,,,2.58
2013-12-09,13.49,2.86,0.3,,,,,,2.56
2013-12-10,13.91,2.81,0.3,,,,,,2.5100000000000002
2013-12-11,15.42,2.86,0.31,,,,,,2.55
2013-12-12,15.54,2.89,0.34,,,,,,2.5500000000000003
2013-12-13,15.76,2.88,0.34,,,,,,2.54
2013-12-16,16.03,2.89,0.34,,,,,,2.5500000000000003
2013-12-17,16.21,2.85,0.34,,,,,,2.5100000000000002
2013-12-18,13.8,2.89,0.32,,,,,,2.5700000000000003
2013-12-19,14.15,2.94,0.35,,,,,,2.59
2013-12-20,13.79,2.89,0.37,,,,,,2.52
2013-12-23,13.04,2.94,0.38,,,,,,2.56
2013-12-24,12.48,2.99,0.38,,,,,,2.6100000000000003
2013-12-25,,,,,,,,,
2013-12-26,12.33,3.0,0.42,,,,,,2.58
2013-12-27,12.46,3.02,0.4,,,,,,2.62
2013-12-30,13.56,2.99,0.39,,,,,,2.6
2013-12-31,13.72,3.04,0.38,,,,,,2.66
2014-01-01,,,,0.07,235.288,0.01557758795574915,6.6,0.0,
2014-01-02,14.23,3.0,0.39,,,,,,2.61
2014-01-03,13.76,3.01,0.41,,,,,,2.5999999999999996
2014-01-06,13.55,2.98,0.4,,,,,,2.58
2014-01-07,12.92,2.96,0.4,,,,,,2.56
2014-01-08,12.87,3.01,0.43,,,,,,2.5799999999999996
2014-01-09,12.89,2.97,0.44,,,,,,2.5300000000000002
2014-01-10,12.14,2.88,0.39,,,,,,2.4899999999999998
2014-01-13,13.28,2.84,0.39,,,,,,2.4499999999999997
2014-01-14,12.28,2.88,0.39,,,,,,2.4899999999999998
2014-01-15,12.28,2.9,0.41,,,,,,2.4899999999999998
2014-01-16,12.53,2.86,0.41,,,,,,2.4499999999999997
2014-01-17,12.44,2.84,0.4,,,,,,2.44
2014-01-20,,,,,,,,,
2014-01-21,12.87,2.85,0.4,,,,,,2.45
2014-01-22,12.84,2.87,0.44,,,,,,2.43
2014-01-23,13.77,2.79,0.39,,,,,,2.4
2014-01-24,18.14,2.75,0.37,,,,,,2.38
2014-01-27,17.42,2.78,0.37,,,,,,2.4099999999999997
2014-01-28,15.8,2.77,0.38,,,,,,2.39
2014-01-29,17.35,2.69,0.36,,,,,,2.33
2014-01-30,17.29,2.72,0.36,,,,,,2.3600000000000003
2014-01-31,18.41,2.67,0.34,,,,,,2.33
2014-02-01,,,,0.07,235.547,0.011204746347724948,6.7,0.0,
2014-02-03,21.44,2.61,0.3,,,,,,2.31
2014-02-04,19.11,2.64,0.31,,,,,,2.33
2014-02-05,19.95,2.7,0.32,,,,,,2.3800000000000003
2014-02-06,17.23,2.73,0.33,,,,,,2.4
2014-02-07,15.29,2.71,0.3,,,,,,2.41
2014-02-10,15.26,2.7,0.32,,,,,,2.3800000000000003
2014-02-11,14.51,2.75,0.35,,,,,,2.4
2014-02-12,14.3,2.8,0.35,,,,,,2.4499999999999997
2014-02-13,14.14,2.73,0.32,,,,,,2.41
2014-02-14,13.57,2.75,0.32,,,,,,2.43
2014-02-17,,,,,,,,,
2014-02-18,13.87,2.71,0.31,,,,,,2.4
2014-02-19,15.5,2.73,0.33,,,,,,2.4
2014-02-20,14.79,2.76,0.34,,,,,,2.42
2014-02-21,14.68,2.73,0.33,,,,,,2.4
2014-02-24,14.23,2.75,0.35,,,,,,2.4
2014-02-25,13.67,2.7,0.34,,,,,,2.3600000000000003
2014-02-26,14.35,2.67,0.33,,,,,,2.34
2014-02-27,14.04,2.65,0.33,,,,,,2.32
2014-02-28,14.0,2.66,0.33,,,,,,2.33
2014-03-01,,,,0.08,236.028,0.016126949139408042,6.7,0.0,
2014-03-03,16.0,2.6,0.32,,,,,,2.2800000000000002
2014-03-04,14.1,2.7,0.33,,,,,,2.37
2014-03-05,13.89,2.7,0.33,,,,,,2.37
2014-03-06,14.21,2.74,0.37,,,,,,2.37
2014-03-07,14.11,2.8,0.38,,,,,,2.42
2014-03-10,14.2,2.79,0.37,,,,,,2.42
2014-03-11,14.8,2.77,0.37,,,,,,2.4
2014-03-12,14.47,2.73,0.37,,,,,,2.36
2014-03-13,16.22,2.66,0.34,,,,,,2.3200000000000003
2014-03-14,17.82,2.65,0.36,,,,,,2.29
2014-03-17,15.64,2.7,0.38,,,,,,2.3200000000000003
2014-03-18,14.52,2.68,0.36,,,,,,2.3200000000000003
2014-03-19,15.12,2.78,0.47,,,,,,2.3099999999999996
2014-03-20,14.52,2.79,0.45,,,,,,2.34
2014-03-21,15.0,2.75,0.45,,,,,,2.3
2014-03-24,15.09,2.74,0.47,,,,,,2.2700000000000005
2014-03-25,14.02,2.75,0.47,,,,,,2.2800000000000002
2014-03-26,14.93,2.71,0.45,,,,,,2.26
2014-03-27,14.62,2.69,0.45,,,,,,2.2399999999999998
2014-03-28,14.41,2.73,0.45,,,,,,2.28
2014-03-31,13.88,2.73,0.44,,,,,,2.29
2014-04-01,13.1,2.77,0.44,0.09,236.468,0.02015125303606169,6.2,0.0,2.33
2014-04-02,13.09,2.82,0.47,,,,,,2.3499999999999996
2014-04-03,13.37,2.8,0.46,,,,,,2.34
2014-04-04,13.96,2.74,0.43,,,,,,2.31
2014-04-07,15.57,2.71,0.41,,,,,,2.3
2014-04-08,14.89,2.69,0.4,,,,,,2.29
2014-04-09,13.82,2.71,0.37,,,,,,2.34
2014-04-10,15.89,2.65,0.37,,,,,,2.28
2014-04-11,17.03,2.63,0.37,,,,,,2.26
2014-04-14,16.11,2.65,0.37,,,,,,2.28
2014-04-15,15.61,2.64,0.39,,,,,,2.25
2014-04-16,14.18,2.65,0.39,,,,,,2.26
2014-04-17,13.36,2.73,0.43,,,,,,2.3
2014-04-18,,,,,,,,,
2014-04-21,13.25,2.73,0.42,,,,,,2.31
2014-04-22,13.19,2.73,0.45,,,,,,2.28
2014-04-23,13.27,2.7,0.43,,,,,,2.27
2014-04-24,13.32,2.7,0.43,,,,,,2.27
2014-04-25,14.06,2.68,0.43,,,,,,2.25
2014-04-28,13.97,2.7,0.44,,,,,,2.2600000000000002
2014-04-29,13.71,2.71,0.44,,,,,,2.27
2014-04-30,13.41,2.67,0.42,,,,,,2.25
2014-05-01,13.25,2.63,0.41,0.09,236.918,0.02166947687079812,6.3,0.0,2.2199999999999998
2014-05-02,12.91,2.6,0.42,,,,,,2.18
2014-05-05,13.29,2.63,0.43,,,,,,2.1999999999999997
2014-05-06,13.8,2.61,0.43,,,,,,2.1799999999999997
2014-05-07,13.4,2.62,0.41,,,,,,2.21
2014-05-08,13.43,2.61,0.4,,,,,,2.21
2014-05-09,12.92,2.62,0.4,,,,,,2.22
2014-05-12,12.23,2.66,0.41,,,,,,2.25
2014-05-13,12.13,2.61,0.39,,,,,,2.2199999999999998
2014-05-14,12.17,2.54,0.39,,,,,,2.15
2014-05-15,13.17,2.5,0.38,,,,,,2.12
2014-05-16,12.44,2.52,0.38,,,,,,2.14
2014-05-19,12.42,2.54,0.36,,,,,,2.18
2014-05-20,12.96,2.52,0.35,,,,,,2.17
2014-05-21,11.91,2.54,0.37,,,,,,2.17
2014-05-22,12.03,2.56,0.37,,,,,,2.19
2014-05-23,11.36,2.54,0.37,,,,,,2.17
2014-05-26,,,,,,,,,
2014-05-27,11.51,2.52,0.39,,,,,,2.13
2014-05-28,11.68,2.44,0.37,,,,,,2.07
2014-05-29,11.57,2.45,0.37,,,,,,2.08
2014-05-30,11.4,2.48,0.37,,,,,,2.11
2014-06-01,,,,0.1,237.231,0.020589816945944195,6.1,0.0,
2014-06-02,11.58,2.54,0.39,,,,,,2.15
2014-06-03,11.87,2.6,0.41,,,,,,2.19
2014-06-04,12.08,2.61,0.41,,,,,,2.1999999999999997
2014-06-05,11.68,2.59,0.4,,,,,,2.19
2014-06-06,10.73,2.6,0.41,,,,,,2.19
2014-06-09,11.15,2.62,0.43,,,,,,2.19
2014-06-10,10.99,2.64,0.45,,,,,,2.19
2014-06-11,11.6,2.65,0.44,,,,,,2.21
2014-06-12,12.56,2.58,0.42,,,,,,2.16
2014-06-13,12.18,2.6,0.45,,,,,,2.15
2014-06-16,12.65,2.61,0.49,,,,,,2.12
2014-06-17,12.06,2.66,0.51,,,,,,2.1500000000000004
2014-06-18,10.61,2.61,0.48,,,,,,2.13
2014-06-19,10.62,2.64,0.48,,,,,,2.16
2014-06-20,10.85,2.63,0.5,,,,,,2.13
2014-06-23,10.98,2.63,0.48,,,,,,2.15
2014-06-24,12.13,2.59,0.49,,,,,,2.0999999999999996
2014-06-25,11.59,2.57,0.48,,,,,,2.09
2014-06-26,11.63,2.53,0.46,,,,,,2.07
2014-06-27,11.26,2.54,0.45,,,,,,2.09
2014-06-30,11.57,2.53,0.47,,,,,,2.0599999999999996
2014-07-01,11.15,2.58,0.47,0.09,237.498,0.019742378703305974,6.2,0.0,2.1100000000000003
2014-07-02,10.82,2.64,0.49,,,,,,2.1500000000000004
2014-07-03,10.32,2.65,0.52,,,,,,2.13
2014-07-04,,,,,,,,,
2014-07-07,11.33,2.63,0.52,,,,,,2.11
2014-07-08,11.98,2.58,0.51,,,,,,2.0700000000000003
2014-07-09,11.65,2.57,0.51,,,,,,2.0599999999999996
2014-07-10,12.59,2.55,0.46,,,,,,2.09
2014-07-11,12.08,2.53,0.48,,,,,,2.05
2014-07-14,11.82,2.55,0.48,,,,,,2.07
2014-07-15,11.96,2.56,0.49,,,,,,2.0700000000000003
2014-07-16,11.0,2.55,0.5,,,,,,2.05
2014-07-17,14.54,2.47,0.47,,,,,,2.0
2014-07-18,12.06,2.5,0.51,,,,,,1.99
2014-07-21,12.81,2.49,0.51,,,,,,1.9800000000000002
2014-07-22,12.24,2.48,0.49,,,,,,1.99
2014-07-23,11.52,2.48,0.5,,,,,,1.98
2014-07-24,11.84,2.52,0.53,,,,,,1.99
2014-07-25,12.69,2.48,0.53,,,,,,1.95
2014-07-28,12.56,2.5,0.54,,,,,,1.96
2014-07-29,13.28,2.47,0.54,,,,,,1.9300000000000002
2014-07-30,13.33,2.57,0.56,,,,,,2.01
2014-07-31,16.95,2.58,0.53,,,,,,2.05
2014-08-01,17.03,2.52,0.47,0.09,237.46,0.017150983482969062,6.1,0.0,2.05
2014-08-04,15.12,2.51,0.47,,,,,,2.04
2014-08-05,16.87,2.49,0.47,,,,,,2.0200000000000005
2014-08-06,16.37,2.49,0.48,,,,,,2.0100000000000002
2014-08-07,16.66,2.43,0.44,,,,,,1.9900000000000002
2014-08-08,15.77,2.44,0.45,,,,,,1.99
2014-08-11,14.23,2.44,0.47,,,,,,1.97
2014-08-12,14.13,2.46,0.45,,,,,,2.01
2014-08-13,12.9,2.43,0.43,,,,,,2.0
2014-08-14,12.42,2.4,0.42,,,,,,1.98
2014-08-15,13.15,2.34,0.42,,,,,,1.92
2014-08-18,12.32,2.39,0.44,,,,,,1.9500000000000002
2014-08-19,12.21,2.4,0.46,,,,,,1.94
2014-08-20,11.78,2.43,0.49,,,,,,1.9400000000000002
2014-08-21,11.76,2.41,0.49,,,,,,1.9200000000000002
2014-08-22,11.47,2.4,0.53,,,,,,1.8699999999999999
2014-08-25,11.7,2.39,0.53,,,,,,1.86
2014-08-26,11.63,2.39,0.52,,,,,,1.87
2014-08-27,11.78,2.37,0.51,,,,,,1.86
2014-08-28,12.05,2.34,0.5,,,,,,1.8399999999999999
2014-08-29,11.98,2.35,0.48,,,,,,1.87
2014-09-01,,,,0.09,237.477,0.016840509711232077,5.9,0.0,
2014-09-02,12.25,2.42,0.53,,,,,,1.89
2014-09-03,12.36,2.41,0.52,,,,,,1.8900000000000001
2014-09-04,12.64,2.45,0.54,,,,,,1.9100000000000001
2014-09-05,12.09,2.46,0.52,,,,,,1.94
2014-09-08,12.66,2.48,0.54,,,,,,1.94
2014-09-09,13.5,2.5,0.56,,,,,,1.94
2014-09-10,12.88,2.54,0.58,,,,,,1.96
2014-09-11,12.8,2.54,0.58,,,,,,1.96
2014-09-12,13.31,2.62,0.58,,,,,,2.04
2014-09-15,14.12,2.6,0.58,,,,,,2.02
2014-09-16,12.73,2.6,0.55,,,,,,2.05
2014-09-17,12.65,2.62,0.59,,,,,,2.0300000000000002
2014-09-18,12.03,2.63,0.59,,,,,,2.04
2014-09-19,12.11,2.59,0.59,,,,,,2.0
2014-09-22,13.69,2.57,0.58,,,,,,1.9899999999999998
2014-09-23,14.93,2.54,0.57,,,,,,1.9700000000000002
2014-09-24,13.27,2.57,0.59,,,,,,1.98
2014-09-25,15.64,2.52,0.56,,,,,,1.96
2014-09-26,14.85,2.54,0.59,,,,,,1.9500000000000002
2014-09-29,15.98,2.5,0.58,,,,,,1.92
2014-09-30,16.31,2.52,0.58,,,,,,1.94
2014-10-01,16.71,2.42,0.53,0.09,237.43,0.016095417021513292,5.7,0.0,1.89
2014-10-02,16.16,2.44,0.53,,,,,,1.91
2014-10-03,14.55,2.45,0.57,,,,,,1.8800000000000003
2014-10-06,15.46,2.43,0.54,,,,,,1.8900000000000001
2014-10-07,17.2,2.36,0.52,,,,,,1.8399999999999999
2014-10-08,15.11,2.35,0.46,,,,,,1.8900000000000001
2014-10-09,18.76,2.34,0.46,,,,,,1.88
2014-10-10,21.24,2.31,0.45,,,,,,1.86
2014-10-13,24.64,,,,,,,,
2014-10-14,22.79,2.21,0.39,,,,,,1.8199999999999998
2014-10-15,26.25,2.15,0.34,,,,,,1.8099999999999998
2014-10-16,25.2,2.17,0.35,,,,,,1.8199999999999998
2014-10-17,21.99,2.22,0.39,,,,,,1.83
2014-10-20,18.57,2.2,0.37,,,,,,1.83
2014-10-21,16.08,2.23,0.38,,,,,,1.85
2014-10-22,17.87,2.25,0.41,,,,,,1.84
2014-10-23,16.53,2.29,0.41,,,,,,1.8800000000000001
2014-10-24,16.11,2.29,0.41,,,,,,1.8800000000000001
2014-10-27,16.04,2.27,0.41,,,,,,1.86
2014-10-28,14.39,2.3,0.42,,,,,,1.88
2014-10-29,15.15,2.34,0.48,,,,,,1.8599999999999999
2014-10-30,14.52,2.32,0.48,,,,,,1.8399999999999999
2014-10-31,14.03,2.35,0.5,,,,,,1.85
2014-11-01,,,,0.09,236.983,0.01231524989320798,5.8,0.0,
2014-11-03,14.73,2.36,0.52,,,,,,1.8399999999999999
2014-11-04,14.89,2.35,0.52,,,,,,1.83
2014-11-05,14.17,2.36,0.52,,,,,,1.8399999999999999
2014-11-06,13.67,2.39,0.54,,,,,,1.85
2014-11-07,13.12,2.32,0.51,,,,,,1.8099999999999998
2014-11-10,12.67,2.38,0.55,,,,,,1.8299999999999998
2014-11-11,12.92,,,,,,,,
2014-11-12,13.02,2.37,0.55,,,,,,1.82
2014-11-13,13.79,2.35,0.53,,,,,,1.82
2014-11-14,13.31,2.32,0.54,,,,,,1.7799999999999998
2014-11-17,13.99,2.34,0.54,,,,,,1.7999999999999998
2014-11-18,13.86,2.32,0.53,,,,,,1.7899999999999998
2014-11-19,13.96,2.36,0.54,,,,,,1.8199999999999998
2014-11-20,13.58,2.34,0.53,,,,,,1.8099999999999998
2014-11-21,12.9,2.31,0.53,,,,,,1.78
2014-11-24,12.62,2.3,0.53,,,,,,1.7699999999999998
2014-11-25,12.25,2.27,0.51,,,,,,1.76
2014-11-26,12.07,2.24,0.53,,,,,,1.7100000000000002
2014-11-27,,,,,,,,,
2014-11-28,13.33,2.18,0.47,,,,,,1.7100000000000002
2014-12-01,14.29,2.22,0.49,0.12,236.252,0.006531213919623191,5.6,0.0,1.7300000000000002
2014-12-02,12.85,2.28,0.55,,,,,,1.7299999999999998
2014-12-03,12.47,2.29,0.57,,,,,,1.7200000000000002
2014-12-04,12.38,2.25,0.55,,,,,,1.7
2014-12-05,11.82,2.31,0.65,,,,,,1.6600000000000001
2014-12-08,14.21,2.26,0.64,,,,,,1.6199999999999997
2014-12-09,14.89,2.22,0.64,,,,,,1.58
2014-12-10,18.53,2.18,0.59,,,,,,1.5900000000000003
2014-12-11,20.08,2.19,0.62,,,,,,1.5699999999999998
2014-12-12,21.08,2.1,0.56,,,,,,1.54
2014-12-15,20.42,2.12,0.6,,,,,,1.52
2014-12-16,23.57,2.07,0.58,,,,,,1.4899999999999998
2014-12-17,19.44,2.14,0.62,,,,,,1.52
2014-12-18,16.81,2.22,0.67,,,,,,1.5500000000000003
2014-12-19,16.49,2.17,0.67,,,,,,1.5
2014-12-22,15.25,2.17,0.71,,,,,,1.46
2014-12-23,14.8,2.26,0.73,,,,,,1.5299999999999998
2014-12-24,14.37,2.27,0.73,,,,,,1.54
2014-12-25,,,,,,,,,
2014-12-26,14.5,2.25,0.73,,,,,,1.52
2014-12-29,15.06,2.22,0.72,,,,,,1.5000000000000002
2014-12-30,15.92,2.2,0.69,,,,,,1.5100000000000002
2014-12-31,19.2,2.17,0.67,,,,,,1.5
2015-01-01,,,,0.11,234.747,-0.002299309782054282,5.7,0.0,
2015-01-02,17.79,2.12,0.66,,,,,,1.46
2015-01-05,19.92,2.04,0.68,,,,,,1.3599999999999999
2015-01-06,21.12,1.97,0.65,,,,,,1.3199999999999998
2015-01-07,19.31,1.96,0.62,,,,,,1.3399999999999999
2015-01-08,17.01,2.03,0.62,,,,,,1.4099999999999997
2015-01-09,17.55,1.98,0.59,,,,,,1.3900000000000001
2015-01-12,19.6,1.92,0.56,,,,,,1.3599999999999999
2015-01-13,20.56,1.91,0.54,,,,,,1.3699999999999999
2015-01-14,21.48,1.86,0.51,,,,,,1.35
2015-01-15,22.39,1.77,0.44,,,,,,1.33
2015-01-16,20.95,1.83,0.49,,,,,,1.34
2015-01-19,,,,,,,,,
2015-01-20,19.89,1.82,0.53,,,,,,1.29
2015-01-21,18.85,1.87,0.53,,,,,,1.34
2015-01-22,16.4,1.9,0.53,,,,,,1.3699999999999999
2015-01-23,16.66,1.81,0.52,,,,,,1.29
2015-01-26,15.52,1.83,0.54,,,,,,1.29
2015-01-27,17.22,1.83,0.54,,,,,,1.29
2015-01-28,20.44,1.73,0.5,,,,,,1.23
2015-01-29,18.76,1.77,0.51,,,,,,1.26
2015-01-30,20.97,1.68,0.47,,,,,,1.21
2015-02-01,,,,0.11,235.342,-0.0008703146293520536,5.5,0.0,
2015-02-02,19.43,1.68,0.49,,,,,,1.19
2015-02-03,17.33,1.79,0.52,,,,,,1.27
2015-02-04,18.33,1.81,0.52,,,,,,1.29
2015-02-05,16.85,1.83,0.52,,,,,,1.31
2015-02-06,17.29,1.95,0.65,,,,,,1.2999999999999998
2015-02-09,18.55,1.96,0.65,,,,,,1.31
2015-02-10,17.23,2.01,0.67,,,,,,1.3399999999999999
2015-02-11,16.96,2.0,0.67,,,,,,1.33
2015-02-12,15.34,1.99,0.61,,,,,,1.38
2015-02-13,14.69,2.02,0.66,,,,,,1.3599999999999999
2015-02-16,,,,,,,,,
2015-02-17,15.8,2.14,0.7,,,,,,1.4400000000000002
2015-02-18,15.45,2.07,0.62,,,,,,1.4499999999999997
2015-02-19,15.29,2.11,0.67,,,,,,1.44
2015-02-20,14.3,2.13,0.67,,,,,,1.46
2015-02-23,14.56,2.06,0.64,,,,,,1.42
2015-02-24,13.69,1.99,0.6,,,,,,1.3900000000000001
2015-02-25,13.84,1.96,0.61,,,,,,1.35
2015-02-26,13.91,2.03,0.66,,,,,,1.3699999999999997
2015-02-27,13.34,2.0,0.63,,,,,,1.37
2015-03-01,,,,0.11,235.976,-0.00022031284423873476,5.4,0.0,
2015-03-02,13.04,2.08,0.66,,,,,,1.42
2015-03-03,13.86,2.12,0.68,,,,,,1.44
2015-03-04,14.23,2.12,0.66,,,,,,1.46
2015-03-05,14.04,2.11,0.65,,,,,,1.46
2015-03-06,15.2,2.24,0.73,,,,,,1.5100000000000002
2015-03-09,15.06,2.2,0.7,,,,,,1.5000000000000002
2015-03-10,16.69,2.14,0.7,,,,,,1.4400000000000002
2015-03-11,16.87,2.11,0.7,,,,,,1.41
2015-03-12,15.42,2.1,0.67,,,,,,1.4300000000000002
2015-03-13,16.0,2.13,0.68,,,,,,1.4499999999999997
2015-03-16,15.61,2.1,0.66,,,,,,1.44
2015-03-17,15.66,2.06,0.7,,,,,,1.36
2015-03-18,13.97,1.93,0.57,,,,,,1.3599999999999999
2015-03-19,14.07,1.98,0.63,,,,,,1.35
2015-03-20,13.02,1.93,0.6,,,,,,1.33
2015-03-23,13.41,1.92,0.6,,,,,,1.3199999999999998
2015-03-24,13.62,1.88,0.58,,,,,,1.2999999999999998
2015-03-25,15.44,1.93,0.59,,,,,,1.3399999999999999
2015-03-26,15.8,2.01,0.61,,,,,,1.4
2015-03-27,15.07,1.95,0.58,,,,,,1.37
2015-03-30,14.51,1.96,0.58,,,,,,1.38
2015-03-31,15.29,1.94,0.56,,,,,,1.38
2015-04-01,15.11,1.87,0.55,0.12,236.222,-0.0010403098939391064,5.4,0.0,1.32
2015-04-02,14.67,1.92,0.55,,,,,,1.3699999999999999
2015-04-03,,1.85,0.49,,,,,,1.36
2015-04-06,14.74,1.92,0.51,,,,,,1.41
2015-04-07,14.78,1.89,0.52,,,,,,1.3699999999999999
2015-04-08,13.98,1.92,0.54,,,,,,1.38
2015-04-09,13.09,1.97,0.56,,,,,,1.41
2015-04-10,12.58,1.96,0.57,,,,,,1.3900000000000001
2015-04-13,13.94,1.94,0.54,,,,,,1.4
2015-04-14,13.67,1.9,0.53,,,,,,1.3699999999999999
2015-04-15,12.84,1.91,0.51,,,,,,1.4
2015-04-16,12.6,1.9,0.5,,,,,,1.4
2015-04-17,13.89,1.87,0.51,,,,,,1.36
2015-04-20,13.3,1.9,0.55,,,,,,1.3499999999999999
2015-04-21,13.25,1.92,0.55,,,,,,1.3699999999999999
2015-04-22,12.71,1.99,0.57,,,,,,1.42
2015-04-23,12.48,1.96,0.55,,,,,,1.41
2015-04-24,12.29,1.93,0.54,,,,,,1.39
2015-04-27,13.12,1.94,0.54,,,,,,1.4
2015-04-28,12.41,2.0,0.56,,,,,,1.44
2015-04-29,13.39,2.06,0.56,,,,,,1.5
2015-04-30,14.55,2.05,0.58,,,,,,1.4699999999999998
2015-05-01,12.7,2.12,0.6,0.12,237.001,0.0003503321824429584,5.6,0.0,1.52
2015-05-04,12.85,2.16,0.6,,,,,,1.56
2015-05-05,14.31,2.19,0.62,,,,,,1.5699999999999998
2015-05-06,15.15,2.25,0.65,,,,,,1.6
2015-05-07,15.13,2.18,0.63,,,,,,1.5500000000000003
2015-05-08,12.86,2.16,0.59,,,,,,1.5700000000000003
2015-05-11,13.85,2.28,0.62,,,,,,1.6599999999999997
2015-05-12,13.86,2.28,0.61,,,,,,1.67
2015-05-13,13.76,2.27,0.59,,,,,,1.6800000000000002
2015-05-14,12.74,2.23,0.56,,,,,,1.67
2015-05-15,12.38,2.14,0.55,,,,,,1.59
2015-05-18,12.73,2.23,0.58,,,,,,1.65
2015-05-19,12.85,2.27,0.63,,,,,,1.6400000000000001
2015-05-20,12.88,2.26,0.6,,,,,,1.6599999999999997
2015-05-21,12.11,2.19,0.6,,,,,,1.5899999999999999
2015-05-22,12.13,2.21,0.64,,,,,,1.5699999999999998
2015-05-25,,,,,,,,,
2015-05-26,14.06,2.14,0.64,,,,,,1.5
2015-05-27,13.27,2.14,0.64,,,,,,1.5
2015-05-28,13.31,2.13,0.62,,,,,,1.5099999999999998
2015-05-29,13.84,2.12,0.61,,,,,,1.5100000000000002
2015-06-01,13.97,2.19,0.64,0.13,237.657,0.001795718097550525,5.3,0.0,1.5499999999999998
2015-06-02,14.24,2.27,0.64,,,,,,1.63
2015-06-03,13.66,2.38,0.69,,,,,,1.69
2015-06-04,14.71,2.31,0.66,,,,,,1.65
2015-06-05,14.21,2.41,0.73,,,,,,1.6800000000000002
2015-06-08,15.29,2.39,0.7,,,,,,1.6900000000000002
2015-06-09,14.47,2.42,0.72,,,,,,1.7
2015-06-10,13.22,2.5,0.75,,,,,,1.75
2015-06-11,12.85,2.39,0.73,,,,,,1.6600000000000001
2015-06-12,13.78,2.39,0.74,,,,,,1.6500000000000001
2015-06-15,15.39,2.36,0.72,,,,,,1.64
2015-06-16,14.81,2.32,0.71,,,,,,1.6099999999999999
2015-06-17,14.5,2.32,0.67,,,,,,1.65
2015-06-18,13.19,2.35,0.66,,,,,,1.69
2015-06-19,13.96,2.26,0.65,,,,,,1.6099999999999999
2015-06-22,12.74,2.37,0.68,,,,,,1.69
2015-06-23,12.11,2.42,0.7,,,,,,1.72
2015-06-24,13.26,2.38,0.68,,,,,,1.6999999999999997
2015-06-25,14.01,2.4,0.68,,,,,,1.7199999999999998
2015-06-26,14.02,2.49,0.72,,,,,,1.7700000000000002
2015-06-29,18.85,2.33,0.64,,,,,,1.69
2015-06-30,18.23,2.35,0.64,,,,,,1.71
2015-07-01,16.09,2.43,0.69,0.13,238.034,0.0022568611104094582,5.2,0.0,1.7400000000000002
2015-07-02,16.79,2.4,0.64,,,,,,1.7599999999999998
2015-07-03,,,,,,,,,
2015-07-06,17.01,2.3,0.6,,,,,,1.6999999999999997
2015-07-07,16.09,2.27,0.58,,,,,,1.69
2015-07-08,19.66,2.22,0.55,,,,,,1.6700000000000002
2015-07-09,19.97,2.32,0.6,,,,,,1.7199999999999998
2015-07-10,16.83,2.42,0.65,,,,,,1.77
2015-07-13,13.9,2.44,0.69,,,,,,1.75
2015-07-14,13.37,2.41,0.66,,,,,,1.75
2015-07-15,13.23,2.36,0.64,,,,,,1.7199999999999998
2015-07-16,12.11,2.36,0.67,,,,,,1.69
2015-07-17,11.95,2.34,0.68,,,,,,1.6599999999999997
2015-07-20,12.25,2.38,0.71,,,,,,1.67
2015-07-21,12.22,2.35,0.71,,,,,,1.6400000000000001
2015-07-22,12.12,2.33,0.75,,,,,,1.58
2015-07-23,12.64,2.28,0.71,,,,,,1.5699999999999998
2015-07-24,13.74,2.27,0.7,,,,,,1.57
2015-07-27,15.6,2.23,0.68,,,,,,1.5499999999999998
2015-07-28,13.44,2.26,0.69,,,,,,1.5699999999999998
2015-07-29,12.5,2.29,0.7,,,,,,1.59
2015-07-30,12.13,2.28,0.72,,,,,,1.5599999999999998
2015-07-31,12.12,2.2,0.67,,,,,,1.5300000000000002
2015-08-01,,,,0.14,238.033,0.002413037985344868,5.1,0.0,
2015-08-03,12.56,2.16,0.68,,,,,,1.48
2015-08-04,13.0,2.23,0.74,,,,,,1.49
2015-08-05,12.51,2.28,0.73,,,,,,1.5499999999999998
2015-08-06,13.77,2.23,0.71,,,,,,1.52
2015-08-07,13.39,2.18,0.73,,,,,,1.4500000000000002
2015-08-10,12.23,2.24,0.73,,,,,,1.5100000000000002
2015-08-11,13.71,2.15,0.68,,,,,,1.4699999999999998
2015-08-12,13.61,2.14,0.67,,,,,,1.4700000000000002
2015-08-13,13.49,2.19,0.72,,,,,,1.47
2015-08-14,12.83,2.2,0.73,,,,,,1.4700000000000002
2015-08-17,13.02,2.16,0.72,,,,,,1.4400000000000002
2015-08-18,13.79,2.2,0.74,,,,,,1.4600000000000002
2015-08-19,15.25,2.12,0.67,,,,,,1.4500000000000002
2015-08-20,19.14,2.09,0.69,,,,,,1.4
2015-08-21,28.03,2.05,0.64,,,,,,1.4099999999999997
2015-08-24,40.74,2.01,0.59,,,,,,1.42
2015-08-25,36.02,2.12,0.67,,,,,,1.4500000000000002
2015-08-26,30.32,2.18,0.67,,,,,,1.5100000000000002
2015-08-27,26.1,2.18,0.68,,,,,,1.5
2015-08-28,26.05,2.19,0.72,,,,,,1.47
2015-08-31,28.43,2.21,0.74,,,,,,1.47
2015-09-01,31.4,2.17,0.7,0.14,237.498,8.842961634170088e-05,5.0,0.0,1.47
2015-09-02,26.09,2.2,0.72,,,,,,1.4800000000000002
2015-09-03,25.61,2.18,0.71,,,,,,1.4700000000000002
2015-09-04,27.8,2.13,0.71,,,,,,1.42
2015-09-07,,,,,,,,,
2015-09-08,24.9,2.2,0.74,,,,,,1.4600000000000002
2015-09-09,26.23,2.21,0.75,,,,,,1.46
2015-09-10,24.37,2.23,0.75,,,,,,1.48
2015-09-11,23.2,2.2,0.71,,,,,,1.4900000000000002
2015-09-14,24.25,2.18,0.73,,,,,,1.4500000000000002
2015-09-15,22.54,2.28,0.82,,,,,,1.46
2015-09-16,21.35,2.3,0.82,,,,,,1.48
2015-09-17,21.14,2.21,0.7,,,,,,1.51
2015-09-18,22.28,2.13,0.69,,,,,,1.44
2015-09-21,20.14,2.2,0.72,,,,,,1.4800000000000002
2015-09-22,22.44,2.14,0.69,,,,,,1.4500000000000002
2015-09-23,22.13,2.16,0.7,,,,,,1.4600000000000002
2015-09-24,23.47,2.13,0.67,,,,,,1.46
2015-09-25,23.62,2.17,0.7,,,,,,1.47
2015-09-28,27.63,2.1,0.67,,,,,,1.4300000000000002
2015-09-29,26.83,2.05,0.64,,,,,,1.4099999999999997
2015-09-30,24.5,2.06,0.64,,,,,,1.42
2015-10-01,22.55,2.05,0.64,0.12,237.733,0.0012761656067050708,5.0,0.0,1.4099999999999997
2015-10-02,20.94,1.99,0.58,,,,,,1.4100000000000001
2015-10-05,19.54,2.07,0.61,,,,,,1.46
2015-10-06,19.4,2.05,0.61,,,,,,1.44
2015-10-07,18.4,2.08,0.65,,,,,,1.4300000000000002
2015-10-08,17.42,2.12,0.65,,,,,,1.4700000000000002
2015-10-09,17.08,2.12,0.65,,,,,,1.4700000000000002
2015-10-12,16.17,,,,,,,,
2015-10-13,17.67,2.06,0.64,,,,,,1.42
2015-10-14,18.03,1.99,0.57,,,,,,1.42
2015-10-15,16.05,2.04,0.61,,,,,,1.4300000000000002
2015-10-16,15.05,2.04,0.61,,,,,,1.4300000000000002
2015-10-19,14.98,2.04,0.61,,,,,,1.4300000000000002
2015-10-20,15.75,2.08,0.66,,,,,,1.42
2015-10-21,16.7,2.04,0.64,,,,,,1.4
2015-10-22,14.45,2.04,0.61,,,,,,1.4300000000000002
2015-10-23,14.46,2.09,0.66,,,,,,1.4299999999999997
2015-10-26,15.29,2.07,0.66,,,,,,1.4099999999999997
2015-10-27,15.43,2.05,0.65,,,,,,1.4
2015-10-28,14.33,2.1,0.73,,,,,,1.37
2015-10-29,14.61,2.19,0.75,,,,,,1.44
2015-10-30,15.07,2.16,0.75,,,,,,1.4100000000000001
2015-11-01,,,,0.12,238.017,0.004363182169185187,5.1,0.0,
2015-11-02,14.15,2.2,0.77,,,,,,1.4300000000000002
2015-11-03,14.54,2.23,0.8,,,,,,1.43
2015-11-04,15.51,2.25,0.84,,,,,,1.4100000000000001
2015-11-05,15.05,2.26,0.85,,,,,,1.4099999999999997
2015-11-06,14.33,2.34,0.9,,,,,,1.44
2015-11-09,16.52,2.36,0.89,,,,,,1.4699999999999998
2015-11-10,15.29,2.32,0.87,,,,,,1.4499999999999997
2015-11-11,16.06,,,,,,,,
2015-11-12,18.37,2.32,0.89,,,,,,1.4299999999999997
2015-11-13,20.08,2.28,0.86,,,,,,1.42
2015-11-16,18.16,2.27,0.88,,,,,,1.3900000000000001
2015-11-17,18.84,2.25,0.86,,,,,,1.3900000000000001
2015-11-18,16.85,2.27,0.9,,,,,,1.37
2015-11-19,16.99,2.24,0.91,,,,,,1.33
2015-11-20,15.47,2.26,0.93,,,,,,1.3299999999999996
2015-11-23,15.62,2.25,0.94,,,,,,1.31
2015-11-24,15.93,2.24,0.93,,,,,,1.31
2015-11-25,15.19,2.23,0.93,,,,,,1.2999999999999998
2015-11-26,,,,,,,,,
2015-11-27,15.12,2.22,0.92,,,,,,1.3000000000000003
2015-11-30,16.13,2.21,0.94,,,,,,1.27
2015-12-01,14.67,2.15,0.91,0.24,237.761,0.006387247515364791,5.0,0.0,1.2399999999999998
2015-12-02,15.91,2.18,0.94,,,,,,1.2400000000000002
2015-12-03,18.11,2.33,0.96,,,,,,1.37
2015-12-04,14.81,2.28,0.96,,,,,,1.3199999999999998
2015-12-07,15.84,2.23,0.94,,,,,,1.29
2015-12-08,17.6,2.24,0.94,,,,,,1.3000000000000003
2015-12-09,19.61,2.22,0.93,,,,,,1.29
2015-12-10,19.34,2.24,0.95,,,,,,1.2900000000000003
2015-12-11,24.39,2.13,0.88,,,,,,1.25
2015-12-14,22.73,2.23,0.97,,,,,,1.26
2015-12-15,20.95,2.28,0.98,,,,,,1.2999999999999998
2015-12-16,17.86,2.3,1.02,,,,,,1.2799999999999998
2015-12-17,18.94,2.24,1.0,,,,,,1.2400000000000002
2015-12-18,20.7,2.19,0.97,,,,,,1.22
2015-12-21,18.7,2.2,0.96,,,,,,1.2400000000000002
2015-12-22,16.6,2.24,0.99,,,,,,1.2500000000000002
2015-12-23,15.57,2.27,1.01,,,,,,1.26
2015-12-24,15.74,2.25,1.03,,,,,,1.22
2015-12-25,,,,,,,,,
2015-12-28,16.91,2.24,1.05,,,,,,1.1900000000000002
2015-12-29,16.08,2.32,1.09,,,,,,1.2299999999999998
2015-12-30,17.29,2.31,1.08,,,,,,1.23
2015-12-31,18.21,2.27,1.06,,,,,,1.21
2016-01-01,,,,0.34,237.652,0.012375025026943876,4.8,0.0,
2016-01-04,20.7,2.24,1.02,,,,,,1.2200000000000002
2016-01-05,19.34,2.25,1.04,,,,,,1.21
2016-01-06,20.59,2.18,0.99,,,,,,1.1900000000000002
2016-01-07,24.99,2.16,0.96,,,,,,1.2000000000000002
2016-01-08,27.01,2.13,0.94,,,,,,1.19
2016-01-11,24.3,2.17,0.94,,,,,,1.23
2016-01-12,22.47,2.12,0.93,,,,,,1.19
2016-01-13,25.22,2.08,0.91,,,,,,1.17
2016-01-14,23.95,2.1,0.9,,,,,,1.2000000000000002
2016-01-15,27.02,2.03,0.85,,,,,,1.1799999999999997
2016-01-18,,,,,,,,,
2016-01-19,26.05,2.06,0.88,,,,,,1.1800000000000002
2016-01-20,27.59,2.01,0.85,,,,,,1.1599999999999997
2016-01-21,26.69,2.02,0.84,,,,,,1.1800000000000002
2016-01-22,22.34,2.07,0.88,,,,,,1.19
2016-01-25,24.15,2.03,0.88,,,,,,1.15
2016-01-26,22.5,2.01,0.85,,,,,,1.1599999999999997
2016-01-27,23.11,2.02,0.84,,,,,,1.1800000000000002
2016-01-28,22.42,2.0,0.83,,,,,,1.17
2016-01-29,20.2,1.94,0.76,,,,,,1.18
2016-02-01,19.98,1.97,0.81,0.38,237.336,0.008472775790126619,4.9,0.0,1.16
2016-02-02,21.98,1.87,0.75,,,,,,1.12
2016-02-03,21.65,1.88,0.72,,,,,,1.16
2016-02-04,21.84,1.87,0.7,,,,,,1.1700000000000002
2016-02-05,23.38,1.86,0.74,,,,,,1.12
2016-02-08,26.0,1.75,0.66,,,,,,1.0899999999999999
2016-02-09,26.54,1.74,0.69,,,,,,1.05
2016-02-10,26.29,1.71,0.71,,,,,,1.0
2016-02-11,28.14,1.63,0.64,,,,,,0.9899999999999999
2016-02-12,25.4,1.74,0.71,,,,,,1.03
2016-02-15,,,,,,,,,
2016-02-16,24.11,1.78,0.74,,,,,,1.04
2016-02-17,22.31,1.81,0.74,,,,,,1.07
2016-02-18,21.64,1.75,0.71,,,,,,1.04
2016-02-19,20.53,1.76,0.76,,,,,,1.0
2016-02-22,19.38,1.77,0.78,,,,,,0.99
2016-02-23,20.98,1.74,0.76,,,,,,0.98
2016-02-24,20.72,1.75,0.75,,,,,,1.0
2016-02-25,19.11,1.71,0.72,,,,,,0.99
2016-02-26,19.81,1.76,0.8,,,,,,0.96
2016-02-29,20.55,1.74,0.78,,,,,,0.96
2016-03-01,17.7,1.83,0.85,0.36,238.08,0.008916160965521946,5.0,0.0,0.9800000000000001
2016-03-02,17.09,1.84,0.85,,,,,,0.9900000000000001
2016-03-03,16.7,1.83,0.85,,,,,,0.9800000000000001
2016-03-04,16.86,1.88,0.88,,,,,,0.9999999999999999
2016-03-07,17.35,1.91,0.91,,,,,,0.9999999999999999
2016-03-08,18.67,1.83,0.88,,,,,,0.9500000000000001
2016-03-09,18.34,1.9,0.9,,,,,,0.9999999999999999
2016-03-10,18.05,1.93,0.93,,,,,,0.9999999999999999
2016-03-11,16.5,1.98,0.97,,,,,,1.01
2016-03-14,16.92,1.97,0.97,,,,,,1.0
2016-03-15,16.84,1.97,0.98,,,,,,0.99
2016-03-16,14.99,1.94,0.87,,,,,,1.0699999999999998
2016-03-17,14.44,1.91,0.87,,,,,,1.04
2016-03-18,14.02,1.88,0.84,,,,,,1.04
2016-03-21,13.79,1.92,0.87,,,,,,1.0499999999999998
2016-03-22,14.17,1.94,0.91,,,,,,1.0299999999999998
2016-03-23,14.94,1.88,0.87,,,,,,1.0099999999999998
2016-03-24,14.74,1.91,0.89,,,,,,1.02
2016-03-25,,,,,,,,,
2016-03-28,15.24,1.89,0.89,,,,,,0.9999999999999999
2016-03-29,13.82,1.81,0.78,,,,,,1.03
2016-03-30,13.56,1.83,0.76,,,,,,1.07
2016-03-31,13.95,1.78,0.73,,,,,,1.05
2016-04-01,13.1,1.79,0.76,0.37,238.992,0.011726257503534843,5.1,0.0,1.03
2016-04-04,14.12,1.78,0.75,,,,,,1.03
2016-04-05,15.42,1.73,0.72,,,,,,1.01
2016-04-06,14.09,1.76,0.73,,,,,,1.03
2016-04-07,16.16,1.7,0.7,,,,,,1.0
2016-04-08,15.36,1.72,0.7,,,,,,1.02
2016-04-11,16.26,1.73,0.7,,,,,,1.03
2016-04-12,14.85,1.79,0.74,,,,,,1.05
2016-04-13,13.84,1.77,0.75,,,,,,1.02
2016-04-14,13.72,1.8,0.77,,,,,,1.03
2016-04-15,13.62,1.76,0.74,,,,,,1.02
2016-04-18,13.35,1.78,0.75,,,,,,1.03
2016-04-19,13.24,1.79,0.77,,,,,,1.02
2016-04-20,13.28,1.85,0.8,,,,,,1.05
2016-04-21,13.95,1.88,0.82,,,,,,1.06
2016-04-22,13.22,1.89,0.84,,,,,,1.0499999999999998
2016-04-25,14.08,1.91,0.85,,,,,,1.06
2016-04-26,13.96,1.94,0.86,,,,,,1.08
2016-04-27,13.77,1.87,0.83,,,,,,1.04
2016-04-28,15.22,1.84,0.78,,,,,,1.06
2016-04-29,15.7,1.83,0.77,,,,,,1.06
2016-05-01,,,,0.37,239.557,0.010784764621246223,4.8,0.0,
2016-05-02,14.68,1.88,0.8,,,,,,1.0799999999999998
2016-05-03,15.6,1.81,0.75,,,,,,1.06
2016-05-04,16.05,1.79,0.75,,,,,,1.04
2016-05-05,15.91,1.76,0.72,,,,,,1.04
2016-05-06,14.72,1.79,0.74,,,,,,1.05
2016-05-09,14.57,1.77,0.72,,,,,,1.05
2016-05-10,13.63,1.77,0.72,,,,,,1.05
2016-05-11,14.69,1.73,0.74,,,,,,0.99
2016-05-12,14.41,1.75,0.76,,,,,,0.99
2016-05-13,15.04,1.71,0.76,,,,,,0.95
2016-05-16,14.68,1.75,0.79,,,,,,0.96
2016-05-17,15.57,1.76,0.82,,,,,,0.9400000000000001
2016-05-18,15.95,1.87,0.9,,,,,,0.9700000000000001
2016-05-19,16.33,1.85,0.89,,,,,,0.9600000000000001
2016-05-20,15.2,1.85,0.89,,,,,,0.9600000000000001
2016-05-23,15.82,1.84,0.91,,,,,,0.93
2016-05-24,14.42,1.86,0.92,,,,,,0.9400000000000001
2016-05-25,13.9,1.87,0.92,,,,,,0.9500000000000001
2016-05-26,13.43,1.83,0.87,,,,,,0.9600000000000001
2016-05-27,13.12,1.85,0.9,,,,,,0.9500000000000001
2016-05-30,,,,,,,,,
2016-05-31,14.19,1.84,0.87,,,,,,0.9700000000000001
2016-06-01,14.2,1.85,0.91,0.38,240.222,0.010792865347959424,4.9,0.0,0.9400000000000001
2016-06-02,13.63,1.81,0.89,,,,,,0.92
2016-06-03,13.47,1.71,0.78,,,,,,0.9299999999999999
2016-06-06,13.65,1.73,0.8,,,,,,0.9299999999999999
2016-06-07,14.05,1.72,0.78,,,,,,0.94
2016-06-08,14.08,1.71,0.78,,,,,,0.9299999999999999
2016-06-09,14.64,1.68,0.77,,,,,,0.9099999999999999
2016-06-10,17.03,1.64,0.73,,,,,,0.9099999999999999
2016-06-13,20.97,1.62,0.73,,,,,,0.8900000000000001
2016-06-14,20.5,1.62,0.74,,,,,,0.8800000000000001
2016-06-15,20.14,1.6,0.69,,,,,,0.9100000000000001
2016-06-16,19.37,1.57,0.7,,,,,,0.8700000000000001
2016-06-17,19.41,1.62,0.7,,,,,,0.9200000000000002
2016-06-20,18.37,1.67,0.74,,,,,,0.9299999999999999
2016-06-21,18.48,1.71,0.76,,,,,,0.95
2016-06-22,21.17,1.69,0.75,,,,,,0.94
2016-06-23,17.25,1.74,0.78,,,,,,0.96
2016-06-24,25.76,1.57,0.64,,,,,,0.93
2016-06-27,23.85,1.46,0.61,,,,,,0.85
2016-06-28,18.75,1.46,0.61,,,,,,0.85
2016-06-29,16.64,1.5,0.62,,,,,,0.88
2016-06-30,15.63,1.49,0.58,,,,,,0.91
2016-07-01,14.77,1.46,0.59,0.39,240.101,0.008683633430518256,4.8,0.0,0.87
2016-07-04,,,,,,,,,
2016-07-05,15.58,1.37,0.56,,,,,,0.81
2016-07-06,14.96,1.38,0.58,,,,,,0.7999999999999999
2016-07-07,14.76,1.4,0.58,,,,,,0.82
2016-07-08,13.2,1.37,0.61,,,,,,0.7600000000000001
2016-07-11,13.54,1.43,0.66,,,,,,0.7699999999999999
2016-07-12,13.55,1.53,0.69,,,,,,0.8400000000000001
2016-07-13,13.04,1.48,0.68,,,,,,0.7999999999999999
2016-07-14,12.82,1.53,0.68,,,,,,0.85
2016-07-15,12.67,1.6,0.71,,,,,,0.8900000000000001
2016-07-18,12.44,1.59,0.68,,,,,,0.91
2016-07-19,11.97,1.56,0.7,,,,,,0.8600000000000001
2016-07-20,11.77,1.59,0.73,,,,,,0.8600000000000001
2016-07-21,12.74,1.57,0.7,,,,,,0.8700000000000001
2016-07-22,12.02,1.57,0.71,,,,,,0.8600000000000001
2016-07-25,12.87,1.58,0.72,,,,,,0.8600000000000001
2016-07-26,13.05,1.57,0.75,,,,,,0.8200000000000001
2016-07-27,12.83,1.52,0.73,,,,,,0.79
2016-07-28,12.72,1.52,0.72,,,,,,0.8
2016-07-29,11.87,1.46,0.67,,,,,,0.7899999999999999
2016-08-01,12.44,1.51,0.67,0.4,240.545,0.010553158595656864,4.9,0.0,0.84
2016-08-02,13.37,1.55,0.67,,,,,,0.88
2016-08-03,12.86,1.55,0.67,,,,,,0.88
2016-08-04,12.42,1.51,0.64,,,,,,0.87
2016-08-05,11.39,1.59,0.72,,,,,,0.8700000000000001
2016-08-08,11.5,1.59,0.74,,,,,,0.8500000000000001
2016-08-09,11.66,1.55,0.71,,,,,,0.8400000000000001
2016-08-10,12.05,1.5,0.69,,,,,,0.81
2016-08-11,11.68,1.57,0.76,,,,,,0.81
2016-08-12,11.55,1.51,0.71,,,,,,0.8
2016-08-15,11.81,1.55,0.72,,,,,,0.8300000000000001
2016-08-16,12.64,1.57,0.76,,,,,,0.81
2016-08-17,12.19,1.56,0.74,,,,,,0.8200000000000001
2016-08-18,11.43,1.53,0.71,,,,,,0.8200000000000001
2016-08-19,11.34,1.58,0.76,,,,,,0.8200000000000001
2016-08-22,12.27,1.55,0.76,,,,,,0.79
2016-08-23,12.38,1.55,0.74,,,,,,0.81
2016-08-24,13.45,1.56,0.76,,,,,,0.8
2016-08-25,13.63,1.58,0.78,,,,,,0.8
2016-08-26,13.65,1.62,0.84,,,,,,0.7800000000000001
2016-08-29,12.94,1.57,0.81,,,,,,0.76
2016-08-30,13.12,1.57,0.8,,,,,,0.77
2016-08-31,13.42,1.58,0.8,,,,,,0.78
2016-09-01,13.48,1.57,0.78,0.4,241.176,0.015486446201652182,5.0,0.0,0.79
2016-09-02,11.98,1.6,0.8,,,,,,0.8
2016-09-05,,,,,,,,,
2016-09-06,12.02,1.55,0.74,,,,,,0.81
2016-09-07,11.94,1.54,0.74,,,,,,0.8
2016-09-08,12.51,1.61,0.78,,,,,,0.8300000000000001
2016-09-09,17.5,1.67,0.79,,,,,,0.8799999999999999
2016-09-12,15.16,1.68,0.79,,,,,,0.8899999999999999
2016-09-13,17.85,1.73,0.8,,,,,,0.9299999999999999
2016-09-14,18.14,1.7,0.77,,,,,,0.9299999999999999
2016-09-15,16.3,1.71,0.74,,,,,,0.97
2016-09-16,15.37,1.7,0.77,,,,,,0.9299999999999999
2016-09-19,15.53,1.7,0.79,,,,,,0.9099999999999999
2016-09-20,15.92,1.69,0.79,,,,,,0.8999999999999999
2016-09-21,13.3,1.66,0.79,,,,,,0.8699999999999999
2016-09-22,12.02,1.63,0.79,,,,,,0.8399999999999999
2016-09-23,12.29,1.62,0.77,,,,,,0.8500000000000001
2016-09-26,14.5,1.59,0.76,,,,,,0.8300000000000001
2016-09-27,13.1,1.56,0.75,,,,,,0.81
2016-09-28,12.39,1.57,0.75,,,,,,0.8200000000000001
2016-09-29,14.02,1.56,0.73,,,,,,0.8300000000000001
2016-09-30,13.29,1.6,0.77,,,,,,0.8300000000000001
2016-10-01,,,,0.4,241.741,0.01685924966243646,4.9,0.0,
2016-10-03,13.57,1.63,0.8,,,,,,0.8299999999999998
2016-10-04,13.63,1.69,0.82,,,,,,0.87
2016-10-05,12.99,1.72,0.85,,,,,,0.87
2016-10-06,12.84,1.75,0.86,,,,,,0.89
2016-10-07,13.48,1.73,0.83,,,,,,0.9
2016-10-10,13.38,,,,,,,,
2016-10-11,15.36,1.77,0.87,,,,,,0.9
2016-10-12,15.91,1.79,0.87,,,,,,0.92
2016-10-13,16.69,1.75,0.85,,,,,,0.9
2016-10-14,16.12,1.8,0.84,,,,,,0.9600000000000001
2016-10-17,16.21,1.77,0.81,,,,,,0.96
2016-10-18,15.28,1.75,0.82,,,,,,0.93
2016-10-19,14.41,1.76,0.81,,,,,,0.95
2016-10-20,13.75,1.76,0.84,,,,,,0.92
2016-10-21,13.34,1.74,0.84,,,,,,0.9
2016-10-24,13.02,1.77,0.84,,,,,,0.93
2016-10-25,13.46,1.77,0.86,,,,,,0.91
2016-10-26,14.24,1.79,0.86,,,,,,0.93
2016-10-27,15.36,1.85,0.87,,,,,,0.9800000000000001
2016-10-28,16.19,1.86,0.86,,,,,,1.0
2016-10-31,17.06,1.84,0.86,,,,,,0.9800000000000001
2016-11-01,18.56,1.83,0.83,0.41,242.026,0.016843334719788938,4.7,0.0,1.0
2016-11-02,19.32,1.81,0.81,,,,,,1.0
2016-11-03,22.08,1.82,0.81,,,,,,1.01
2016-11-04,22.51,1.79,0.8,,,,,,0.99
2016-11-07,18.71,1.83,0.82,,,,,,1.0100000000000002
2016-11-08,18.74,1.88,0.87,,,,,,1.0099999999999998
2016-11-09,14.38,2.07,0.9,,,,,,1.17
2016-11-10,14.74,2.15,0.92,,,,,,1.23
2016-11-11,14.17,,,,,,,,
2016-11-14,14.48,2.23,1.0,,,,,,1.23
2016-11-15,13.37,2.23,1.02,,,,,,1.21
2016-11-16,13.72,2.22,1.0,,,,,,1.2200000000000002
2016-11-17,13.35,2.29,1.04,,,,,,1.25
2016-11-18,12.85,2.34,1.07,,,,,,1.2699999999999998
2016-11-21,12.42,2.33,1.08,,,,,,1.25
2016-11-22,12.41,2.31,1.07,,,,,,1.24
2016-11-23,12.43,2.36,1.12,,,,,,1.2399999999999998
2016-11-24,,,,,,,,,
2016-11-25,12.34,2.36,1.12,,,,,,1.2399999999999998
2016-11-28,13.15,2.32,1.11,,,,,,1.2099999999999997
2016-11-29,12.9,2.3,1.09,,,,,,1.2099999999999997
2016-11-30,13.33,2.37,1.11,,,,,,1.26
2016-12-01,14.07,2.45,1.14,0.54,242.637,0.020507989115119862,4.7,0.0,1.3100000000000003
2016-12-02,14.12,2.4,1.11,,,,,,1.2899999999999998
2016-12-05,12.14,2.39,1.13,,,,,,1.2600000000000002
2016-12-06,11.79,2.39,1.12,,,,,,1.27
2016-12-07,12.22,2.34,1.1,,,,,,1.2399999999999998
2016-12-08,12.64,2.4,1.12,,,,,,1.2799999999999998
2016-12-09,11.75,2.47,1.15,,,,,,1.3200000000000003
2016-12-12,12.64,2.49,1.15,,,,,,1.3400000000000003
2016-12-13,12.72,2.48,1.17,,,,,,1.31
2016-12-14,13.19,2.54,1.27,,,,,,1.27
2016-12-15,12.79,2.6,1.29,,,,,,1.31
2016-12-16,12.2,2.6,1.28,,,,,,1.32
2016-12-19,11.71,2.54,1.24,,,,,,1.3
2016-12-20,11.45,2.57,1.25,,,,,,1.3199999999999998
2016-12-21,11.27,2.55,1.21,,,,,,1.3399999999999999
2016-12-22,11.43,2.55,1.22,,,,,,1.3299999999999998
2016-12-23,11.44,2.55,1.22,,,,,,1.3299999999999998
2016-12-26,,,,,,,,,
2016-12-27,11.99,2.57,1.28,,,,,,1.2899999999999998
2016-12-28,12.95,2.51,1.26,,,,,,1.2499999999999998
2016-12-29,13.37,2.49,1.22,,,,,,1.2700000000000002
2016-12-30,14.04,2.45,1.2,,,,,,1.2500000000000002
2017-01-01,,,,0.65,243.618,0.025103933482571117,4.7,0.0,
2017-01-02,,,,,,,,,
2017-01-03,12.85,2.45,1.22,,,,,,1.2300000000000002
2017-01-04,11.85,2.46,1.24,,,,,,1.22
2017-01-05,11.67,2.37,1.17,,,,,,1.2000000000000002
2017-01-06,11.32,2.42,1.22,,,,,,1.2
2017-01-09,11.56,2.38,1.21,,,,,,1.17
2017-01-10,11.49,2.38,1.19,,,,,,1.19
2017-01-11,11.26,2.38,1.2,,,,,,1.18
2017-01-12,11.54,2.36,1.18,,,,,,1.18
2017-01-13,11.23,2.4,1.21,,,,,,1.19
2017-01-16,,,,,,,,,
2017-01-17,11.87,2.33,1.17,,,,,,1.1600000000000001
2017-01-18,12.48,2.42,1.23,,,,,,1.19
2017-01-19,12.78,2.47,1.25,,,,,,1.2200000000000002
2017-01-20,11.54,2.48,1.2,,,,,,1.28
2017-01-23,11.77,2.41,1.16,,,,,,1.2500000000000002
2017-01-24,11.07,2.47,1.21,,,,,,1.2600000000000002
2017-01-25,10.81,2.53,1.23,,,,,,1.2999999999999998
2017-01-26,10.63,2.51,1.21,,,,,,1.2999999999999998
2017-01-27,10.58,2.49,1.22,,,,,,1.2700000000000002
2017-01-30,11.88,2.49,1.22,,,,,,1.2700000000000002
2017-01-31,11.99,2.45,1.19,,,,,,1.2600000000000002
2017-02-01,11.81,2.48,1.22,0.66,244.006,0.028103616813294208,4.6,0.0,1.26
2017-02-02,11.93,2.48,1.21,,,,,,1.27
2017-02-03,10.97,2.49,1.21,,,,,,1.2800000000000002
2017-02-06,11.37,2.42,1.16,,,,,,1.26
2017-02-07,11.29,2.4,1.16,,,,,,1.24
2017-02-08,11.45,2.34,1.15,,,,,,1.19
2017-02-09,10.88,2.4,1.2,,,,,,1.2
2017-02-10,10.85,2.41,1.2,,,,,,1.2100000000000002
2017-02-13,11.07,2.43,1.2,,,,,,1.2300000000000002
2017-02-14,10.74,2.47,1.25,,,,,,1.2200000000000002
2017-02-15,11.97,2.51,1.27,,,,,,1.2399999999999998
2017-02-16,11.76,2.45,1.22,,,,,,1.2300000000000002
2017-02-17,11.49,2.42,1.21,,,,,,1.21
2017-02-20,,,,,,,,,
2017-02-21,11.57,2.43,1.22,,,,,,1.2100000000000002
2017-02-22,11.74,2.42,1.22,,,,,,1.2
2017-02-23,11.71,2.38,1.18,,,,,,1.2
2017-02-24,11.47,2.31,1.12,,,,,,1.19
2017-02-27,12.09,2.36,1.2,,,,,,1.16
2017-02-28,12.92,2.36,1.22,,,,,,1.14
2017-03-01,12.54,2.46,1.29,0.79,243.892,0.0244119623655914,4.4,0.0,1.17
2017-03-02,11.81,2.49,1.32,,,,,,1.1700000000000002
2017-03-03,10.96,2.49,1.32,,,,,,1.1700000000000002
2017-03-06,11.24,2.49,1.31,,,,,,1.1800000000000002
2017-03-07,11.45,2.52,1.32,,,,,,1.2
2017-03-08,11.86,2.57,1.36,,,,,,1.2099999999999997
2017-03-09,12.3,2.6,1.37,,,,,,1.23
2017-03-10,11.66,2.58,1.36,,,,,,1.22
2017-03-13,11.35,2.62,1.4,,,,,,1.2200000000000002
2017-03-14,12.3,2.6,1.4,,,,,,1.2000000000000002
2017-03-15,11.63,2.51,1.33,,,,,,1.1799999999999997
2017-03-16,11.21,2.53,1.35,,,,,,1.1799999999999997
2017-03-17,11.28,2.5,1.33,,,,,,1.17
2017-03-20,11.34,2.47,1.3,,,,,,1.1700000000000002
2017-03-21,12.47,2.43,1.27,,,,,,1.1600000000000001
2017-03-22,12.81,2.4,1.27,,,,,,1.13
2017-03-23,13.12,2.41,1.26,,,,,,1.1500000000000001
2017-03-24,12.96,2.4,1.26,,,,,,1.14
2017-03-27,12.5,2.38,1.27,,,,,,1.1099999999999999
2017-03-28,11.53,2.42,1.3,,,,,,1.1199999999999999
2017-03-29,11.42,2.39,1.26,,,,,,1.1300000000000001
2017-03-30,11.54,2.42,1.28,,,,,,1.14
2017-03-31,12.37,2.4,1.27,,,,,,1.13
2017-04-01,,,,0.9,244.193,0.02176223471915395,4.4,0.0,
2017-04-03,12.38,2.35,1.24,,,,,,1.11
2017-04-04,11.79,2.36,1.25,,,,,,1.1099999999999999
2017-04-05,12.89,2.34,1.24,,,,,,1.0999999999999999
2017-04-06,12.39,2.34,1.24,,,,,,1.0999999999999999
2017-04-07,12.87,2.38,1.29,,,,,,1.0899999999999999
2017-04-10,14.05,2.37,1.29,,,,,,1.08
2017-04-11,15.07,2.32,1.24,,,,,,1.0799999999999998
2017-04-12,15.77,2.28,1.24,,,,,,1.0399999999999998
2017-04-13,15.96,2.24,1.21,,,,,,1.0300000000000002
2017-04-14,,,,,,,,,
2017-04-17,14.66,2.26,1.21,,,,,,1.0499999999999998
2017-04-18,14.42,2.18,1.18,,,,,,1.0000000000000002
2017-04-19,14.93,2.21,1.19,,,,,,1.02
2017-04-20,14.15,2.24,1.21,,,,,,1.0300000000000002
2017-04-21,14.63,2.24,1.2,,,,,,1.0400000000000003
2017-04-24,10.84,2.28,1.25,,,,,,1.0299999999999998
2017-04-25,10.76,2.35,1.29,,,,,,1.06
2017-04-26,10.85,2.32,1.28,,,,,,1.0399999999999998
2017-04-27,10.36,2.3,1.25,,,,,,1.0499999999999998
2017-04-28,10.82,2.29,1.28,,,,,,1.01
2017-05-01,10.11,2.33,1.28,0.91,244.004,0.018563431667619756,4.4,0.0,1.05
2017-05-02,10.59,2.29,1.27,,,,,,1.02
2017-05-03,10.68,2.33,1.3,,,,,,1.03
2017-05-04,10.46,2.36,1.32,,,,,,1.0399999999999998
2017-05-05,10.57,2.36,1.32,,,,,,1.0399999999999998
2017-05-08,9.77,2.39,1.33,,,,,,1.06
2017-05-09,9.96,2.42,1.37,,,,,,1.0499999999999998
2017-05-10,10.21,2.41,1.35,,,,,,1.06
2017-05-11,10.6,2.39,1.35,,,,,,1.04
2017-05-12,10.4,2.33,1.29,,,,,,1.04
2017-05-15,10.42,2.34,1.31,,,,,,1.0299999999999998
2017-05-16,10.65,2.33,1.29,,,,,,1.04
2017-05-17,15.59,2.22,1.26,,,,,,0.9600000000000002
2017-05-18,14.66,2.23,1.27,,,,,,0.96
2017-05-19,12.04,2.23,1.28,,,,,,0.95
2017-05-22,10.93,2.25,1.29,,,,,,0.96
2017-05-23,10.72,2.29,1.31,,,,,,0.98
2017-05-24,10.02,2.26,1.29,,,,,,0.9699999999999998
2017-05-25,9.99,2.25,1.3,,,,,,0.95
2017-05-26,9.81,2.25,1.3,,,,,,0.95
2017-05-29,,,,,,,,,
2017-05-30,10.38,2.21,1.28,,,,,,0.9299999999999999
2017-05-31,10.41,2.21,1.28,,,,,,0.9299999999999999
2017-06-01,9.89,2.21,1.28,1.04,244.163,0.01640565809959127,4.3,0.0,0.9299999999999999
2017-06-02,9.75,2.15,1.28,,,,,,0.8699999999999999
2017-06-05,10.07,2.18,1.32,,,,,,0.8600000000000001
2017-06-06,10.45,2.14,1.3,,,,,,0.8400000000000001
2017-06-07,10.39,2.18,1.32,,,,,,0.8600000000000001
2017-06-08,10.16,2.19,1.33,,,,,,0.8599999999999999
2017-06-09,10.7,2.21,1.35,,,,,,0.8599999999999999
2017-06-12,11.46,2.21,1.35,,,,,,0.8599999999999999
2017-06-13,10.42,2.21,1.38,,,,,,0.8300000000000001
2017-06-14,10.64,2.15,1.35,,,,,,0.7999999999999998
2017-06-15,10.9,2.16,1.35,,,,,,0.81
2017-06-16,10.38,2.16,1.32,,,,,,0.8400000000000001
2017-06-19,10.37,2.19,1.36,,,,,,0.8299999999999998
2017-06-20,10.86,2.16,1.36,,,,,,0.8
2017-06-21,10.75,2.16,1.36,,,,,,0.8
2017-06-22,10.48,2.15,1.34,,,,,,0.8099999999999998
2017-06-23,10.02,2.15,1.34,,,,,,0.8099999999999998
2017-06-26,9.9,2.14,1.36,,,,,,0.78
2017-06-27,11.06,2.21,1.38,,,,,,0.8300000000000001
2017-06-28,10.03,2.22,1.34,,,,,,0.8800000000000001
2017-06-29,11.44,2.27,1.38,,,,,,0.8900000000000001
2017-06-30,11.18,2.31,1.38,,,,,,0.9300000000000002
2017-07-01,,,,1.15,244.243,0.017251073506566073,4.3,0.0,
2017-07-03,11.22,2.35,1.41,,,,,,0.9400000000000002
2017-07-04,,,,,,,,,
2017-07-05,11.07,2.33,1.41,,,,,,0.9200000000000002
2017-07-06,12.54,2.37,1.4,,,,,,0.9700000000000002
2017-07-07,11.19,2.39,1.4,,,,,,0.9900000000000002
2017-07-10,11.11,2.38,1.4,,,,,,0.98
2017-07-11,10.89,2.37,1.37,,,,,,1.0
2017-07-12,10.3,2.33,1.35,,,,,,0.98
2017-07-13,9.9,2.35,1.37,,,,,,0.98
2017-07-14,9.51,2.33,1.35,,,,,,0.98
2017-07-17,9.82,2.31,1.36,,,,,,0.95
2017-07-18,9.89,2.27,1.36,,,,,,0.9099999999999999
2017-07-19,9.79,2.27,1.37,,,,,,0.8999999999999999
2017-07-20,9.58,2.27,1.37,,,,,,0.8999999999999999
2017-07-21,9.36,2.24,1.36,,,,,,0.8800000000000001
2017-07-24,9.43,2.26,1.37,,,,,,0.8899999999999997
2017-07-25,9.43,2.33,1.4,,,,,,0.9300000000000002
2017-07-26,9.6,2.29,1.36,,,,,,0.9299999999999999
2017-07-27,10.11,2.32,1.36,,,,,,0.9599999999999997
2017-07-28,10.29,2.3,1.34,,,,,,0.9599999999999997
2017-07-31,10.26,2.3,1.34,,,,,,0.9599999999999997
2017-08-01,10.09,2.26,1.34,1.16,245.183,0.0192812155729698,4.4,0.0,0.9199999999999997
2017-08-02,10.28,2.27,1.36,,,,,,0.9099999999999999
2017-08-03,10.44,2.24,1.34,,,,,,0.9000000000000001
2017-08-04,10.03,2.27,1.36,,,,,,0.9099999999999999
2017-08-07,9.93,2.26,1.36,,,,,,0.8999999999999997
2017-08-08,10.96,2.29,1.36,,,,,,0.9299999999999999
2017-08-09,11.11,2.24,1.33,,,,,,0.9100000000000001
2017-08-10,16.04,2.2,1.33,,,,,,0.8700000000000001
2017-08-11,15.51,2.19,1.3,,,,,,0.8899999999999999
2017-08-14,12.33,2.22,1.33,,,,,,0.8900000000000001
2017-08-15,12.04,2.27,1.35,,,,,,0.9199999999999999
2017-08-16,11.74,2.23,1.33,,,,,,0.8999999999999999
2017-08-17,15.55,2.19,1.32,,,,,,0.8699999999999999
2017-08-18,14.26,2.19,1.33,,,,,,0.8599999999999999
2017-08-21,13.19,2.18,1.32,,,,,,0.8600000000000001
2017-08-22,11.35,2.22,1.33,,,,,,0.8900000000000001
2017-08-23,12.25,2.17,1.32,,,,,,0.8499999999999999
2017-08-24,12.23,2.19,1.33,,,,,,0.8599999999999999
2017-08-25,11.28,2.17,1.35,,,,,,0.8199999999999998
2017-08-28,11.32,2.16,1.33,,,,,,0.8300000000000001
2017-08-29,11.7,2.13,1.33,,,,,,0.7999999999999998
2017-08-30,11.22,2.15,1.33,,,,,,0.8199999999999998
2017-08-31,10.59,2.12,1.33,,,,,,0.79
2017-09-01,10.13,2.16,1.35,1.15,246.435,0.021805652303711787,4.3,0.0,0.81
2017-09-04,,,,,,,,,
2017-09-05,12.23,2.07,1.3,,,,,,0.7699999999999998
2017-09-06,11.63,2.1,1.3,,,,,,0.8
2017-09-07,11.55,2.05,1.27,,,,,,0.7799999999999998
2017-09-08,12.12,2.06,1.27,,,,,,0.79
2017-09-11,10.73,2.14,1.32,,,,,,0.8200000000000001
2017-09-12,10.58,2.17,1.33,,,,,,0.8399999999999999
2017-09-13,10.5,2.2,1.35,,,,,,0.8500000000000001
2017-09-14,10.44,2.2,1.37,,,,,,0.8300000000000001
2017-09-15,10.17,2.2,1.39,,,,,,0.8100000000000003
2017-09-18,10.15,2.23,1.4,,,,,,0.8300000000000001
2017-09-19,10.18,2.24,1.4,,,,,,0.8400000000000003
2017-09-20,9.78,2.28,1.45,,,,,,0.8299999999999998
2017-09-21,9.67,2.27,1.45,,,,,,0.8200000000000001
2017-09-22,9.59,2.26,1.46,,,,,,0.7999999999999998
2017-09-25,10.21,2.22,1.44,,,,,,0.7800000000000002
2017-09-26,10.17,2.24,1.45,,,,,,0.7900000000000003
2017-09-27,9.87,2.31,1.47,,,,,,0.8400000000000001
2017-09-28,9.55,2.31,1.45,,,,,,0.8600000000000001
2017-09-29,9.51,2.33,1.47,,,,,,0.8600000000000001
2017-10-01,,,,1.15,246.626,0.02020757753132485,4.2,0.0,
2017-10-02,9.45,2.34,1.49,,,,,,0.8499999999999999
2017-10-03,9.51,2.33,1.47,,,,,,0.8600000000000001
2017-10-04,9.63,2.33,1.47,,,,,,0.8600000000000001
2017-10-05,9.19,2.35,1.49,,,,,,0.8600000000000001
2017-10-06,9.65,2.37,1.54,,,,,,0.8300000000000001
2017-10-09,10.33,,,,,,,,
2017-10-10,10.08,2.35,1.51,,,,,,0.8400000000000001
2017-10-11,9.85,2.35,1.51,,,,,,0.8400000000000001
2017-10-12,9.91,2.33,1.51,,,,,,0.8200000000000001
2017-10-13,9.61,2.28,1.51,,,,,,0.7699999999999998
2017-10-16,9.91,2.3,1.54,,,,,,0.7599999999999998
2017-10-17,10.31,2.3,1.54,,,,,,0.7599999999999998
2017-10-18,10.07,2.34,1.59,,,,,,0.7499999999999998
2017-10-19,10.05,2.33,1.58,,,,,,0.75
2017-10-20,9.97,2.39,1.6,,,,,,0.79
2017-10-23,11.07,2.38,1.58,,,,,,0.7999999999999998
2017-10-24,11.16,2.42,1.6,,,,,,0.8199999999999998
2017-10-25,11.23,2.44,1.61,,,,,,0.8299999999999998
2017-10-26,11.3,2.46,1.63,,,,,,0.8300000000000001
2017-10-27,9.8,2.42,1.59,,,,,,0.8299999999999998
2017-10-30,10.5,2.37,1.58,,,,,,0.79
2017-10-31,10.18,2.38,1.6,,,,,,0.7799999999999998
2017-11-01,10.2,2.37,1.61,1.16,247.284,0.02172493864295566,4.2,0.0,0.76
2017-11-02,9.93,2.35,1.61,,,,,,0.74
2017-11-03,9.14,2.34,1.63,,,,,,0.71
2017-11-06,9.4,2.32,1.61,,,,,,0.7099999999999997
2017-11-07,9.89,2.32,1.63,,,,,,0.69
2017-11-08,9.78,2.32,1.65,,,,,,0.6699999999999999
2017-11-09,10.5,2.33,1.63,,,,,,0.7000000000000002
2017-11-10,11.29,2.4,1.67,,,,,,0.73
2017-11-13,11.5,2.4,1.7,,,,,,0.7
2017-11-14,11.59,2.38,1.68,,,,,,0.7
2017-11-15,13.13,2.33,1.68,,,,,,0.6500000000000001
2017-11-16,11.76,2.37,1.72,,,,,,0.6500000000000001
2017-11-17,11.43,2.35,1.73,,,,,,0.6200000000000001
2017-11-20,10.65,2.37,1.77,,,,,,0.6000000000000001
2017-11-21,9.73,2.36,1.77,,,,,,0.5899999999999999
2017-11-22,9.88,2.32,1.74,,,,,,0.5799999999999998
2017-11-23,,,,,,,,,
2017-11-24,9.67,2.34,1.75,,,,,,0.5899999999999999
2017-11-27,9.87,2.32,1.74,,,,,,0.5799999999999998
2017-11-28,10.03,2.34,1.75,,,,,,0.5899999999999999
2017-11-29,10.7,2.37,1.78,,,,,,0.5900000000000001
2017-11-30,11.28,2.42,1.78,,,,,,0.6399999999999999
2017-12-01,11.43,2.37,1.78,1.3,247.805,0.021299307195522532,4.1,0.0,0.5900000000000001
2017-12-04,11.68,2.37,1.8,,,,,,0.5700000000000001
2017-12-05,11.33,2.36,1.83,,,,,,0.5299999999999998
2017-12-06,11.02,2.33,1.78,,,,,,0.55
2017-12-07,10.16,2.37,1.8,,,,,,0.5700000000000001
2017-12-08,9.58,2.38,1.8,,,,,,0.5799999999999998
2017-12-11,9.34,2.39,1.82,,,,,,0.5700000000000001
2017-12-12,9.92,2.4,1.83,,,,,,0.5699999999999998
2017-12-13,10.18,2.36,1.79,,,,,,0.5699999999999998
2017-12-14,10.49,2.35,1.82,,,,,,0.53
2017-12-15,9.42,2.35,1.84,,,,,,0.51
2017-12-18,9.53,2.39,1.84,,,,,,0.55
2017-12-19,10.03,2.46,1.87,,,,,,0.5899999999999999
2017-12-20,9.72,2.49,1.87,,,,,,0.6200000000000001
2017-12-21,9.62,2.48,1.89,,,,,,0.5900000000000001
2017-12-22,9.9,2.48,1.91,,,,,,0.5700000000000001
2017-12-25,,,,,,,,,
2017-12-26,10.25,2.47,1.92,,,,,,0.5500000000000003
2017-12-27,10.47,2.42,1.89,,,,,,0.53
2017-12-28,10.18,2.43,1.91,,,,,,0.5200000000000002
2017-12-29,11.04,2.4,1.89,,,,,,0.51
2018-01-01,,,,1.41,248.859,0.02151318868063945,4.0,0.0,
2018-01-02,9.77,2.46,1.92,,,,,,0.54
2018-01-03,9.15,2.44,1.94,,,,,,0.5
2018-01-04,9.22,2.46,1.96,,,,,,0.5
2018-01-05,9.22,2.47,1.96,,,,,,0.5100000000000002
2018-01-08,9.52,2.49,1.96,,,,,,0.5300000000000002
2018-01-09,10.08,2.55,1.98,,,,,,0.5699999999999998
2018-01-10,9.82,2.55,1.98,,,,,,0.5699999999999998
2018-01-11,9.88,2.54,1.98,,,,,,0.56
2018-01-12,10.16,2.55,1.99,,,,,,0.5599999999999998
2018-01-15,,,,,,,,,
2018-01-16,11.66,2.54,2.03,,,,,,0.5100000000000002
2018-01-17,11.91,2.57,2.05,,,,,,0.52
2018-01-18,12.22,2.62,2.05,,,,,,0.5700000000000003
2018-01-19,11.27,2.64,2.06,,,,,,0.5800000000000001
2018-01-22,11.03,2.66,2.08,,,,,,0.5800000000000001
2018-01-23,11.1,2.63,2.06,,,,,,0.5699999999999998
2018-01-24,11.47,2.65,2.08,,,,,,0.5699999999999998
2018-01-25,11.58,2.63,2.08,,,,,,0.5499999999999998
2018-01-26,11.08,2.66,2.13,,,,,,0.5300000000000002
2018-01-29,13.84,2.7,2.11,,,,,,0.5900000000000003
2018-01-30,14.79,2.73,2.13,,,,,,0.6000000000000001
2018-01-31,13.54,2.72,2.14,,,,,,0.5800000000000001
2018-02-01,13.47,2.78,2.16,1.42,249.529,0.02263468931091861,4.1,0.0,0.6199999999999997
2018-02-02,17.31,2.84,2.15,,,,,,0.69
2018-02-05,37.32,2.77,2.08,,,,,,0.69
2018-02-06,29.98,2.79,2.1,,,,,,0.69
2018-02-07,27.73,2.84,2.15,,,,,,0.69
2018-02-08,33.46,2.85,2.13,,,,,,0.7200000000000002
2018-02-09,29.06,2.83,2.05,,,,,,0.7800000000000002
2018-02-12,25.61,2.86,2.09,,,,,,0.77
2018-02-13,24.97,2.83,2.1,,,,,,0.73
2018-02-14,19.26,2.91,2.17,,,,,,0.7400000000000002
2018-02-15,19.13,2.9,2.19,,,,,,0.71
2018-02-16,19.46,2.87,2.21,,,,,,0.6600000000000001
2018-02-19,,,,,,,,,
2018-02-20,20.6,2.88,2.25,,,,,,0.6299999999999999
2018-02-21,20.02,2.94,2.26,,,,,,0.6800000000000002
2018-02-22,18.72,2.92,2.25,,,,,,0.6699999999999999
2018-02-23,16.49,2.88,2.25,,,,,,0.6299999999999999
2018-02-26,15.8,2.86,2.22,,,,,,0.6399999999999997
2018-02-27,18.59,2.9,2.27,,,,,,0.6299999999999999
2018-02-28,19.85,2.87,2.25,,,,,,0.6200000000000001
2018-03-01,22.47,2.81,2.22,1.51,249.577,0.023309497646499366,4.0,0.0,0.5899999999999999
2018-03-02,19.59,2.86,2.25,,,,,,0.6099999999999999
2018-03-05,18.73,2.88,2.24,,,,,,0.6399999999999997
2018-03-06,18.36,2.88,2.25,,,,,,0.6299999999999999
2018-03-07,17.76,2.89,2.25,,,,,,0.6400000000000001
2018-03-08,16.54,2.86,2.25,,,,,,0.6099999999999999
2018-03-09,14.64,2.9,2.27,,,,,,0.6299999999999999
2018-03-12,15.78,2.87,2.27,,,,,,0.6000000000000001
2018-03-13,16.35,2.84,2.26,,,,,,0.5800000000000001
2018-03-14,17.23,2.81,2.26,,,,,,0.5500000000000003
2018-03-15,16.59,2.82,2.29,,,,,,0.5299999999999998
2018-03-16,15.8,2.85,2.31,,,,,,0.54
2018-03-19,19.02,2.85,2.31,,,,,,0.54
2018-03-20,18.2,2.89,2.34,,,,,,0.5500000000000003
2018-03-21,17.86,2.89,2.31,,,,,,0.5800000000000001
2018-03-22,23.34,2.83,2.29,,,,,,0.54
2018-03-23,24.87,2.82,2.28,,,,,,0.54
2018-03-26,21.03,2.85,2.33,,,,,,0.52
2018-03-27,22.5,2.78,2.26,,,,,,0.52
2018-03-28,22.87,2.77,2.28,,,,,,0.4900000000000002
2018-03-29,19.97,2.74,2.27,,,,,,0.4700000000000002
2018-03-30,,,,,,,,,
2018-04-01,,,,1.69,250.227,0.024709963021052994,4.0,0.0,
2018-04-02,23.62,2.73,2.25,,,,,,0.48
2018-04-03,21.1,2.79,2.28,,,,,,0.5100000000000002
2018-04-04,20.06,2.79,2.28,,,,,,0.5100000000000002
2018-04-05,18.94,2.83,2.3,,,,,,0.5300000000000002
2018-04-06,21.49,2.77,2.27,,,,,,0.5
2018-04-09,21.77,2.78,2.29,,,,,,0.48999999999999977
2018-04-10,20.47,2.8,2.32,,,,,,0.48
2018-04-11,20.24,2.79,2.32,,,,,,0.4700000000000002
2018-04-12,18.49,2.83,2.34,,,,,,0.4900000000000002
2018-04-13,17.41,2.82,2.37,,,,,,0.44999999999999973
2018-04-16,16.56,2.83,2.39,,,,,,0.43999999999999995
2018-04-17,15.25,2.82,2.41,,,,,,0.4099999999999997
2018-04-18,15.6,2.87,2.42,,,,,,0.4500000000000002
2018-04-19,15.96,2.92,2.44,,,,,,0.48
2018-04-20,16.88,2.96,2.46,,,,,,0.5
2018-04-23,16.34,2.98,2.49,,,,,,0.48999999999999977
2018-04-24,18.02,3.0,2.48,,,,,,0.52
2018-04-25,17.84,3.03,2.49,,,,,,0.5399999999999996
2018-04-26,16.24,3.0,2.49,,,,,,0.5099999999999998
2018-04-27,15.41,2.96,2.49,,,,,,0.46999999999999975
2018-04-30,15.93,2.95,2.49,,,,,,0.45999999999999996
2018-05-01,15.49,2.97,2.5,1.7,250.792,0.02781921607842497,3.8,0.0,0.4700000000000002
2018-05-02,15.97,2.97,2.49,,,,,,0.48
2018-05-03,15.9,2.94,2.49,,,,,,0.44999999999999973
2018-05-04,14.77,2.95,2.51,,,,,,0.4400000000000004
2018-05-07,14.75,2.95,2.49,,,,,,0.45999999999999996
2018-05-08,14.71,2.97,2.51,,,,,,0.4600000000000004
2018-05-09,13.42,3.0,2.54,,,,,,0.45999999999999996
2018-05-10,13.23,2.97,2.54,,,,,,0.43000000000000016
2018-05-11,12.65,2.97,2.54,,,,,,0.43000000000000016
2018-05-14,12.93,3.0,2.55,,,,,,0.4500000000000002
2018-05-15,14.63,3.08,2.58,,,,,,0.5
2018-05-16,13.42,3.09,2.58,,,,,,0.5099999999999998
2018-05-17,13.43,3.11,2.57,,,,,,0.54
2018-05-18,13.42,3.06,2.55,,,,,,0.5100000000000002
2018-05-21,13.08,3.06,2.58,,,,,,0.48
2018-05-22,13.22,3.06,2.59,,,,,,0.4700000000000002
2018-05-23,12.58,3.01,2.53,,,,,,0.48
2018-05-24,12.53,2.98,2.5,,,,,,0.48
2018-05-25,13.22,2.93,2.48,,,,,,0.4500000000000002
2018-05-28,,,,,,,,,
2018-05-29,17.02,2.77,2.32,,,,,,0.4500000000000002
2018-05-30,14.94,2.84,2.42,,,,,,0.41999999999999993
2018-05-31,15.43,2.83,2.4,,,,,,0.43000000000000016
2018-06-01,13.46,2.89,2.47,1.82,251.018,0.028075506935940187,4.0,0.0,0.41999999999999993
2018-06-04,12.74,2.94,2.52,,,,,,0.41999999999999993
2018-06-05,12.4,2.92,2.49,,,,,,0.4299999999999997
2018-06-06,11.64,2.97,2.52,,,,,,0.4500000000000002
2018-06-07,12.13,2.93,2.5,,,,,,0.43000000000000016
2018-06-08,12.18,2.93,2.5,,,,,,0.43000000000000016
2018-06-11,12.35,2.96,2.52,,,,,,0.43999999999999995
2018-06-12,12.34,2.96,2.54,,,,,,0.41999999999999993
2018-06-13,12.94,2.98,2.59,,,,,,0.3900000000000001
2018-06-14,12.12,2.94,2.59,,,,,,0.3500000000000001
2018-06-15,11.98,2.93,2.55,,,,,,0.38000000000000034
2018-06-18,12.31,2.92,2.56,,,,,,0.3599999999999999
2018-06-19,13.35,2.89,2.54,,,,,,0.3500000000000001
2018-06-20,12.79,2.93,2.56,,,,,,0.3700000000000001
2018-06-21,14.64,2.9,2.56,,,,,,0.33999999999999986
2018-06-22,13.77,2.9,2.56,,,,,,0.33999999999999986
2018-06-25,17.33,2.87,2.54,,,,,,0.33000000000000007
2018-06-26,15.92,2.88,2.53,,,,,,0.3500000000000001
2018-06-27,17.91,2.83,2.52,,,,,,0.31000000000000005
2018-06-28,16.85,2.84,2.52,,,,,,0.31999999999999984
2018-06-29,16.09,2.85,2.52,,,,,,0.33000000000000007
2018-07-01,,,,1.91,251.214,0.02854124785561929,3.8,0.0,
2018-07-02,15.6,2.87,2.57,,,,,,0.30000000000000027
2018-07-03,16.14,2.83,2.53,,,,,,0.30000000000000027
2018-07-04,,,,,,,,,
2018-07-05,14.97,2.84,2.55,,,,,,0.29000000000000004
2018-07-06,13.37,2.82,2.53,,,,,,0.29000000000000004
2018-07-09,12.69,2.86,2.57,,,,,,0.29000000000000004
2018-07-10,12.64,2.87,2.59,,,,,,0.28000000000000025
2018-07-11,13.63,2.85,2.58,,,,,,0.27
2018-07-12,12.58,2.85,2.6,,,,,,0.25
2018-07-13,12.18,2.83,2.59,,,,,,0.2400000000000002
2018-07-16,12.83,2.85,2.59,,,,,,0.26000000000000023
2018-07-17,12.06,2.86,2.62,,,,,,0.23999999999999977
2018-07-18,12.1,2.88,2.6,,,,,,0.2799999999999998
2018-07-19,12.87,2.84,2.6,,,,,,0.23999999999999977
2018-07-20,12.86,2.89,2.6,,,,,,0.29000000000000004
2018-07-23,12.62,2.96,2.64,,,,,,0.31999999999999984
2018-07-24,12.41,2.95,2.63,,,,,,0.3200000000000003
2018-07-25,12.29,2.94,2.66,,,,,,0.2799999999999998
2018-07-26,12.14,2.98,2.69,,,,,,0.29000000000000004
2018-07-27,13.03,2.96,2.67,,,,,,0.29000000000000004
2018-07-30,14.26,2.98,2.66,,,,,,0.31999999999999984
2018-07-31,12.83,2.96,2.67,,,,,,0.29000000000000004
2018-08-01,13.15,3.0,2.67,1.91,251.663,0.026429238568742575,3.8,0.0,0.33000000000000007
2018-08-02,12.19,2.98,2.66,,,,,,0.31999999999999984
2018-08-03,11.64,2.95,2.63,,,,,,0.3200000000000003
2018-08-06,11.27,2.94,2.64,,,,,,0.2999999999999998
2018-08-07,10.93,2.98,2.68,,,,,,0.2999999999999998
2018-08-08,10.85,2.96,2.68,,,,,,0.2799999999999998
2018-08-09,11.27,2.93,2.64,,,,,,0.29000000000000004
2018-08-10,13.16,2.87,2.61,,,,,,0.26000000000000023
2018-08-13,14.78,2.88,2.61,,,,,,0.27
2018-08-14,13.31,2.89,2.63,,,,,,0.26000000000000023
2018-08-15,14.64,2.86,2.61,,,,,,0.25
2018-08-16,13.45,2.87,2.63,,,,,,0.2400000000000002
2018-08-17,12.64,2.87,2.61,,,,,,0.26000000000000023
2018-08-20,12.49,2.82,2.6,,,,,,0.21999999999999975
2018-08-21,12.86,2.85,2.61,,,,,,0.2400000000000002
2018-08-22,12.25,2.82,2.6,,,,,,0.21999999999999975
2018-08-23,12.41,2.82,2.61,,,,,,0.20999999999999996
2018-08-24,11.99,2.82,2.63,,,,,,0.18999999999999995
2018-08-27,12.16,2.85,2.67,,,,,,0.18000000000000016
2018-08-28,12.5,2.88,2.67,,,,,,0.20999999999999996
2018-08-29,12.25,2.89,2.67,,,,,,0.2200000000000002
2018-08-30,13.53,2.86,2.64,,,,,,0.21999999999999975
2018-08-31,12.86,2.86,2.62,,,,,,0.23999999999999977
2018-09-01,,,,1.95,252.182,0.02332055105808828,3.7,0.0,
2018-09-03,,,,,,,,,
2018-09-04,13.16,2.9,2.66,,,,,,0.23999999999999977
2018-09-05,13.91,2.9,2.66,,,,,,0.23999999999999977
2018-09-06,14.65,2.88,2.64,,,,,,0.23999999999999977
2018-09-07,14.88,2.94,2.71,,,,,,0.22999999999999998
2018-09-10,14.16,2.94,2.73,,,,,,0.20999999999999996
2018-09-11,13.22,2.98,2.76,,,,,,0.2200000000000002
2018-09-12,13.14,2.97,2.74,,,,,,0.22999999999999998
2018-09-13,12.37,2.97,2.76,,,,,,0.2100000000000004
2018-09-14,12.07,2.99,2.78,,,,,,0.2100000000000004
2018-09-17,13.68,2.99,2.78,,,,,,0.2100000000000004
2018-09-18,12.79,3.05,2.81,,,,,,0.23999999999999977
2018-09-19,11.75,3.08,2.81,,,,,,0.27
2018-09-20,11.8,3.07,2.81,,,,,,0.2599999999999998
2018-09-21,11.68,3.07,2.81,,,,,,0.2599999999999998
2018-09-24,12.2,3.08,2.83,,,,,,0.25
2018-09-25,12.42,3.1,2.83,,,,,,0.27
2018-09-26,12.89,3.06,2.83,,,,,,0.22999999999999998
2018-09-27,12.41,3.06,2.83,,,,,,0.22999999999999998
2018-09-28,12.12,3.05,2.81,,,,,,0.23999999999999977
2018-10-01,12.0,3.09,2.82,2.19,252.772,0.02492032470218053,3.8,0.0,0.27
2018-10-02,12.05,3.05,2.82,,,,,,0.22999999999999998
2018-10-03,11.61,3.15,2.85,,,,,,0.2999999999999998
2018-10-04,14.22,3.19,2.87,,,,,,0.31999999999999984
2018-10-05,14.82,3.23,2.88,,,,,,0.3500000000000001
2018-10-08,15.69,,,,,,,,
2018-10-09,15.95,3.21,2.88,,,,,,0.33000000000000007
2018-10-10,22.96,3.22,2.88,,,,,,0.3400000000000003
2018-10-11,24.98,3.14,2.85,,,,,,0.29000000000000004
2018-10-12,21.31,3.15,2.85,,,,,,0.2999999999999998
2018-10-15,21.3,3.16,2.85,,,,,,0.31000000000000005
2018-10-16,17.62,3.16,2.87,,,,,,0.29000000000000004
2018-10-17,17.4,3.19,2.89,,,,,,0.2999999999999998
2018-10-18,20.06,3.17,2.87,,,,,,0.2999999999999998
2018-10-19,19.89,3.2,2.92,,,,,,0.28000000000000025
2018-10-22,19.64,3.2,2.92,,,,,,0.28000000000000025
2018-10-23,20.71,3.17,2.89,,,,,,0.2799999999999998
2018-10-24,25.23,3.1,2.84,,,,,,0.26000000000000023
2018-10-25,24.22,3.14,2.86,,,,,,0.28000000000000025
2018-10-26,24.16,3.08,2.81,,,,,,0.27
2018-10-29,24.7,3.08,2.81,,,,,,0.27
2018-10-30,23.35,3.12,2.84,,,,,,0.28000000000000025
2018-10-31,21.23,3.15,2.87,,,,,,0.2799999999999998
2018-11-01,19.34,3.14,2.84,2.2,252.594,0.02147328577667773,3.8,0.0,0.30000000000000027
2018-11-02,19.51,3.22,2.91,,,,,,0.31000000000000005
2018-11-05,19.96,3.2,2.91,,,,,,0.29000000000000004
2018-11-06,19.91,3.22,2.93,,,,,,0.29000000000000004
2018-11-07,16.36,3.22,2.96,,,,,,0.26000000000000023
2018-11-08,16.72,3.24,2.98,,,,,,0.26000000000000023
2018-11-09,17.36,3.19,2.94,,,,,,0.25
2018-11-12,20.45,,,,,,,,
2018-11-13,20.02,3.14,2.89,,,,,,0.25
2018-11-14,21.25,3.12,2.86,,,,,,0.26000000000000023
2018-11-15,19.98,3.11,2.86,,,,,,0.25
2018-11-16,18.14,3.08,2.81,,,,,,0.27
2018-11-19,20.1,3.06,2.79,,,,,,0.27
2018-11-20,22.48,3.06,2.79,,,,,,0.27
2018-11-21,20.8,3.06,2.81,,,,,,0.25
2018-11-22,,,,,,,,,
2018-11-23,21.52,3.05,2.81,,,,,,0.23999999999999977
2018-11-26,18.9,3.07,2.84,,,,,,0.22999999999999998
2018-11-27,19.02,3.06,2.83,,,,,,0.22999999999999998
2018-11-28,18.49,3.06,2.81,,,,,,0.25
2018-11-29,18.79,3.03,2.81,,,,,,0.21999999999999975
2018-11-30,18.07,3.01,2.8,,,,,,0.20999999999999996
2018-12-01,,,,2.27,252.767,0.020023809043401064,3.9,0.0,
2018-12-03,16.44,2.98,2.83,,,,,,0.1499999999999999
2018-12-04,20.74,2.91,2.8,,,,,,0.11000000000000032
2018-12-05,,,,,,,,,
2018-12-06,21.19,2.87,2.75,,,,,,0.1200000000000001
2018-12-07,23.23,2.85,2.72,,,,,,0.1299999999999999
2018-12-10,22.64,2.85,2.72,,,,,,0.1299999999999999
2018-12-11,21.76,2.89,2.78,,,,,,0.11000000000000032
2018-12-12,21.46,2.91,2.77,,,,,,0.14000000000000012
2018-12-13,20.65,2.91,2.75,,,,,,0.16000000000000014
2018-12-14,21.63,2.89,2.73,,,,,,0.16000000000000014
2018-12-17,24.52,2.86,2.7,,,,,,0.1599999999999997
2018-12-18,25.58,2.82,2.65,,,,,,0.16999999999999993
2018-12-19,25.58,2.77,2.63,,,,,,0.14000000000000012
2018-12-20,28.38,2.79,2.67,,,,,,0.1200000000000001
2018-12-21,30.11,2.79,2.63,,,,,,0.16000000000000014
2018-12-24,36.07,2.74,2.55,,,,,,0.1900000000000004
2018-12-25,,,,,,,,,
2018-12-26,30.41,2.81,2.61,,,,,,0.20000000000000018
2018-12-27,29.96,2.77,2.56,,,,,,0.20999999999999996
2018-12-28,28.34,2.72,2.52,,,,,,0.20000000000000018
2018-12-31,25.42,2.69,2.48,,,,,,0.20999999999999996
2019-01-01,,,,2.4,252.561,0.014875893578291333,4.0,0.0,
2019-01-02,23.22,2.66,2.5,,,,,,0.16000000000000014
2019-01-03,25.45,2.56,2.39,,,,,,0.16999999999999993
2019-01-04,21.38,2.67,2.5,,,,,,0.16999999999999993
2019-01-07,21.4,2.7,2.53,,,,,,0.17000000000000037
2019-01-08,20.47,2.73,2.58,,,,,,0.1499999999999999
2019-01-09,19.98,2.74,2.56,,,,,,0.18000000000000016
2019-01-10,19.5,2.74,2.56,,,,,,0.18000000000000016
2019-01-11,18.19,2.71,2.55,,,,,,0.16000000000000014
2019-01-14,19.07,2.71,2.53,,,,,,0.18000000000000016
2019-01-15,18.6,2.72,2.53,,,,,,0.1900000000000004
2019-01-16,19.04,2.73,2.55,,,,,,0.18000000000000016
2019-01-17,18.06,2.75,2.56,,,,,,0.18999999999999995
2019-01-18,17.8,2.79,2.62,,,,,,0.16999999999999993
2019-01-21,,,,,,,,,
2019-01-22,20.8,2.74,2.58,,,,,,0.16000000000000014
2019-01-23,19.52,2.76,2.58,,,,,,0.17999999999999972
2019-01-24,18.89,2.72,2.56,,,,,,0.16000000000000014
2019-01-25,17.42,2.76,2.6,,,,,,0.1599999999999997
2019-01-28,18.87,2.75,2.6,,,,,,0.1499999999999999
2019-01-29,19.13,2.72,2.56,,,,,,0.16000000000000014
2019-01-30,17.66,2.7,2.52,,,,,,0.18000000000000016
2019-01-31,16.57,2.63,2.45,,,,,,0.17999999999999972
2019-02-01,16.14,2.7,2.52,2.4,253.319,0.015188615351321877,3.8,0.0,0.18000000000000016
2019-02-04,15.73,2.73,2.53,,,,,,0.20000000000000018
2019-02-05,15.57,2.71,2.53,,,,,,0.18000000000000016
2019-02-06,15.38,2.7,2.52,,,,,,0.18000000000000016
2019-02-07,16.37,2.65,2.48,,,,,,0.16999999999999993
2019-02-08,15.72,2.63,2.45,,,,,,0.17999999999999972
2019-02-11,15.97,2.65,2.48,,,,,,0.16999999999999993
2019-02-12,15.43,2.68,2.5,,,,,,0.18000000000000016
2019-02-13,15.65,2.71,2.53,,,,,,0.18000000000000016
2019-02-14,16.22,2.66,2.5,,,,,,0.16000000000000014
2019-02-15,14.91,2.66,2.52,,,,,,0.14000000000000012
2019-02-18,,,,,,,,,
2019-02-19,14.88,2.65,2.5,,,,,,0.1499999999999999
2019-02-20,14.02,2.65,2.5,,,,,,0.1499999999999999
2019-02-21,14.46,2.69,2.53,,,,,,0.16000000000000014
2019-02-22,13.51,2.65,2.48,,,,,,0.16999999999999993
2019-02-25,14.85,2.67,2.51,,,,,,0.16000000000000014
2019-02-26,15.17,2.64,2.48,,,,,,0.16000000000000014
2019-02-27,14.7,2.69,2.5,,,,,,0.18999999999999995
2019-02-28,14.78,2.73,2.52,,,,,,0.20999999999999996
2019-03-01,13.57,2.76,2.55,2.41,254.277,0.018831863513063984,3.8,0.0,0.20999999999999996
2019-03-04,14.63,2.72,2.55,,,,,,0.17000000000000037
2019-03-05,14.74,2.72,2.55,,,,,,0.17000000000000037
2019-03-06,15.74,2.69,2.52,,,,,,0.16999999999999993
2019-03-07,16.59,2.64,2.47,,,,,,0.16999999999999993
2019-03-08,16.05,2.62,2.45,,,,,,0.16999999999999993
2019-03-11,14.33,2.64,2.47,,,,,,0.16999999999999993
2019-03-12,13.77,2.61,2.45,,,,,,0.1599999999999997
2019-03-13,13.41,2.61,2.45,,,,,,0.1599999999999997
2019-03-14,13.5,2.63,2.46,,,,,,0.16999999999999993
2019-03-15,12.88,2.59,2.43,,,,,,0.1599999999999997
2019-03-18,13.1,2.6,2.45,,,,,,0.1499999999999999
2019-03-19,13.56,2.61,2.46,,,,,,0.1499999999999999
2019-03-20,13.91,2.54,2.4,,,,,,0.14000000000000012
2019-03-21,13.63,2.54,2.41,,,,,,0.1299999999999999
2019-03-22,16.48,2.44,2.31,,,,,,0.1299999999999999
2019-03-25,16.33,2.43,2.26,,,,,,0.17000000000000037
2019-03-26,14.68,2.41,2.24,,,,,,0.16999999999999993
2019-03-27,15.15,2.39,2.22,,,,,,0.16999999999999993
2019-03-28,14.43,2.39,2.23,,,,,,0.16000000000000014
2019-03-29,13.71,2.41,2.27,,,,,,0.14000000000000012
2019-04-01,13.4,2.49,2.33,2.42,255.233,0.020005834702090608,3.7,0.0,0.16000000000000014
2019-04-02,13.36,2.48,2.3,,,,,,0.18000000000000016
2019-04-03,13.74,2.52,2.33,,,,,,0.18999999999999995
2019-04-04,13.58,2.51,2.33,,,,,,0.17999999999999972
2019-04-05,12.82,2.5,2.35,,,,,,0.1499999999999999
2019-04-08,13.18,2.52,2.36,,,,,,0.16000000000000014
2019-04-09,14.28,2.51,2.35,,,,,,0.1599999999999997
2019-04-10,13.3,2.48,2.31,,,,,,0.16999999999999993
2019-04-11,13.02,2.51,2.35,,,,,,0.1599999999999997
2019-04-12,12.01,2.56,2.4,,,,,,0.16000000000000014
2019-04-15,12.32,2.55,2.4,,,,,,0.1499999999999999
2019-04-16,12.18,2.6,2.41,,,,,,0.18999999999999995
2019-04-17,12.6,2.59,2.4,,,,,,0.18999999999999995
2019-04-18,12.09,2.57,2.38,,,,,,0.18999999999999995
2019-04-19,,,,,,,,,
2019-04-22,12.42,2.59,2.38,,,,,,0.20999999999999996
2019-04-23,12.28,2.57,2.36,,,,,,0.20999999999999996
2019-04-24,13.14,2.53,2.32,,,,,,0.20999999999999996
2019-04-25,13.25,2.54,2.33,,,,,,0.20999999999999996
2019-04-26,12.73,2.51,2.28,,,,,,0.22999999999999998
2019-04-29,13.11,2.54,2.3,,,,,,0.2400000000000002
2019-04-30,13.12,2.51,2.27,,,,,,0.23999999999999977
2019-05-01,14.8,2.52,2.31,2.39,255.296,0.017959105553606136,3.6,0.0,0.20999999999999996
2019-05-02,14.42,2.55,2.35,,,,,,0.19999999999999973
2019-05-03,12.87,2.54,2.33,,,,,,0.20999999999999996
2019-05-06,15.44,2.51,2.31,,,,,,0.19999999999999973
2019-05-07,19.32,2.45,2.28,,,,,,0.17000000000000037
2019-05-08,19.4,2.49,2.3,,,,,,0.1900000000000004
2019-05-09,19.1,2.45,2.26,,,,,,0.1900000000000004
2019-05-10,16.04,2.47,2.26,,,,,,0.2100000000000004
2019-05-13,20.55,2.4,2.18,,,,,,0.21999999999999975
2019-05-14,18.06,2.42,2.2,,,,,,0.21999999999999975
2019-05-15,16.44,2.37,2.16,,,,,,0.20999999999999996
2019-05-16,15.29,2.4,2.2,,,,,,0.19999999999999973
2019-05-17,15.96,2.39,2.2,,,,,,0.18999999999999995
2019-05-20,16.31,2.41,2.21,,,,,,0.20000000000000018
2019-05-21,14.95,2.43,2.26,,,,,,0.17000000000000037
2019-05-22,14.75,2.39,2.23,,,,,,0.16000000000000014
2019-05-23,16.92,2.31,2.12,,,,,,0.18999999999999995
2019-05-24,15.85,2.32,2.16,,,,,,0.1599999999999997
2019-05-27,,,,,,,,,
2019-05-28,17.5,2.26,2.12,,,,,,0.13999999999999968
2019-05-29,17.9,2.25,2.09,,,,,,0.16000000000000014
2019-05-30,17.3,2.22,2.06,,,,,,0.16000000000000014
2019-05-31,18.71,2.14,1.95,,,,,,0.19000000000000017
2019-06-01,,,,2.38,255.213,0.01671194894390049,3.6,0.0,
2019-06-03,18.86,2.07,1.82,,,,,,0.24999999999999978
2019-06-04,16.97,2.12,1.88,,,,,,0.2400000000000002
2019-06-05,16.09,2.12,1.83,,,,,,0.29000000000000004
2019-06-06,15.93,2.12,1.88,,,,,,0.2400000000000002
2019-06-07,16.3,2.09,1.85,,,,,,0.23999999999999977
2019-06-10,15.94,2.15,1.9,,,,,,0.25
2019-06-11,15.99,2.15,1.93,,,,,,0.21999999999999997
2019-06-12,15.91,2.13,1.88,,,,,,0.25
2019-06-13,15.82,2.1,1.83,,,,,,0.27
2019-06-14,15.28,2.09,1.84,,,,,,0.24999999999999978
2019-06-17,15.35,2.09,1.86,,,,,,0.22999999999999976
2019-06-18,15.15,2.06,1.86,,,,,,0.19999999999999996
2019-06-19,14.33,2.03,1.74,,,,,,0.2899999999999998
2019-06-20,14.75,2.01,1.72,,,,,,0.2899999999999998
2019-06-21,15.4,2.07,1.77,,,,,,0.2999999999999998
2019-06-24,15.26,2.02,1.72,,,,,,0.30000000000000004
2019-06-25,16.28,2.0,1.71,,,,,,0.29000000000000004
2019-06-26,16.21,2.05,1.77,,,,,,0.2799999999999998
2019-06-27,15.82,2.01,1.74,,,,,,0.2699999999999998
2019-06-28,15.08,2.0,1.75,,,,,,0.25
2019-07-01,14.06,2.03,1.78,2.4,255.802,0.01826331335037068,3.7,0.0,0.24999999999999978
2019-07-02,12.93,1.98,1.77,,,,,,0.20999999999999996
2019-07-03,12.57,1.96,1.77,,,,,,0.18999999999999995
2019-07-04,,,,,,,,,
2019-07-05,13.28,2.04,1.87,,,,,,0.16999999999999993
2019-07-08,13.96,2.05,1.88,,,,,,0.16999999999999993
2019-07-09,14.09,2.07,1.92,,,,,,0.1499999999999999
2019-07-10,13.03,2.07,1.82,,,,,,0.24999999999999978
2019-07-11,12.93,2.13,1.85,,,,,,0.2799999999999998
2019-07-12,12.39,2.12,1.84,,,,,,0.28
2019-07-15,12.68,2.09,1.83,,,,,,0.2599999999999998
2019-07-16,12.86,2.13,1.87,,,,,,0.2599999999999998
2019-07-17,13.97,2.06,1.83,,,,,,0.22999999999999998
2019-07-18,13.53,2.04,1.77,,,,,,0.27
2019-07-19,14.45,2.05,1.8,,,,,,0.24999999999999978
2019-07-22,13.53,2.05,1.8,,,,,,0.24999999999999978
2019-07-23,12.61,2.08,1.83,,,,,,0.25
2019-07-24,12.07,2.05,1.83,,,,,,0.21999999999999975
2019-07-25,12.74,2.08,1.86,,,,,,0.21999999999999997
2019-07-26,12.16,2.08,1.86,,,,,,0.21999999999999997
2019-07-29,12.83,2.06,1.85,,,,,,0.20999999999999996
2019-07-30,13.94,2.06,1.85,,,,,,0.20999999999999996
2019-07-31,16.12,2.02,1.89,,,,,,0.13000000000000012
2019-08-01,17.87,1.9,1.73,2.13,256.036,0.017376412106666406,3.6,0.0,0.16999999999999993
2019-08-02,17.61,1.86,1.72,,,,,,0.14000000000000012
2019-08-05,24.59,1.75,1.59,,,,,,0.15999999999999992
2019-08-06,20.17,1.73,1.6,,,,,,0.1299999999999999
2019-08-07,19.49,1.71,1.59,,,,,,0.11999999999999988
2019-08-08,16.91,1.72,1.62,,,,,,0.09999999999999987
2019-08-09,17.97,1.74,1.63,,,,,,0.1100000000000001
2019-08-12,21.09,1.65,1.58,,,,,,0.06999999999999984
2019-08-13,17.52,1.68,1.66,,,,,,0.020000000000000018
2019-08-14,22.1,1.59,1.58,,,,,,0.010000000000000009
2019-08-15,21.18,1.52,1.48,,,,,,0.040000000000000036
2019-08-16,18.47,1.55,1.48,,,,,,0.07000000000000006
2019-08-19,16.88,1.6,1.53,,,,,,0.07000000000000006
2019-08-20,17.5,1.55,1.5,,,,,,0.050000000000000044
2019-08-21,15.8,1.59,1.56,,,,,,0.030000000000000027
2019-08-22,16.68,1.62,1.61,,,,,,0.010000000000000009
2019-08-23,19.87,1.52,1.51,,,,,,0.010000000000000009
2019-08-26,19.32,1.54,1.54,,,,,,0.0
2019-08-27,20.31,1.49,1.53,,,,,,-0.040000000000000036
2019-08-28,19.35,1.47,1.5,,,,,,-0.030000000000000027
2019-08-29,17.88,1.5,1.53,,,,,,-0.030000000000000027
2019-08-30,18.98,1.5,1.5,,,,,,0.0
2019-09-01,,,,2.04,256.43,0.016844977040391562,3.5,0.0,
2019-09-02,,,,,,,,,
2019-09-03,19.66,1.47,1.47,,,,,,0.0
2019-09-04,17.33,1.47,1.43,,,,,,0.040000000000000036
2019-09-05,16.27,1.57,1.55,,,,,,0.020000000000000018
2019-09-06,15.0,1.55,1.53,,,,,,0.020000000000000018
2019-09-09,15.27,1.63,1.58,,,,,,0.04999999999999982
2019-09-10,15.2,1.72,1.67,,,,,,0.050000000000000044
2019-09-11,14.61,1.75,1.68,,,,,,0.07000000000000006
2019-09-12,14.22,1.79,1.72,,,,,,0.07000000000000006
2019-09-13,13.74,1.9,1.79,,,,,,0.10999999999999988
2019-09-16,14.67,1.84,1.74,,,,,,0.10000000000000009
2019-09-17,14.44,1.81,1.72,,,,,,0.09000000000000008
2019-09-18,13.95,1.8,1.77,,,,,,0.030000000000000027
2019-09-19,14.05,1.79,1.74,,,,,,0.050000000000000044
2019-09-20,15.32,1.74,1.69,,,,,,0.050000000000000044
2019-09-23,14.91,1.72,1.68,,,,,,0.040000000000000036
2019-09-24,17.05,1.64,1.6,,,,,,0.039999999999999813
2019-09-25,15.96,1.73,1.68,,,,,,0.050000000000000044
2019-09-26,16.07,1.7,1.66,,,,,,0.040000000000000036
2019-09-27,17.22,1.69,1.63,,,,,,0.06000000000000005
2019-09-30,16.24,1.68,1.63,,,,,,0.050000000000000044
2019-10-01,18.56,1.65,1.56,1.83,257.155,0.017339736996186295,3.6,0.0,0.08999999999999986
2019-10-02,20.56,1.6,1.48,,,,,,0.1200000000000001
2019-10-03,19.12,1.54,1.39,,,,,,0.15000000000000013
2019-10-04,17.04,1.52,1.4,,,,,,0.1200000000000001
2019-10-07,17.86,1.56,1.46,,,,,,0.10000000000000009
2019-10-08,20.28,1.54,1.42,,,,,,0.1200000000000001
2019-10-09,18.64,1.59,1.47,,,,,,0.1200000000000001
2019-10-10,17.57,1.67,1.53,,,,,,0.1399999999999999
2019-10-11,15.58,1.76,1.63,,,,,,0.13000000000000012
2019-10-14,14.57,,,,,,,,
2019-10-15,13.54,1.77,1.61,,,,,,0.15999999999999992
2019-10-16,13.68,1.75,1.58,,,,,,0.16999999999999993
2019-10-17,13.79,1.76,1.6,,,,,,0.15999999999999992
2019-10-18,14.25,1.76,1.58,,,,,,0.17999999999999994
2019-10-21,14.0,1.8,1.62,,,,,,0.17999999999999994
2019-10-22,14.46,1.78,1.6,,,,,,0.17999999999999994
2019-10-23,14.01,1.77,1.58,,,,,,0.18999999999999995
2019-10-24,13.71,1.77,1.58,,,,,,0.18999999999999995
2019-10-25,12.65,1.8,1.63,,,,,,0.17000000000000015
2019-10-28,13.11,1.85,1.64,,,,,,0.2100000000000002
2019-10-29,13.2,1.84,1.64,,,,,,0.20000000000000018
2019-10-30,12.33,1.78,1.61,,,,,,0.16999999999999993
2019-10-31,13.22,1.69,1.52,,,,,,0.16999999999999993
2019-11-01,12.3,1.73,1.56,1.55,257.879,0.020922903948629168,3.6,0.0,0.16999999999999993
2019-11-04,12.83,1.79,1.6,,,,,,0.18999999999999995
2019-11-05,13.1,1.86,1.63,,,,,,0.2300000000000002
2019-11-06,12.62,1.81,1.61,,,,,,0.19999999999999996
2019-11-07,12.73,1.92,1.68,,,,,,0.24
2019-11-08,12.07,1.94,1.68,,,,,,0.26
2019-11-11,12.69,,,,,,,,
2019-11-12,12.68,1.92,1.66,,,,,,0.26
2019-11-13,13.0,1.88,1.63,,,,,,0.25
2019-11-14,13.05,1.82,1.58,,,,,,0.24
2019-11-15,12.05,1.84,1.61,,,,,,0.22999999999999998
2019-11-18,12.46,1.81,1.6,,,,,,0.20999999999999996
2019-11-19,12.86,1.79,1.6,,,,,,0.18999999999999995
2019-11-20,12.78,1.73,1.56,,,,,,0.16999999999999993
2019-11-21,13.13,1.77,1.6,,,,,,0.16999999999999993
2019-11-22,12.34,1.77,1.61,,,,,,0.15999999999999992
2019-11-25,11.87,1.76,1.61,,,,,,0.1499999999999999
2019-11-26,11.54,1.74,1.58,,,,,,0.15999999999999992
2019-11-27,11.75,1.77,1.63,,,,,,0.14000000000000012
2019-11-28,,,,,,,,,
2019-11-29,12.62,1.78,1.61,,,,,,0.16999999999999993
2019-12-01,,,,1.55,258.63,0.023195274699624457,3.6,0.0,
2019-12-02,14.91,1.83,1.61,,,,,,0.21999999999999997
2019-12-03,15.96,1.72,1.53,,,,,,0.18999999999999995
2019-12-04,14.8,1.77,1.58,,,,,,0.18999999999999995
2019-12-05,14.52,1.8,1.58,,,,,,0.21999999999999997
2019-12-06,13.62,1.84,1.61,,,,,,0.22999999999999998
2019-12-09,15.86,1.83,1.63,,,,,,0.20000000000000018
2019-12-10,15.68,1.85,1.65,,,,,,0.20000000000000018
2019-12-11,14.99,1.79,1.61,,,,,,0.17999999999999994
2019-12-12,13.94,1.9,1.66,,,,,,0.24
2019-12-13,12.63,1.82,1.61,,,,,,0.20999999999999996
2019-12-16,12.14,1.89,1.65,,,,,,0.24
2019-12-17,12.29,1.89,1.63,,,,,,0.26
2019-12-18,12.58,1.92,1.63,,,,,,0.29000000000000004
2019-12-19,12.5,1.92,1.62,,,,,,0.2999999999999998
2019-12-20,12.51,1.92,1.63,,,,,,0.29000000000000004
2019-12-23,12.61,1.93,1.64,,,,,,0.29000000000000004
2019-12-24,12.67,1.9,1.62,,,,,,0.2799999999999998
2019-12-25,,,,,,,,,
2019-12-26,12.65,1.9,1.64,,,,,,0.26
2019-12-27,13.43,1.88,1.59,,,,,,0.2899999999999998
2019-12-30,14.82,1.9,1.58,,,,,,0.31999999999999984
2019-12-31,13.78,1.92,1.58,,,,,,0.33999999999999986
2020-01-01,,,,1.55,259.127,0.02599767976845202,3.6,0.0,
2020-01-02,12.47,1.88,1.58,,,,,,0.2999999999999998
2020-01-03,14.02,1.8,1.53,,,,,,0.27
2020-01-06,13.85,1.81,1.54,,,,,,0.27
2020-01-07,13.79,1.83,1.54,,,,,,0.29000000000000004
2020-01-08,13.45,1.87,1.58,,,,,,0.29000000000000004
2020-01-09,12.54,1.85,1.58,,,,,,0.27
2020-01-10,12.56,1.83,1.56,,,,,,0.27
2020-01-13,12.32,1.85,1.58,,,,,,0.27
2020-01-14,12.39,1.82,1.58,,,,,,0.24
2020-01-15,12.42,1.79,1.56,,,,,,0.22999999999999998
2020-01-16,12.32,1.81,1.58,,,,,,0.22999999999999998
2020-01-17,12.1,1.84,1.58,,,,,,0.26
2020-01-20,,,,,,,,,
2020-01-21,12.85,1.78,1.53,,,,,,0.25
2020-01-22,12.91,1.77,1.53,,,,,,0.24
2020-01-23,12.98,1.74,1.51,,,,,,0.22999999999999998
2020-01-24,14.56,1.7,1.49,,,,,,0.20999999999999996
2020-01-27,18.23,1.61,1.44,,,,,,0.17000000000000015
2020-01-28,16.28,1.65,1.45,,,,,,0.19999999999999996
2020-01-29,16.39,1.6,1.42,,,,,,0.18000000000000016
2020-01-30,15.49,1.57,1.41,,,,,,0.16000000000000014
2020-01-31,18.84,1.51,1.33,,,,,,0.17999999999999994
2020-02-01,,,,1.58,259.25,0.023413166797595197,3.5,0.0,
2020-02-03,17.97,1.54,1.36,,,,,,0.17999999999999994
2020-02-04,16.05,1.61,1.41,,,,,,0.20000000000000018
2020-02-05,15.15,1.66,1.44,,,,,,0.21999999999999997
2020-02-06,14.96,1.65,1.44,,,,,,0.20999999999999996
2020-02-07,15.47,1.59,1.41,,,,,,0.18000000000000016
2020-02-10,15.04,1.56,1.37,,,,,,0.18999999999999995
2020-02-11,15.18,1.59,1.41,,,,,,0.18000000000000016
2020-02-12,13.74,1.62,1.44,,,,,,0.18000000000000016
2020-02-13,14.15,1.61,1.44,,,,,,0.17000000000000015
2020-02-14,13.68,1.59,1.42,,,,,,0.17000000000000015
2020-02-17,,,,,,,,,
2020-02-18,14.83,1.55,1.41,,,,,,0.14000000000000012
2020-02-19,14.38,1.56,1.42,,,,,,0.14000000000000012
2020-02-20,15.56,1.52,1.39,,,,,,0.13000000000000012
2020-02-21,17.08,1.46,1.34,,,,,,0.11999999999999988
2020-02-24,25.03,1.38,1.26,,,,,,0.11999999999999988
2020-02-25,27.85,1.33,1.2,,,,,,0.13000000000000012
2020-02-26,27.56,1.33,1.16,,,,,,0.17000000000000015
2020-02-27,39.16,1.3,1.11,,,,,,0.18999999999999995
2020-02-28,40.11,1.13,0.86,,,,,,0.2699999999999999
2020-03-01,,,,0.65,258.076,0.014940399642909163,4.4,1.0,
2020-03-02,33.42,1.1,0.84,,,,,,0.2600000000000001
2020-03-03,36.82,1.02,0.71,,,,,,0.31000000000000005
2020-03-04,31.99,1.02,0.67,,,,,,0.35
2020-03-05,39.62,0.92,0.59,,,,,,0.33000000000000007
2020-03-06,41.94,0.74,0.49,,,,,,0.25
2020-03-09,54.46,0.54,0.38,,,,,,0.16000000000000003
2020-03-10,47.3,0.76,0.5,,,,,,0.26
2020-03-11,53.9,0.82,0.5,,,,,,0.31999999999999995
2020-03-12,75.47,0.88,0.5,,,,,,0.38
2020-03-13,57.83,0.94,0.49,,,,,,0.44999999999999996
2020-03-16,82.69,0.73,0.36,,,,,,0.37
2020-03-17,75.91,1.02,0.47,,,,,,0.55
2020-03-18,76.45,1.18,0.54,,,,,,0.6399999999999999
2020-03-19,72.0,1.12,0.44,,,,,,0.6800000000000002
2020-03-20,66.04,0.92,0.37,,,,,,0.55
2020-03-23,61.59,0.76,0.28,,,,,,0.48
2020-03-24,61.67,0.84,0.38,,,,,,0.45999999999999996
2020-03-25,63.95,0.88,0.34,,,,,,0.54
2020-03-26,61.0,0.83,0.3,,,,,,0.53
2020-03-27,65.54,0.72,0.25,,,,,,0.47
2020-03-30,57.08,0.7,0.23,,,,,,0.47
2020-03-31,53.54,0.7,0.23,,,,,,0.47
2020-04-01,57.06,0.62,0.23,0.05,256.032,0.003130472940411133,14.8,1.0,0.39
2020-04-02,50.91,0.63,0.23,,,,,,0.4
2020-04-03,46.8,0.62,0.23,,,,,,0.39
2020-04-06,45.24,0.67,0.27,,,,,,0.4
2020-04-07,46.7,0.75,0.28,,,,,,0.47
2020-04-08,43.35,0.77,0.27,,,,,,0.5
2020-04-09,41.67,0.73,0.23,,,,,,0.5
2020-04-10,,,,,,,,,
2020-04-13,41.17,0.76,0.25,,,,,,0.51
2020-04-14,37.76,0.76,0.23,,,,,,0.53
2020-04-15,40.84,0.63,0.2,,,,,,0.43
2020-04-16,40.11,0.61,0.2,,,,,,0.41
2020-04-17,38.15,0.65,0.2,,,,,,0.45
2020-04-20,43.83,0.63,0.2,,,,,,0.43
2020-04-21,45.41,0.58,0.2,,,,,,0.37999999999999995
2020-04-22,41.98,0.63,0.22,,,,,,0.41000000000000003
2020-04-23,41.38,0.61,0.22,,,,,,0.39
2020-04-24,35.93,0.6,0.22,,,,,,0.38
2020-04-27,33.29,0.67,0.24,,,,,,0.43000000000000005
2020-04-28,33.57,0.62,0.2,,,,,,0.42
2020-04-29,31.23,0.63,0.2,,,,,,0.43
2020-04-30,34.15,0.64,0.2,,,,,,0.44
2020-05-01,37.19,0.64,0.2,0.05,255.802,0.001982013035848551,13.2,0.0,0.44
2020-05-04,35.97,0.64,0.19,,,,,,0.45
2020-05-05,33.61,0.66,0.19,,,,,,0.47000000000000003
2020-05-06,34.12,0.72,0.17,,,,,,0.5499999999999999
2020-05-07,31.44,0.63,0.13,,,,,,0.5
2020-05-08,27.98,0.69,0.16,,,,,,0.5299999999999999
2020-05-11,27.57,0.73,0.17,,,,,,0.5599999999999999
2020-05-12,33.04,0.69,0.17,,,,,,0.5199999999999999
2020-05-13,35.28,0.64,0.16,,,,,,0.48
2020-05-14,32.61,0.63,0.16,,,,,,0.47
2020-05-15,31.89,0.64,0.16,,,,,,0.48
2020-05-18,29.3,0.73,0.18,,,,,,0.55
2020-05-19,30.53,0.7,0.17,,,,,,0.5299999999999999
2020-05-20,27.99,0.68,0.16,,,,,,0.52
2020-05-21,29.53,0.68,0.17,,,,,,0.51
2020-05-22,28.16,0.66,0.17,,,,,,0.49
2020-05-25,,,,,,,,,
2020-05-26,28.01,0.69,0.18,,,,,,0.51
2020-05-27,27.62,0.68,0.19,,,,,,0.49000000000000005
2020-05-28,28.59,0.7,0.17,,,,,,0.5299999999999999
2020-05-29,27.51,0.65,0.16,,,,,,0.49
2020-06-01,28.23,0.66,0.14,0.08,257.042,0.007166562831830481,11.0,0.0,0.52
2020-06-02,26.84,0.68,0.17,,,,,,0.51
2020-06-03,25.66,0.77,0.19,,,,,,0.5800000000000001
2020-06-04,25.81,0.82,0.19,,,,,,0.6299999999999999
2020-06-05,24.52,0.91,0.22,,,,,,0.6900000000000001
2020-06-08,25.81,0.88,0.22,,,,,,0.66
2020-06-09,27.57,0.84,0.2,,,,,,0.6399999999999999
2020-06-10,27.57,0.75,0.17,,,,,,0.58
2020-06-11,40.79,0.66,0.19,,,,,,0.47000000000000003
2020-06-12,36.09,0.71,0.19,,,,,,0.52
2020-06-15,34.4,0.71,0.19,,,,,,0.52
2020-06-16,33.67,0.75,0.21,,,,,,0.54
2020-06-17,33.47,0.74,0.19,,,,,,0.55
2020-06-18,32.94,0.71,0.19,,,,,,0.52
2020-06-19,35.12,0.7,0.19,,,,,,0.51
2020-06-22,31.77,0.71,0.19,,,,,,0.52
2020-06-23,31.37,0.72,0.18,,,,,,0.54
2020-06-24,33.84,0.69,0.19,,,,,,0.49999999999999994
2020-06-25,32.22,0.68,0.17,,,,,,0.51
2020-06-26,34.73,0.64,0.17,,,,,,0.47
2020-06-29,31.78,0.64,0.16,,,,,,0.48
2020-06-30,30.43,0.66,0.16,,,,,,0.5
2020-07-01,28.62,0.69,0.17,0.09,258.352,0.009968647625897997,10.2,0.0,0.5199999999999999
2020-07-02,27.68,0.68,0.16,,,,,,0.52
2020-07-03,,,,,,,,,
2020-07-06,27.94,0.69,0.16,,,,,,0.5299999999999999
2020-07-07,29.43,0.65,0.16,,,,,,0.49
2020-07-08,28.08,0.67,0.16,,,,,,0.51
2020-07-09,29.26,0.62,0.16,,,,,,0.45999999999999996
2020-07-10,27.29,0.65,0.16,,,,,,0.49
2020-07-13,32.19,0.64,0.16,,,,,,0.48
2020-07-14,29.52,0.63,0.14,,,,,,0.49
2020-07-15,27.76,0.64,0.16,,,,,,0.48
2020-07-16,28.0,0.62,0.16,,,,,,0.45999999999999996
2020-07-17,25.68,0.64,0.14,,,,,,0.5
2020-07-20,24.46,0.62,0.16,,,,,,0.45999999999999996
2020-07-21,24.84,0.61,0.14,,,,,,0.47
2020-07-22,24.32,0.6,0.14,,,,,,0.45999999999999996
2020-07-23,26.08,0.59,0.16,,,,,,0.42999999999999994
2020-07-24,25.84,0.59,0.14,,,,,,0.44999999999999996
2020-07-27,24.74,0.62,0.15,,,,,,0.47
2020-07-28,25.44,0.59,0.14,,,,,,0.44999999999999996
2020-07-29,24.1,0.58,0.12,,,,,,0.45999999999999996
2020-07-30,24.76,0.55,0.11,,,,,,0.44000000000000006
2020-07-31,24.46,0.55,0.11,,,,,,0.44000000000000006
2020-08-01,,,,0.1,259.316,0.012810698495523853,8.4,0.0,
2020-08-03,24.28,0.56,0.11,,,,,,0.45000000000000007
2020-08-04,23.76,0.52,0.11,,,,,,0.41000000000000003
2020-08-05,22.99,0.55,0.11,,,,,,0.44000000000000006
2020-08-06,22.65,0.55,0.11,,,,,,0.44000000000000006
2020-08-07,22.21,0.57,0.13,,,,,,0.43999999999999995
2020-08-10,22.13,0.59,0.14,,,,,,0.44999999999999996
2020-08-11,24.03,0.64,0.16,,,,,,0.48
2020-08-12,22.28,0.69,0.16,,,,,,0.5299999999999999
2020-08-13,22.13,0.71,0.16,,,,,,0.5499999999999999
2020-08-14,22.05,0.71,0.14,,,,,,0.57
2020-08-17,21.35,0.69,0.14,,,,,,0.5499999999999999
2020-08-18,21.51,0.67,0.14,,,,,,0.53
2020-08-19,22.54,0.68,0.14,,,,,,0.54
2020-08-20,22.72,0.65,0.13,,,,,,0.52
2020-08-21,22.54,0.64,0.16,,,,,,0.48
2020-08-24,22.37,0.65,0.14,,,,,,0.51
2020-08-25,22.03,0.69,0.15,,,,,,0.5399999999999999
2020-08-26,23.27,0.69,0.16,,,,,,0.5299999999999999
2020-08-27,24.47,0.74,0.16,,,,,,0.58
2020-08-28,22.96,0.74,0.14,,,,,,0.6
2020-08-31,26.41,0.72,0.14,,,,,,0.58
2020-09-01,26.12,0.68,0.13,0.09,259.997,0.013910228912373812,7.8,0.0,0.55
2020-09-02,26.57,0.66,0.14,,,,,,0.52
2020-09-03,33.6,0.63,0.13,,,,,,0.5
2020-09-04,30.75,0.72,0.14,,,,,,0.58
2020-09-07,,,,,,,,,
2020-09-08,31.46,0.69,0.14,,,,,,0.5499999999999999
2020-09-09,28.81,0.71,0.14,,,,,,0.57
2020-09-10,29.71,0.68,0.14,,,,,,0.54
2020-09-11,26.87,0.67,0.13,,,,,,0.54
2020-09-14,25.85,0.68,0.14,,,,,,0.54
2020-09-15,25.59,0.68,0.14,,,,,,0.54
2020-09-16,26.04,0.69,0.14,,,,,,0.5499999999999999
2020-09-17,26.46,0.69,0.13,,,,,,0.5599999999999999
2020-09-18,25.83,0.7,0.14,,,,,,0.5599999999999999
2020-09-21,27.78,0.68,0.14,,,,,,0.54
2020-09-22,26.86,0.68,0.13,,,,,,0.55
2020-09-23,28.58,0.68,0.14,,,,,,0.54
2020-09-24,28.51,0.67,0.14,,,,,,0.53
2020-09-25,26.38,0.66,0.12,,,,,,0.54
2020-09-28,26.19,0.67,0.14,,,,,,0.53
2020-09-29,26.27,0.66,0.11,,,,,,0.55
2020-09-30,26.37,0.69,0.13,,,,,,0.5599999999999999
2020-10-01,26.7,0.68,0.14,0.09,260.319,0.012303863428671624,6.9,0.0,0.54
2020-10-02,27.63,0.7,0.13,,,,,,0.57
2020-10-05,27.96,0.78,0.14,,,,,,0.64
2020-10-06,29.48,0.76,0.14,,,,,,0.62
2020-10-07,28.06,0.81,0.16,,,,,,0.65
2020-10-08,26.36,0.78,0.13,,,,,,0.65
2020-10-09,25.0,0.79,0.16,,,,,,0.63
2020-10-12,25.07,,,,,,,,
2020-10-13,26.07,0.74,0.16,,,,,,0.58
2020-10-14,26.4,0.73,0.14,,,,,,0.59
2020-10-15,26.97,0.74,0.14,,,,,,0.6
2020-10-16,27.41,0.76,0.14,,,,,,0.62
2020-10-19,29.18,0.78,0.16,,,,,,0.62
2020-10-20,29.35,0.81,0.14,,,,,,0.67
2020-10-21,28.65,0.83,0.14,,,,,,0.69
2020-10-22,28.11,0.87,0.16,,,,,,0.71
2020-10-23,27.55,0.85,0.18,,,,,,0.6699999999999999
2020-10-26,32.46,0.81,0.16,,,,,,0.65
2020-10-27,33.35,0.79,0.16,,,,,,0.63
2020-10-28,40.28,0.79,0.16,,,,,,0.63
2020-10-29,37.59,0.85,0.16,,,,,,0.69
2020-10-30,38.02,0.88,0.14,,,,,,0.74
2020-11-01,,,,0.09,260.911,0.011757452138405844,6.7,0.0,
2020-11-02,37.13,0.87,0.16,,,,,,0.71
2020-11-03,35.55,0.9,0.17,,,,,,0.73
2020-11-04,29.57,0.78,0.14,,,,,,0.64
2020-11-05,27.58,0.79,0.14,,,,,,0.65
2020-11-06,24.86,0.83,0.16,,,,,,0.6699999999999999
2020-11-09,25.75,0.96,0.17,,,,,,0.7899999999999999
2020-11-10,24.8,0.98,0.19,,,,,,0.79
2020-11-11,23.45,,,,,,,,
2020-11-12,25.35,0.88,0.17,,,,,,0.71
2020-11-13,23.1,0.89,0.17,,,,,,0.72
2020-11-16,22.45,0.91,0.19,,,,,,0.72
2020-11-17,22.71,0.87,0.18,,,,,,0.69
2020-11-18,23.84,0.88,0.16,,,,,,0.72
2020-11-19,23.11,0.86,0.18,,,,,,0.6799999999999999
2020-11-20,23.7,0.83,0.16,,,,,,0.6699999999999999
2020-11-23,22.66,0.86,0.16,,,,,,0.7
2020-11-24,21.64,0.88,0.16,,,,,,0.72
2020-11-25,21.25,0.88,0.17,,,,,,0.71
2020-11-26,,,,,,,,,
2020-11-27,20.84,0.84,0.16,,,,,,0.6799999999999999
2020-11-30,20.57,0.84,0.16,,,,,,0.6799999999999999
2020-12-01,20.77,0.92,0.17,0.09,262.045,0.013204191315779434,6.7,0.0,0.75
2020-12-02,21.17,0.95,0.16,,,,,,0.7899999999999999
2020-12-03,21.28,0.92,0.16,,,,,,0.76
2020-12-04,20.79,0.97,0.16,,,,,,0.8099999999999999
2020-12-07,21.3,0.94,0.14,,,,,,0.7999999999999999
2020-12-08,20.68,0.92,0.14,,,,,,0.78
2020-12-09,22.27,0.95,0.16,,,,,,0.7899999999999999
2020-12-10,22.52,0.92,0.14,,,,,,0.78
2020-12-11,23.31,0.9,0.11,,,,,,0.79
2020-12-14,24.72,0.9,0.13,,,,,,0.77
2020-12-15,22.89,0.92,0.11,,,,,,0.81
2020-12-16,22.5,0.92,0.13,,,,,,0.79
2020-12-17,21.93,0.94,0.13,,,,,,0.8099999999999999
2020-12-18,21.57,0.95,0.13,,,,,,0.82
2020-12-21,25.16,0.95,0.13,,,,,,0.82
2020-12-22,24.23,0.93,0.13,,,,,,0.8
2020-12-23,23.31,0.96,0.13,,,,,,0.83
2020-12-24,21.53,0.94,0.13,,,,,,0.8099999999999999
2020-12-25,,,,,,,,,
2020-12-28,21.7,0.94,0.13,,,,,,0.8099999999999999
2020-12-29,23.08,0.94,0.12,,,,,,0.82
2020-12-30,22.77,0.93,0.12,,,,,,0.81
2020-12-31,22.75,0.93,0.13,,,,,,0.8
2021-01-01,,,,0.09,262.687,0.013738437137002402,6.4,0.0,
2021-01-04,26.97,0.93,0.11,,,,,,0.8200000000000001
2021-01-05,25.34,0.96,0.13,,,,,,0.83
2021-01-06,25.07,1.04,0.14,,,,,,0.9
2021-01-07,22.37,1.08,0.14,,,,,,0.9400000000000001
2021-01-08,21.56,1.13,0.14,,,,,,0.9899999999999999
2021-01-11,24.08,1.15,0.14,,,,,,1.0099999999999998
2021-01-12,23.33,1.15,0.14,,,,,,1.0099999999999998
2021-01-13,22.21,1.1,0.14,,,,,,0.9600000000000001
2021-01-14,23.25,1.15,0.16,,,,,,0.9899999999999999
2021-01-15,24.34,1.11,0.13,,,,,,0.9800000000000001
2021-01-18,,,,,,,,,
2021-01-19,23.24,1.1,0.14,,,,,,0.9600000000000001
2021-01-20,21.58,1.1,0.13,,,,,,0.9700000000000001
2021-01-21,21.32,1.12,0.13,,,,,,0.9900000000000001
2021-01-22,21.91,1.1,0.13,,,,,,0.9700000000000001
2021-01-25,23.19,1.05,0.13,,,,,,0.92
2021-01-26,23.02,1.05,0.11,,,,,,0.9400000000000001
2021-01-27,37.21,1.04,0.12,,,,,,0.92
2021-01-28,30.21,1.07,0.12,,,,,,0.9500000000000001
2021-01-29,33.09,1.11,0.11,,,,,,1.0
2021-02-01,30.24,1.09,0.11,0.08,263.579,0.016698167791706853,6.2,0.0,0.9800000000000001
2021-02-02,25.56,1.12,0.11,,,,,,1.01
2021-02-03,22.91,1.15,0.11,,,,,,1.0399999999999998
2021-02-04,21.77,1.15,0.11,,,,,,1.0399999999999998
2021-02-05,20.87,1.19,0.09,,,,,,1.0999999999999999
2021-02-08,21.24,1.19,0.11,,,,,,1.0799999999999998
2021-02-09,21.63,1.18,0.11,,,,,,1.0699999999999998
2021-02-10,21.99,1.15,0.11,,,,,,1.0399999999999998
2021-02-11,21.25,1.16,0.11,,,,,,1.0499999999999998
2021-02-12,19.97,1.2,0.11,,,,,,1.0899999999999999
2021-02-15,,,,,,,,,
2021-02-16,21.46,1.3,0.13,,,,,,1.17
2021-02-17,21.5,1.29,0.11,,,,,,1.18
2021-02-18,22.49,1.29,0.11,,,,,,1.18
2021-02-19,22.05,1.34,0.11,,,,,,1.23
2021-02-22,23.45,1.37,0.11,,,,,,1.26
2021-02-23,23.11,1.37,0.11,,,,,,1.26
2021-02-24,21.34,1.38,0.12,,,,,,1.2599999999999998
2021-02-25,28.89,1.54,0.17,,,,,,1.37
2021-02-26,27.95,1.44,0.14,,,,,,1.2999999999999998
2021-03-01,23.35,1.45,0.13,0.07,264.961,0.026678187820641908,6.1,0.0,1.3199999999999998
2021-03-02,24.1,1.42,0.13,,,,,,1.29
2021-03-03,26.67,1.47,0.14,,,,,,1.33
2021-03-04,28.57,1.54,0.14,,,,,,1.4
2021-03-05,24.66,1.56,0.14,,,,,,1.42
2021-03-08,25.47,1.59,0.17,,,,,,1.4200000000000002
2021-03-09,24.03,1.55,0.17,,,,,,1.3800000000000001
2021-03-10,22.56,1.53,0.16,,,,,,1.37
2021-03-11,21.91,1.54,0.14,,,,,,1.4
2021-03-12,20.69,1.64,0.14,,,,,,1.5
2021-03-15,20.03,1.62,0.14,,,,,,1.48
2021-03-16,19.79,1.62,0.15,,,,,,1.4700000000000002
2021-03-17,19.23,1.63,0.13,,,,,,1.5
2021-03-18,21.58,1.71,0.16,,,,,,1.55
2021-03-19,20.95,1.74,0.16,,,,,,1.58
2021-03-22,18.88,1.69,0.15,,,,,,1.54
2021-03-23,20.3,1.63,0.15,,,,,,1.48
2021-03-24,21.2,1.62,0.14,,,,,,1.48
2021-03-25,19.81,1.63,0.14,,,,,,1.4899999999999998
2021-03-26,18.86,1.67,0.14,,,,,,1.5299999999999998
2021-03-29,20.74,1.73,0.14,,,,,,1.5899999999999999
2021-03-30,19.61,1.73,0.16,,,,,,1.57
2021-03-31,19.4,1.74,0.16,,,,,,1.58
2021-04-01,17.33,1.69,0.17,0.07,266.614,0.04133077115360573,6.1,0.0,1.52
2021-04-02,,1.72,0.19,,,,,,1.53
2021-04-05,17.91,1.73,0.17,,,,,,1.56
2021-04-06,18.12,1.67,0.16,,,,,,1.51
2021-04-07,17.16,1.68,0.16,,,,,,1.52
2021-04-08,16.95,1.64,0.14,,,,,,1.5
2021-04-09,16.69,1.67,0.16,,,,,,1.51
2021-04-12,16.91,1.69,0.18,,,,,,1.51
2021-04-13,16.65,1.64,0.16,,,,,,1.48
2021-04-14,16.99,1.64,0.16,,,,,,1.48
2021-04-15,16.57,1.56,0.16,,,,,,1.4000000000000001
2021-04-16,16.25,1.59,0.16,,,,,,1.4300000000000002
2021-04-19,17.29,1.61,0.16,,,,,,1.4500000000000002
2021-04-20,18.68,1.58,0.15,,,,,,1.4300000000000002
2021-04-21,17.5,1.57,0.15,,,,,,1.4200000000000002
2021-04-22,18.71,1.57,0.16,,,,,,1.4100000000000001
2021-04-23,17.33,1.58,0.16,,,,,,1.4200000000000002
2021-04-26,17.64,1.58,0.18,,,,,,1.4000000000000001
2021-04-27,17.56,1.63,0.17,,,,,,1.46
2021-04-28,17.28,1.63,0.17,,,,,,1.46
2021-04-29,17.61,1.65,0.16,,,,,,1.49
2021-04-30,18.61,1.65,0.16,,,,,,1.49
2021-05-01,,,,0.06,268.383,0.04918257089467626,5.8,0.0,
2021-05-03,18.31,1.63,0.16,,,,,,1.47
2021-05-04,19.48,1.61,0.16,,,,,,1.4500000000000002
2021-05-05,19.15,1.59,0.16,,,,,,1.4300000000000002
2021-05-06,18.39,1.58,0.16,,,,,,1.4200000000000002
2021-05-07,16.69,1.6,0.14,,,,,,1.46
2021-05-10,19.66,1.63,0.16,,,,,,1.47
2021-05-11,21.84,1.64,0.16,,,,,,1.48
2021-05-12,27.59,1.69,0.16,,,,,,1.53
2021-05-13,23.13,1.66,0.16,,,,,,1.5
2021-05-14,18.81,1.63,0.16,,,,,,1.47
2021-05-17,19.72,1.64,0.16,,,,,,1.48
2021-05-18,21.34,1.64,0.16,,,,,,1.48
2021-05-19,22.18,1.68,0.16,,,,,,1.52
2021-05-20,20.67,1.63,0.15,,,,,,1.48
2021-05-21,20.15,1.63,0.17,,,,,,1.46
2021-05-24,18.4,1.61,0.15,,,,,,1.4600000000000002
2021-05-25,18.84,1.56,0.15,,,,,,1.4100000000000001
2021-05-26,17.36,1.58,0.14,,,,,,1.44
2021-05-27,16.74,1.61,0.14,,,,,,1.4700000000000002
2021-05-28,16.76,1.58,0.14,,,,,,1.44
2021-05-31,,,,,,,,,
2021-06-01,17.9,1.62,0.16,0.08,270.654,0.05295632620349999,5.9,0.0,1.4600000000000002
2021-06-02,17.48,1.59,0.13,,,,,,1.46
2021-06-03,18.04,1.63,0.16,,,,,,1.47
2021-06-04,16.42,1.56,0.14,,,,,,1.42
2021-06-07,16.42,1.57,0.16,,,,,,1.4100000000000001
2021-06-08,17.07,1.53,0.14,,,,,,1.3900000000000001
2021-06-09,17.89,1.5,0.16,,,,,,1.34
2021-06-10,16.1,1.45,0.14,,,,,,1.31
2021-06-11,15.65,1.47,0.16,,,,,,1.31
2021-06-14,16.39,1.51,0.16,,,,,,1.35
2021-06-15,17.02,1.51,0.16,,,,,,1.35
2021-06-16,18.15,1.57,0.21,,,,,,1.36
2021-06-17,17.75,1.52,0.23,,,,,,1.29
2021-06-18,20.7,1.45,0.26,,,,,,1.19
2021-06-21,17.89,1.5,0.27,,,,,,1.23
2021-06-22,16.66,1.48,0.25,,,,,,1.23
2021-06-23,16.32,1.5,0.26,,,,,,1.24
2021-06-24,15.97,1.49,0.26,,,,,,1.23
2021-06-25,15.62,1.54,0.28,,,,,,1.26
2021-06-28,15.76,1.49,0.25,,,,,,1.24
2021-06-29,16.02,1.49,0.27,,,,,,1.22
2021-06-30,15.83,1.45,0.25,,,,,,1.2
2021-07-01,15.48,1.48,0.25,0.1,271.903,0.05245169381309234,5.4,0.0,1.23
2021-07-02,15.07,1.44,0.24,,,,,,1.2
2021-07-05,,,,,,,,,
2021-07-06,16.44,1.37,0.22,,,,,,1.1500000000000001
2021-07-07,16.2,1.33,0.22,,,,,,1.11
2021-07-08,19.0,1.3,0.19,,,,,,1.11
2021-07-09,16.18,1.37,0.23,,,,,,1.1400000000000001
2021-07-12,16.17,1.38,0.23,,,,,,1.15
2021-07-13,17.12,1.42,0.26,,,,,,1.16
2021-07-14,16.33,1.37,0.23,,,,,,1.1400000000000001
2021-07-15,17.01,1.31,0.23,,,,,,1.08
2021-07-16,18.45,1.31,0.25,,,,,,1.06
2021-07-19,22.5,1.19,0.21,,,,,,0.98
2021-07-20,19.73,1.23,0.2,,,,,,1.03
2021-07-21,17.91,1.3,0.22,,,,,,1.08
2021-07-22,17.69,1.27,0.2,,,,,,1.07
2021-07-23,17.2,1.3,0.22,,,,,,1.08
2021-07-26,17.58,1.29,0.22,,,,,,1.07
2021-07-27,19.36,1.25,0.2,,,,,,1.05
2021-07-28,18.31,1.26,0.2,,,,,,1.06
2021-07-29,17.7,1.28,0.2,,,,,,1.08
2021-07-30,18.24,1.24,0.19,,,,,,1.05
2021-08-01,,,,0.09,272.676,0.05152015301793966,5.1,0.0,
2021-08-02,19.46,1.2,0.17,,,,,,1.03
2021-08-03,18.04,1.19,0.17,,,,,,1.02
2021-08-04,17.97,1.19,0.17,,,,,,1.02
2021-08-05,17.28,1.23,0.21,,,,,,1.02
2021-08-06,16.15,1.31,0.21,,,,,,1.1
2021-08-09,16.72,1.33,0.23,,,,,,1.1
2021-08-10,16.79,1.36,0.24,,,,,,1.12
2021-08-11,16.06,1.35,0.23,,,,,,1.12
2021-08-12,15.59,1.36,0.23,,,,,,1.1300000000000001
2021-08-13,15.45,1.29,0.23,,,,,,1.06
2021-08-16,16.12,1.26,0.21,,,,,,1.05
2021-08-17,17.91,1.26,0.23,,,,,,1.03
2021-08-18,21.57,1.27,0.23,,,,,,1.04
2021-08-19,21.67,1.24,0.22,,,,,,1.02
2021-08-20,18.56,1.26,0.23,,,,,,1.03
2021-08-23,17.15,1.25,0.23,,,,,,1.02
2021-08-24,17.22,1.29,0.24,,,,,,1.05
2021-08-25,16.79,1.35,0.23,,,,,,1.12
2021-08-26,18.84,1.34,0.25,,,,,,1.09
2021-08-27,16.39,1.31,0.22,,,,,,1.09
2021-08-30,16.19,1.29,0.2,,,,,,1.09
2021-08-31,16.48,1.3,0.2,,,,,,1.1
2021-09-01,16.11,1.31,0.2,0.08,273.91,0.05351215590949132,4.7,0.0,1.11
2021-09-02,16.41,1.29,0.2,,,,,,1.09
2021-09-03,16.41,1.33,0.21,,,,,,1.12
2021-09-06,,,,,,,,,
2021-09-07,18.14,1.38,0.22,,,,,,1.16
2021-09-08,17.96,1.35,0.22,,,,,,1.1300000000000001
2021-09-09,18.8,1.3,0.23,,,,,,1.07
2021-09-10,20.95,1.35,0.23,,,,,,1.12
2021-09-13,19.37,1.33,0.21,,,,,,1.12
2021-09-14,19.46,1.28,0.21,,,,,,1.07
2021-09-15,18.18,1.31,0.21,,,,,,1.1
2021-09-16,18.69,1.34,0.23,,,,,,1.11
2021-09-17,20.81,1.37,0.23,,,,,,1.1400000000000001
2021-09-20,25.71,1.31,0.23,,,,,,1.08
2021-09-21,24.36,1.33,0.22,,,,,,1.11
2021-09-22,20.87,1.32,0.25,,,,,,1.07
2021-09-23,18.63,1.41,0.27,,,,,,1.14
2021-09-24,17.75,1.47,0.29,,,,,,1.18
2021-09-27,18.76,1.48,0.31,,,,,,1.17
2021-09-28,23.25,1.54,0.31,,,,,,1.23
2021-09-29,22.56,1.55,0.3,,,,,,1.25
2021-09-30,23.14,1.52,0.28,,,,,,1.24
2021-10-01,21.15,1.48,0.27,0.08,276.55,0.06235042390298062,4.5,0.0,1.21
2021-10-04,22.96,1.49,0.27,,,,,,1.22
2021-10-05,21.3,1.54,0.28,,,,,,1.26
2021-10-06,21.0,1.53,0.3,,,,,,1.23
2021-10-07,19.54,1.58,0.32,,,,,,1.26
2021-10-08,18.77,1.61,0.32,,,,,,1.29
2021-10-11,20.0,,,,,,,,
2021-10-12,19.85,1.59,0.35,,,,,,1.2400000000000002
2021-10-13,18.64,1.56,0.37,,,,,,1.19
2021-10-14,16.86,1.52,0.36,,,,,,1.1600000000000001
2021-10-15,16.3,1.59,0.41,,,,,,1.1800000000000002
2021-10-18,16.31,1.59,0.44,,,,,,1.1500000000000001
2021-10-19,15.7,1.65,0.41,,,,,,1.24
2021-10-20,15.49,1.65,0.4,,,,,,1.25
2021-10-21,15.01,1.68,0.45,,,,,,1.23
2021-10-22,15.43,1.66,0.48,,,,,,1.18
2021-10-25,15.24,1.64,0.47,,,,,,1.17
2021-10-26,15.98,1.63,0.47,,,,,,1.16
2021-10-27,16.98,1.54,0.5,,,,,,1.04
2021-10-28,16.53,1.57,0.5,,,,,,1.07
2021-10-29,16.26,1.55,0.48,,,,,,1.07
2021-11-01,16.41,1.58,0.5,0.08,278.919,0.06901970403700863,4.1,0.0,1.08
2021-11-02,16.03,1.56,0.46,,,,,,1.1
2021-11-03,15.1,1.6,0.47,,,,,,1.1300000000000001
2021-11-04,15.44,1.53,0.41,,,,,,1.12
2021-11-05,16.48,1.45,0.39,,,,,,1.06
2021-11-08,17.22,1.51,0.45,,,,,,1.06
2021-11-09,17.78,1.46,0.41,,,,,,1.05
2021-11-10,18.73,1.56,0.51,,,,,,1.05
2021-11-11,17.66,,,,,,,,
2021-11-12,16.29,1.58,0.53,,,,,,1.05
2021-11-15,16.49,1.63,0.53,,,,,,1.0999999999999999
2021-11-16,16.37,1.63,0.54,,,,,,1.0899999999999999
2021-11-17,17.11,1.6,0.52,,,,,,1.08
2021-11-18,17.59,1.59,0.52,,,,,,1.07
2021-11-19,17.91,1.54,0.52,,,,,,1.02
2021-11-22,19.17,1.63,0.63,,,,,,0.9999999999999999
2021-11-23,19.38,1.67,0.6,,,,,,1.0699999999999998
2021-11-24,18.58,1.64,0.64,,,,,,0.9999999999999999
2021-11-25,,,,,,,,,
2021-11-26,28.62,1.48,0.5,,,,,,0.98
2021-11-29,22.96,1.52,0.51,,,,,,1.01
2021-11-30,27.19,1.43,0.52,,,,,,0.9099999999999999
2021-12-01,31.12,1.43,0.56,0.08,280.845,0.07174340285065539,3.9,0.0,0.8699999999999999
2021-12-02,27.95,1.44,0.63,,,,,,0.8099999999999999
2021-12-03,30.67,1.35,0.6,,,,,,0.7500000000000001
2021-12-06,27.18,1.43,0.65,,,,,,0.7799999999999999
2021-12-07,21.89,1.48,0.7,,,,,,0.78
2021-12-08,19.9,1.52,0.68,,,,,,0.84
2021-12-09,21.58,1.49,0.7,,,,,,0.79
2021-12-10,18.69,1.48,0.67,,,,,,0.8099999999999999
2021-12-13,20.31,1.42,0.66,,,,,,0.7599999999999999
2021-12-14,21.89,1.44,0.67,,,,,,0.7699999999999999
2021-12-15,19.29,1.47,0.69,,,,,,0.78
2021-12-16,20.57,1.44,0.64,,,,,,0.7999999999999999
2021-12-17,21.57,1.41,0.66,,,,,,0.7499999999999999
2021-12-20,22.87,1.43,0.65,,,,,,0.7799999999999999
2021-12-21,21.01,1.48,0.7,,,,,,0.78
2021-12-22,18.63,1.46,0.68,,,,,,0.7799999999999999
2021-12-23,17.96,1.5,0.71,,,,,,0.79
2021-12-24,,,,,,,,,
2021-12-27,17.68,1.48,0.76,,,,,,0.72
2021-12-28,17.54,1.49,0.74,,,,,,0.75
2021-12-29,16.95,1.55,0.75,,,,,,0.8
2021-12-30,17.33,1.52,0.73,,,,,,0.79
2021-12-31,17.22,1.52,0.73,,,,,,0.79
2022-01-01,,,,0.08,282.543,0.07558805726967832,4.0,0.0,
2022-01-03,16.6,1.63,0.78,,,,,,0.8499999999999999
2022-01-04,16.91,1.66,0.77,,,,,,0.8899999999999999
2022-01-05,19.73,1.71,0.83,,,,,,0.88
2022-01-06,19.61,1.73,0.88,,,,,,0.85
2022-01-07,18.76,1.76,0.87,,,,,,0.89
2022-01-10,19.4,1.78,0.92,,,,,,0.86
2022-01-11,18.41,1.75,0.9,,,,,,0.85
2022-01-12,17.62,1.74,0.92,,,,,,0.82
2022-01-13,20.31,1.7,0.91,,,,,,0.7899999999999999
2022-01-14,19.19,1.78,0.99,,,,,,0.79
2022-01-17,,,,,,,,,
2022-01-18,22.79,1.87,1.06,,,,,,0.81
2022-01-19,23.85,1.83,1.04,,,,,,0.79
2022-01-20,25.59,1.83,1.08,,,,,,0.75
2022-01-21,28.85,1.75,1.01,,,,,,0.74
2022-01-24,29.9,1.75,0.99,,,,,,0.76
2022-01-25,31.16,1.78,1.02,,,,,,0.76
2022-01-26,31.96,1.85,1.13,,,,,,0.7200000000000002
2022-01-27,30.49,1.81,1.18,,,,,,0.6300000000000001
2022-01-28,27.66,1.78,1.15,,,,,,0.6300000000000001
2022-01-31,24.83,1.79,1.18,,,,,,0.6100000000000001
2022-02-01,21.96,1.81,1.18,0.08,284.5,0.07937278766517819,3.9,0.0,0.6300000000000001
2022-02-02,22.09,1.78,1.16,,,,,,0.6200000000000001
2022-02-03,24.35,1.82,1.19,,,,,,0.6300000000000001
2022-02-04,23.22,1.93,1.31,,,,,,0.6199999999999999
2022-02-07,22.86,1.92,1.3,,,,,,0.6199999999999999
2022-02-08,21.44,1.96,1.35,,,,,,0.6099999999999999
2022-02-09,19.96,1.94,1.36,,,,,,0.5799999999999998
2022-02-10,23.91,2.03,1.61,,,,,,0.4199999999999997
2022-02-11,27.36,1.92,1.5,,,,,,0.41999999999999993
2022-02-14,28.33,1.98,1.58,,,,,,0.3999999999999999
2022-02-15,25.7,2.05,1.58,,,,,,0.46999999999999975
2022-02-16,24.29,2.03,1.52,,,,,,0.5099999999999998
2022-02-17,28.11,1.97,1.49,,,,,,0.48
2022-02-18,27.75,1.92,1.47,,,,,,0.44999999999999996
2022-02-21,,,,,,,,,
2022-02-22,28.81,1.94,1.56,,,,,,0.3799999999999999
2022-02-23,31.02,1.99,1.58,,,,,,0.4099999999999999
2022-02-24,30.32,1.96,1.54,,,,,,0.41999999999999993
2022-02-25,27.59,1.97,1.55,,,,,,0.41999999999999993
2022-02-28,30.15,1.83,1.44,,,,,,0.3900000000000001
2022-03-01,33.32,1.72,1.31,0.2,287.674,0.08572204966013852,3.7,0.0,0.4099999999999999
2022-03-02,30.74,1.86,1.5,,,,,,0.3600000000000001
2022-03-03,30.48,1.86,1.53,,,,,,0.33000000000000007
2022-03-04,31.98,1.74,1.5,,,,,,0.24
2022-03-07,36.45,1.78,1.55,,,,,,0.22999999999999998
2022-03-08,35.13,1.86,1.63,,,,,,0.2300000000000002
2022-03-09,32.45,1.94,1.68,,,,,,0.26
2022-03-10,30.23,1.98,1.72,,,,,,0.26
2022-03-11,30.75,2.0,1.75,,,,,,0.25
2022-03-14,31.77,2.14,1.87,,,,,,0.27
2022-03-15,29.83,2.15,1.85,,,,,,0.2999999999999998
2022-03-16,26.67,2.19,1.95,,,,,,0.24
2022-03-17,25.67,2.2,1.94,,,,,,0.26000000000000023
2022-03-18,23.87,2.14,1.97,,,,,,0.17000000000000015
2022-03-21,23.53,2.32,2.14,,,,,,0.17999999999999972
2022-03-22,22.94,2.38,2.18,,,,,,0.19999999999999973
2022-03-23,23.57,2.32,2.13,,,,,,0.18999999999999995
2022-03-24,21.67,2.34,2.13,,,,,,0.20999999999999996
2022-03-25,20.81,2.48,2.3,,,,,,0.18000000000000016
2022-03-28,19.63,2.46,2.35,,,,,,0.10999999999999988
2022-03-29,18.9,2.41,2.35,,,,,,0.06000000000000005
2022-03-30,19.33,2.35,2.31,,,,,,0.040000000000000036
2022-03-31,20.56,2.32,2.28,,,,,,0.040000000000000036
2022-04-01,19.63,2.39,2.44,0.33,288.561,0.08231750770777224,3.7,0.0,-0.04999999999999982
2022-04-04,18.57,2.42,2.43,,,,,,-0.010000000000000231
2022-04-05,21.03,2.54,2.51,,,,,,0.03000000000000025
2022-04-06,22.1,2.61,2.5,,,,,,0.10999999999999988
2022-04-07,21.55,2.66,2.47,,,,,,0.18999999999999995
2022-04-08,21.16,2.72,2.53,,,,,,0.1900000000000004
2022-04-11,24.37,2.79,2.5,,,,,,0.29000000000000004
2022-04-12,24.26,2.72,2.39,,,,,,0.33000000000000007
2022-04-13,21.82,2.7,2.37,,,,,,0.33000000000000007
2022-04-14,22.7,2.83,2.47,,,,,,0.3599999999999999
2022-04-15,,,,,,,,,
2022-04-18,22.17,2.85,2.46,,,,,,0.3900000000000001
2022-04-19,21.37,2.93,2.61,,,,,,0.3200000000000003
2022-04-20,20.32,2.85,2.6,,,,,,0.25
2022-04-21,22.68,2.9,2.68,,,,,,0.21999999999999975
2022-04-22,28.21,2.9,2.72,,,,,,0.17999999999999972
2022-04-25,27.02,2.81,2.63,,,,,,0.18000000000000016
2022-04-26,33.52,2.77,2.54,,,,,,0.22999999999999998
2022-04-27,31.6,2.82,2.58,,,,,,0.23999999999999977
2022-04-28,29.99,2.85,2.63,,,,,,0.2200000000000002
2022-04-29,33.4,2.89,2.7,,,,,,0.18999999999999995
2022-05-01,,,,0.77,291.298,0.08538171195642064,3.6,0.0,
2022-05-02,32.34,2.99,2.73,,,,,,0.26000000000000023
2022-05-03,29.25,2.97,2.78,,,,,,0.1900000000000004
2022-05-04,25.42,2.93,2.66,,,,,,0.27
2022-05-05,31.2,3.05,2.71,,,,,,0.33999999999999986
2022-05-06,30.19,3.12,2.72,,,,,,0.3999999999999999
2022-05-09,34.75,3.05,2.61,,,,,,0.43999999999999995
2022-05-10,32.99,2.99,2.62,,,,,,0.3700000000000001
2022-05-11,32.56,2.91,2.66,,,,,,0.25
2022-05-12,31.77,2.84,2.56,,,,,,0.2799999999999998
2022-05-13,28.87,2.93,2.61,,,,,,0.3200000000000003
2022-05-16,27.47,2.88,2.58,,,,,,0.2999999999999998
2022-05-17,26.1,2.98,2.71,,,,,,0.27
2022-05-18,30.96,2.89,2.68,,,,,,0.20999999999999996
2022-05-19,29.35,2.84,2.63,,,,,,0.20999999999999996
2022-05-20,29.43,2.78,2.6,,,,,,0.17999999999999972
2022-05-23,28.48,2.86,2.65,,,,,,0.20999999999999996
2022-05-24,29.45,2.76,2.5,,,,,,0.2599999999999998
2022-05-25,28.37,2.75,2.48,,,,,,0.27
2022-05-26,27.5,2.75,2.46,,,,,,0.29000000000000004
2022-05-27,25.72,2.74,2.47,,,,,,0.27
2022-05-30,26.54,,,,,,,,
2022-05-31,26.19,2.85,2.53,,,,,,0.3200000000000003
2022-06-01,25.69,2.94,2.66,1.21,294.957,0.08979361103105798,3.6,0.0,0.2799999999999998
2022-06-02,24.72,2.92,2.65,,,,,,0.27
2022-06-03,24.79,2.96,2.66,,,,,,0.2999999999999998
2022-06-06,25.07,3.04,2.73,,,,,,0.31000000000000005
2022-06-07,24.02,2.98,2.75,,,,,,0.22999999999999998
2022-06-08,23.96,3.03,2.78,,,,,,0.25
2022-06-09,26.09,3.04,2.83,,,,,,0.20999999999999996
2022-06-10,27.75,3.15,3.06,,,,,,0.08999999999999986
2022-06-13,34.02,3.43,3.4,,,,,,0.03000000000000025
2022-06-14,32.69,3.49,3.45,,,,,,0.040000000000000036
2022-06-15,29.62,3.33,3.2,,,,,,0.1299999999999999
2022-06-16,32.95,3.28,3.14,,,,,,0.13999999999999968
2022-06-17,31.13,3.25,3.17,,,,,,0.08000000000000007
2022-06-20,31.03,,,,,,,,
2022-06-21,30.19,3.31,3.21,,,,,,0.10000000000000009
2022-06-22,28.95,3.16,3.06,,,,,,0.10000000000000009
2022-06-23,29.05,3.09,3.01,,,,,,0.08000000000000007
2022-06-24,27.23,3.13,3.04,,,,,,0.08999999999999986
2022-06-27,26.95,3.2,3.08,,,,,,0.1200000000000001
2022-06-28,28.36,3.2,3.1,,,,,,0.10000000000000009
2022-06-29,28.16,3.1,3.06,,,,,,0.040000000000000036
2022-06-30,28.71,2.98,2.92,,,,,,0.06000000000000005
2022-07-01,26.7,2.88,2.84,1.68,294.913,0.08462576727730098,3.5,0.0,0.040000000000000036
2022-07-04,27.53,,,,,,,,
2022-07-05,27.54,2.82,2.82,,,,,,0.0
2022-07-06,26.73,2.93,2.97,,,,,,-0.040000000000000036
2022-07-07,26.08,3.01,3.03,,,,,,-0.020000000000000018
2022-07-08,24.64,3.09,3.12,,,,,,-0.03000000000000025
2022-07-11,26.17,2.99,3.07,,,,,,-0.07999999999999963
2022-07-12,27.29,2.96,3.03,,,,,,-0.06999999999999984
2022-07-13,26.82,2.91,3.13,,,,,,-0.21999999999999975
2022-07-14,26.4,2.96,3.15,,,,,,-0.18999999999999995
2022-07-15,24.23,2.93,3.13,,,,,,-0.19999999999999973
2022-07-18,25.3,2.96,3.15,,,,,,-0.18999999999999995
2022-07-19,24.5,3.01,3.23,,,,,,-0.2200000000000002
2022-07-20,23.88,3.04,3.25,,,,,,-0.20999999999999996
2022-07-21,23.11,2.91,3.1,,,,,,-0.18999999999999995
2022-07-22,23.03,2.77,2.98,,,,,,-0.20999999999999996
2022-07-25,23.36,2.81,3.0,,,,,,-0.18999999999999995
2022-07-26,24.69,2.81,3.02,,,,,,-0.20999999999999996
2022-07-27,23.24,2.78,2.96,,,,,,-0.18000000000000016
2022-07-28,22.33,2.68,2.85,,,,,,-0.16999999999999993
2022-07-29,21.33,2.67,2.89,,,,,,-0.2200000000000002
2022-08-01,22.84,2.6,2.9,2.33,295.097,0.08222579178218825,3.6,0.0,-0.2999999999999998
2022-08-02,23.93,2.75,3.06,,,,,,-0.31000000000000005
2022-08-03,21.95,2.73,3.1,,,,,,-0.3700000000000001
2022-08-04,21.44,2.68,3.03,,,,,,-0.34999999999999964
2022-08-05,21.15,2.83,3.24,,,,,,-0.41000000000000014
2022-08-08,21.29,2.77,3.21,,,,,,-0.43999999999999995
2022-08-09,21.77,2.8,3.28,,,,,,-0.48
2022-08-10,19.74,2.78,3.23,,,,,,-0.4500000000000002
2022-08-11,20.2,2.87,3.23,,,,,,-0.3599999999999999
2022-08-12,19.53,2.84,3.25,,,,,,-0.41000000000000014
2022-08-15,19.95,2.79,3.2,,,,,,-0.41000000000000014
2022-08-16,19.69,2.82,3.25,,,,,,-0.43000000000000016
2022-08-17,19.9,2.89,3.28,,,,,,-0.3899999999999997
2022-08-18,19.56,2.88,3.22,,,,,,-0.3400000000000003
2022-08-19,20.6,2.98,3.25,,,,,,-0.27
2022-08-22,23.8,3.03,3.32,,,,,,-0.29000000000000004
2022-08-23,24.11,3.05,3.29,,,,,,-0.2400000000000002
2022-08-24,22.82,3.11,3.36,,,,,,-0.25
2022-08-25,21.78,3.03,3.35,,,,,,-0.3200000000000003
2022-08-26,25.56,3.04,3.37,,,,,,-0.33000000000000007
2022-08-29,26.21,3.12,3.42,,,,,,-0.2999999999999998
2022-08-30,26.21,3.11,3.46,,,,,,-0.3500000000000001
2022-08-31,25.87,3.15,3.45,,,,,,-0.30000000000000027
2022-09-01,25.56,3.26,3.51,2.56,296.349,0.08192106896425821,3.5,0.0,-0.25
2022-09-02,25.47,3.2,3.4,,,,,,-0.19999999999999973
2022-09-05,25.99,,,,,,,,
2022-09-06,26.91,3.33,3.5,,,,,,-0.16999999999999993
2022-09-07,24.64,3.27,3.45,,,,,,-0.18000000000000016
2022-09-08,23.61,3.29,3.48,,,,,,-0.18999999999999995
2022-09-09,22.79,3.33,3.56,,,,,,-0.22999999999999998
2022-09-12,23.87,3.37,3.58,,,,,,-0.20999999999999996
2022-09-13,27.27,3.42,3.75,,,,,,-0.33000000000000007
2022-09-14,26.16,3.41,3.78,,,,,,-0.36999999999999966
2022-09-15,26.27,3.45,3.87,,,,,,-0.41999999999999993
2022-09-16,26.3,3.45,3.85,,,,,,-0.3999999999999999
2022-09-19,25.76,3.49,3.95,,,,,,-0.45999999999999996
2022-09-20,27.16,3.57,3.96,,,,,,-0.3900000000000001
2022-09-21,27.99,3.51,4.02,,,,,,-0.5099999999999998
2022-09-22,27.35,3.7,4.11,,,,,,-0.41000000000000014
2022-09-23,29.92,3.69,4.2,,,,,,-0.5100000000000002
2022-09-26,32.26,3.88,4.27,,,,,,-0.3899999999999997
2022-09-27,32.6,3.97,4.3,,,,,,-0.3299999999999996
2022-09-28,30.18,3.72,4.07,,,,,,-0.3500000000000001
2022-09-29,31.84,3.76,4.16,,,,,,-0.40000000000000036
2022-09-30,31.62,3.83,4.22,,,,,,-0.3899999999999997
2022-10-01,,,,3.08,298.007,0.07758813957693,3.6,0.0,
2022-10-03,30.1,3.67,4.12,,,,,,-0.4500000000000002
2022-10-04,29.07,3.62,4.1,,,,,,-0.47999999999999954
2022-10-05,28.55,3.76,4.15,,,,,,-0.39000000000000057
2022-10-06,30.52,3.83,4.23,,,,,,-0.40000000000000036
2022-10-07,31.36,3.89,4.3,,,,,,-0.4099999999999997
2022-10-10,32.45,,,,,,,,
2022-10-11,33.63,3.93,4.3,,,,,,-0.36999999999999966
2022-10-12,33.57,3.91,4.28,,,,,,-0.3700000000000001
2022-10-13,31.94,3.97,4.47,,,,,,-0.49999999999999956
2022-10-14,32.02,4.0,4.48,,,,,,-0.4800000000000004
2022-10-17,31.37,4.02,4.45,,,,,,-0.4300000000000006
2022-10-18,30.5,4.01,4.43,,,,,,-0.41999999999999993
2022-10-19,30.76,4.14,4.55,,,,,,-0.41000000000000014
2022-10-20,29.98,4.24,4.62,,,,,,-0.3799999999999999
2022-10-21,29.69,4.21,4.49,,,,,,-0.28000000000000025
2022-10-24,29.85,4.25,4.5,,,,,,-0.25
2022-10-25,28.46,4.1,4.42,,,,,,-0.3200000000000003
2022-10-26,27.28,4.04,4.39,,,,,,-0.34999999999999964
2022-10-27,27.39,3.96,4.3,,,,,,-0.33999999999999986
2022-10-28,25.75,4.02,4.41,,,,,,-0.39000000000000057
2022-10-31,25.88,4.1,4.51,,,,,,-0.41000000000000014
2022-11-01,25.81,4.07,4.54,3.78,298.786,0.07122856456533988,3.6,0.0,-0.46999999999999975
2022-11-02,25.86,4.1,4.61,,,,,,-0.5100000000000007
2022-11-03,25.3,4.14,4.71,,,,,,-0.5700000000000003
2022-11-04,24.55,4.17,4.66,,,,,,-0.4900000000000002
2022-11-07,24.35,4.22,4.72,,,,,,-0.5
2022-11-08,25.54,4.14,4.67,,,,,,-0.5300000000000002
2022-11-09,26.09,4.12,4.61,,,,,,-0.4900000000000002
2022-11-10,23.53,3.82,4.34,,,,,,-0.52
2022-11-11,22.52,,,,,,,,
2022-11-14,23.73,3.88,4.4,,,,,,-0.5200000000000005
2022-11-15,24.54,3.8,4.37,,,,,,-0.5700000000000003
2022-11-16,24.11,3.67,4.35,,,,,,-0.6799999999999997
2022-11-17,23.93,3.77,4.43,,,,,,-0.6599999999999997
2022-11-18,23.12,3.82,4.51,,,,,,-0.69
2022-11-21,22.36,3.83,4.48,,,,,,-0.6500000000000004
2022-11-22,21.29,3.76,4.47,,,,,,-0.71
2022-11-23,20.35,3.71,4.46,,,,,,-0.75
2022-11-24,20.42,,,,,,,,
2022-11-25,20.5,3.68,4.42,,,,,,-0.7399999999999998
2022-11-28,22.21,3.69,4.46,,,,,,-0.77
2022-11-29,21.89,3.75,4.48,,,,,,-0.7300000000000004
2022-11-30,20.58,3.68,4.38,,,,,,-0.6999999999999997
2022-12-01,19.84,3.53,4.25,4.1,298.832,0.06404600402357152,3.5,0.0,-0.7200000000000002
2022-12-02,19.06,3.51,4.28,,,,,,-0.7700000000000005
2022-12-05,20.75,3.6,4.41,,,,,,-0.81
2022-12-06,22.17,3.51,4.34,,,,,,-0.8300000000000001
2022-12-07,22.68,3.42,4.26,,,,,,-0.8399999999999999
2022-12-08,22.29,3.48,4.31,,,,,,-0.8299999999999996
2022-12-09,22.83,3.57,4.33,,,,,,-0.7600000000000002
2022-12-12,25.0,3.61,4.39,,,,,,-0.7799999999999998
2022-12-13,22.55,3.51,4.22,,,,,,-0.71
2022-12-14,21.14,3.49,4.23,,,,,,-0.7400000000000002
2022-12-15,22.83,3.44,4.23,,,,,,-0.7900000000000005
2022-12-16,22.62,3.48,4.17,,,,,,-0.69
2022-12-19,22.42,3.57,4.25,,,,,,-0.6800000000000002
2022-12-20,21.48,3.69,4.25,,,,,,-0.56
2022-12-21,20.07,3.68,4.21,,,,,,-0.5299999999999998
2022-12-22,21.97,3.67,4.24,,,,,,-0.5700000000000003
2022-12-23,20.87,3.75,4.31,,,,,,-0.5599999999999996
2022-12-26,,,,,,,,,
2022-12-27,21.65,3.84,4.32,,,,,,-0.4800000000000004
2022-12-28,22.14,3.88,4.31,,,,,,-0.4299999999999997
2022-12-29,21.44,3.83,4.34,,,,,,-0.5099999999999998
2022-12-30,21.67,3.88,4.41,,,,,,-0.5300000000000002
2023-01-01,,,,4.33,300.42,0.06327178517960097,3.5,0.0,
2023-01-02,,,,,,,,,
2023-01-03,22.9,3.79,4.4,,,,,,-0.6100000000000003
2023-01-04,22.01,3.69,4.36,,,,,,-0.6700000000000004
2023-01-05,22.46,3.71,4.45,,,,,,-0.7400000000000002
2023-01-06,21.13,3.55,4.24,,,,,,-0.6900000000000004
2023-01-09,21.97,3.53,4.19,,,,,,-0.6600000000000006
2023-01-10,20.58,3.61,4.24,,,,,,-0.6300000000000003
2023-01-11,21.09,3.54,4.2,,,,,,-0.6600000000000001
2023-01-12,18.83,3.43,4.12,,,,,,-0.69
2023-01-13,18.35,3.49,4.22,,,,,,-0.7299999999999995
2023-01-16,19.49,,,,,,,,
2023-01-17,19.36,3.53,4.18,,,,,,-0.6499999999999999
2023-01-18,20.34,3.37,4.06,,,,,,-0.6899999999999995
2023-01-19,20.52,3.39,4.09,,,,,,-0.6999999999999997
2023-01-20,19.85,3.48,4.14,,,,,,-0.6599999999999997
2023-01-23,19.81,3.52,4.21,,,,,,-0.69
2023-01-24,19.2,3.46,4.12,,,,,,-0.6600000000000001
2023-01-25,19.08,3.46,4.11,,,,,,-0.6500000000000004
2023-01-26,18.73,3.49,4.17,,,,,,-0.6799999999999997
2023-01-27,18.51,3.52,4.19,,,,,,-0.6700000000000004
2023-01-30,19.94,3.55,4.25,,,,,,-0.7000000000000002
2023-01-31,19.4,3.52,4.21,,,,,,-0.69
2023-02-01,17.87,3.39,4.09,4.57,301.45,0.05957820738137087,3.6,0.0,-0.6999999999999997
2023-02-02,18.73,3.4,4.09,,,,,,-0.69
2023-02-03,18.33,3.53,4.3,,,,,,-0.77
2023-02-06,19.43,3.63,4.44,,,,,,-0.8100000000000005
2023-02-07,18.66,3.67,4.47,,,,,,-0.7999999999999998
2023-02-08,19.63,3.63,4.45,,,,,,-0.8200000000000003
2023-02-09,20.71,3.67,4.48,,,,,,-0.8100000000000005
2023-02-10,20.53,3.74,4.5,,,,,,-0.7599999999999998
2023-02-13,20.34,3.72,4.52,,,,,,-0.7999999999999994
2023-02-14,18.91,3.77,4.6,,,,,,-0.8299999999999996
2023-02-15,18.23,3.81,4.62,,,,,,-0.81
2023-02-16,20.17,3.86,4.62,,,,,,-0.7600000000000002
2023-02-17,20.02,3.82,4.6,,,,,,-0.7799999999999998
2023-02-20,21.23,,,,,,,,
2023-02-21,22.87,3.95,4.67,,,,,,-0.7199999999999998
2023-02-22,22.29,3.93,4.66,,,,,,-0.73
2023-02-23,21.14,3.88,4.66,,,,,,-0.7800000000000002
2023-02-24,21.67,3.95,4.78,,,,,,-0.8300000000000001
2023-02-27,20.95,3.92,4.78,,,,,,-0.8600000000000003
2023-02-28,20.7,3.92,4.81,,,,,,-0.8899999999999997
2023-03-01,20.58,4.01,4.89,4.65,301.821,0.04917719362889961,3.5,0.0,-0.8799999999999999
2023-03-02,19.59,4.08,4.89,,,,,,-0.8099999999999996
2023-03-03,18.49,3.97,4.86,,,,,,-0.8900000000000001
2023-03-06,18.61,3.98,4.89,,,,,,-0.9099999999999997
2023-03-07,19.59,3.97,5.0,,,,,,-1.0299999999999998
2023-03-08,19.11,3.98,5.05,,,,,,-1.0699999999999998
2023-03-09,22.61,3.93,4.9,,,,,,-0.9700000000000002
2023-03-10,24.8,3.7,4.6,,,,,,-0.8999999999999995
2023-03-13,26.52,3.55,4.03,,,,,,-0.4800000000000004
2023-03-14,23.73,3.64,4.2,,,,,,-0.56
2023-03-15,26.14,3.51,3.93,,,,,,-0.4200000000000004
2023-03-16,22.99,3.56,4.14,,,,,,-0.5799999999999996
2023-03-17,25.51,3.39,3.81,,,,,,-0.41999999999999993
2023-03-20,24.15,3.47,3.92,,,,,,-0.44999999999999973
2023-03-21,21.38,3.59,4.17,,,,,,-0.5800000000000001
2023-03-22,22.26,3.48,3.96,,,,,,-0.48
2023-03-23,22.61,3.38,3.76,,,,,,-0.3799999999999999
2023-03-24,21.74,3.38,3.76,,,,,,-0.3799999999999999
2023-03-27,20.6,3.53,3.94,,,,,,-0.41000000000000014
2023-03-28,19.97,3.55,4.02,,,,,,-0.46999999999999975
2023-03-29,19.12,3.57,4.08,,,,,,-0.5100000000000002
2023-03-30,19.02,3.55,4.1,,,,,,-0.5499999999999998
2023-03-31,18.7,3.48,4.06,,,,,,-0.5799999999999996
2023-04-01,,,,4.83,302.845,0.049500798791243694,3.4,0.0,
2023-04-03,18.55,3.43,3.97,,,,,,-0.54
2023-04-04,19.0,3.35,3.84,,,,,,-0.48999999999999977
2023-04-05,19.08,3.3,3.79,,,,,,-0.4900000000000002
2023-04-06,18.4,3.3,3.82,,,,,,-0.52
2023-04-07,,3.39,3.97,,,,,,-0.5800000000000001
2023-04-10,18.97,3.41,4.0,,,,,,-0.5899999999999999
2023-04-11,19.1,3.43,4.03,,,,,,-0.6000000000000001
2023-04-12,19.09,3.41,3.95,,,,,,-0.54
2023-04-13,17.8,3.45,3.96,,,,,,-0.5099999999999998
2023-04-14,17.07,3.52,4.08,,,,,,-0.56
2023-04-17,16.95,3.6,4.18,,,,,,-0.5799999999999996
2023-04-18,16.83,3.58,4.19,,,,,,-0.6100000000000003
2023-04-19,16.46,3.6,4.24,,,,,,-0.6400000000000001
2023-04-20,17.17,3.54,4.14,,,,,,-0.5999999999999996
2023-04-21,16.77,3.57,4.17,,,,,,-0.6000000000000001
2023-04-24,16.89,3.52,4.12,,,,,,-0.6000000000000001
2023-04-25,18.76,3.4,3.86,,,,,,-0.45999999999999996
2023-04-26,18.84,3.43,3.9,,,,,,-0.46999999999999975
2023-04-27,17.03,3.53,4.07,,,,,,-0.5400000000000005
2023-04-28,15.78,3.44,4.04,,,,,,-0.6000000000000001
2023-05-01,16.08,3.59,4.14,5.06,303.334,0.04131851231385042,3.6,0.0,-0.5499999999999998
2023-05-02,17.78,3.44,3.97,,,,,,-0.5300000000000002
2023-05-03,18.34,3.38,3.89,,,,,,-0.5100000000000002
2023-05-04,20.09,3.37,3.75,,,,,,-0.3799999999999999
2023-05-05,17.19,3.44,3.92,,,,,,-0.48
2023-05-08,16.98,3.52,4.0,,,,,,-0.48
2023-05-09,17.71,3.53,4.01,,,,,,-0.48
2023-05-10,16.94,3.43,3.9,,,,,,-0.46999999999999975
2023-05-11,16.93,3.39,3.89,,,,,,-0.5
2023-05-12,17.03,3.46,3.98,,,,,,-0.52
2023-05-15,17.12,3.5,3.99,,,,,,-0.4900000000000002
2023-05-16,17.99,3.54,4.06,,,,,,-0.5199999999999996
2023-05-17,16.87,3.57,4.12,,,,,,-0.5500000000000003
2023-05-18,16.05,3.65,4.24,,,,,,-0.5900000000000003
2023-05-19,16.81,3.7,4.28,,,,,,-0.5800000000000001
2023-05-22,17.21,3.72,4.29,,,,,,-0.5699999999999998
2023-05-23,18.53,3.7,4.26,,,,,,-0.5599999999999996
2023-05-24,20.03,3.73,4.31,,,,,,-0.5799999999999996
2023-05-25,19.14,3.83,4.5,,,,,,-0.6699999999999999
2023-05-26,17.95,3.8,4.54,,,,,,-0.7400000000000002
2023-05-29,17.46,,,,,,,,
2023-05-30,17.46,3.69,4.46,,,,,,-0.77
2023-05-31,17.94,3.64,4.4,,,,,,-0.7600000000000002
2023-06-01,15.65,3.61,4.33,5.08,304.014,0.03070617072997095,3.6,0.0,-0.7200000000000002
2023-06-02,14.6,3.69,4.5,,,,,,-0.81
2023-06-05,14.73,3.69,4.46,,,,,,-0.77
2023-06-06,13.96,3.7,4.51,,,,,,-0.8099999999999996
2023-06-07,13.94,3.79,4.56,,,,,,-0.7699999999999996
2023-06-08,13.65,3.73,4.52,,,,,,-0.7899999999999996
2023-06-09,13.83,3.75,4.59,,,,,,-0.8399999999999999
2023-06-12,15.01,3.73,4.55,,,,,,-0.8199999999999998
2023-06-13,14.61,3.84,4.67,,,,,,-0.8300000000000001
2023-06-14,13.88,3.83,4.74,,,,,,-0.9100000000000001
2023-06-15,14.5,3.72,4.62,,,,,,-0.8999999999999999
2023-06-16,13.54,3.77,4.7,,,,,,-0.9300000000000002
2023-06-19,14.19,,,,,,,,
2023-06-20,13.88,3.74,4.68,,,,,,-0.9399999999999995
2023-06-21,13.2,3.72,4.68,,,,,,-0.9599999999999995
2023-06-22,12.91,3.8,4.77,,,,,,-0.9699999999999998
2023-06-23,13.44,3.74,4.71,,,,,,-0.9699999999999998
2023-06-26,14.25,3.72,4.65,,,,,,-0.9300000000000002
2023-06-27,13.74,3.77,4.74,,,,,,-0.9700000000000002
2023-06-28,13.43,3.71,4.71,,,,,,-1.0
2023-06-29,13.54,3.85,4.87,,,,,,-1.02
2023-06-30,13.59,3.81,4.87,,,,,,-1.06
2023-07-01,,,,5.12,304.609,0.03287749268428297,3.5,0.0,
2023-07-03,13.57,3.86,4.94,,,,,,-1.0800000000000005
2023-07-04,13.7,,,,,,,,
2023-07-05,14.18,3.95,4.94,,,,,,-0.9900000000000002
2023-07-06,15.44,4.05,4.99,,,,,,-0.9400000000000004
2023-07-07,14.83,4.06,4.94,,,,,,-0.8800000000000008
2023-07-10,15.07,4.01,4.85,,,,,,-0.8399999999999999
2023-07-11,14.84,3.99,4.88,,,,,,-0.8899999999999997
2023-07-12,13.54,3.86,4.72,,,,,,-0.8599999999999999
2023-07-13,13.61,3.76,4.59,,,,,,-0.8300000000000001
2023-07-14,13.34,3.83,4.74,,,,,,-0.9100000000000001
2023-07-17,13.48,3.81,4.74,,,,,,-0.9300000000000002
2023-07-18,13.3,3.8,4.74,,,,,,-0.9400000000000004
2023-07-19,13.76,3.75,4.74,,,,,,-0.9900000000000002
2023-07-20,13.99,3.85,4.8,,,,,,-0.9499999999999997
2023-07-21,13.6,3.84,4.82,,,,,,-0.9800000000000004
2023-07-24,13.91,3.86,4.81,,,,,,-0.9499999999999997
2023-07-25,13.86,3.91,4.85,,,,,,-0.9399999999999995
2023-07-26,13.19,3.86,4.82,,,,,,-0.9600000000000004
2023-07-27,14.41,4.01,4.91,,,,,,-0.9000000000000004
2023-07-28,13.33,3.96,4.87,,,,,,-0.9100000000000001
2023-07-31,13.63,3.97,4.88,,,,,,-0.9099999999999997
2023-08-01,13.93,4.05,4.92,5.33,306.082,0.03722504803505289,3.7,0.0,-0.8700000000000001
2023-08-02,16.09,4.08,4.88,,,,,,-0.7999999999999998
2023-08-03,15.92,4.2,4.9,,,,,,-0.7000000000000002
2023-08-04,17.1,4.05,4.78,,,,,,-0.7300000000000004
2023-08-07,15.77,4.09,4.76,,,,,,-0.6699999999999999
2023-08-08,15.99,4.02,4.74,,,,,,-0.7200000000000006
2023-08-09,15.96,4.0,4.79,,,,,,-0.79
2023-08-10,15.85,4.09,4.82,,,,,,-0.7300000000000004
2023-08-11,14.84,4.16,4.89,,,,,,-0.7299999999999995
2023-08-14,14.82,4.19,4.96,,,,,,-0.7699999999999996
2023-08-15,16.46,4.21,4.92,,,,,,-0.71
2023-08-16,16.78,4.28,4.97,,,,,,-0.6899999999999995
2023-08-17,17.89,4.3,4.94,,,,,,-0.6400000000000006
2023-08-18,17.3,4.26,4.92,,,,,,-0.6600000000000001
2023-08-21,17.13,4.34,4.97,,,,,,-0.6299999999999999
2023-08-22,16.97,4.34,5.02,,,,,,-0.6799999999999997
2023-08-23,15.98,4.19,4.95,,,,,,-0.7599999999999998
2023-08-24,17.2,4.23,4.98,,,,,,-0.75
2023-08-25,15.68,4.25,5.03,,,,,,-0.7800000000000002
2023-08-28,15.08,4.2,4.98,,,,,,-0.7800000000000002
2023-08-29,14.45,4.12,4.87,,,,,,-0.75
2023-08-30,13.88,4.12,4.9,,,,,,-0.7800000000000002
2023-08-31,13.57,4.09,4.85,,,,,,-0.7599999999999998
2023-09-01,13.09,4.18,4.87,5.33,307.276,0.03687206638119256,3.7,0.0,-0.6900000000000004
2023-09-04,13.82,,,,,,,,
2023-09-05,14.01,4.27,4.94,,,,,,-0.6700000000000008
2023-09-06,14.45,4.3,5.01,,,,,,-0.71
2023-09-07,14.4,4.27,4.94,,,,,,-0.6700000000000008
2023-09-08,13.84,4.26,4.98,,,,,,-0.7200000000000006
2023-09-11,13.8,4.29,4.97,,,,,,-0.6799999999999997
2023-09-12,14.23,4.27,4.98,,,,,,-0.7100000000000009
2023-09-13,13.48,4.25,4.96,,,,,,-0.71
2023-09-14,12.82,4.29,5.0,,,,,,-0.71
2023-09-15,13.79,4.33,5.02,,,,,,-0.6899999999999995
2023-09-18,14.0,4.32,5.05,,,,,,-0.7299999999999995
2023-09-19,14.11,4.37,5.08,,,,,,-0.71
2023-09-20,15.14,4.35,5.12,,,,,,-0.7700000000000005
2023-09-21,17.54,4.49,5.12,,,,,,-0.6299999999999999
2023-09-22,17.2,4.44,5.1,,,,,,-0.6599999999999993
2023-09-25,16.9,4.55,5.09,,,,,,-0.54
2023-09-26,18.94,4.56,5.04,,,,,,-0.4800000000000004
2023-09-27,18.22,4.61,5.1,,,,,,-0.4899999999999993
2023-09-28,17.34,4.59,5.04,,,,,,-0.4500000000000002
2023-09-29,17.52,4.59,5.03,,,,,,-0.4400000000000004
2023-10-01,,,,5.33,307.696,0.032512659098611785,3.9,0.0,
2023-10-02,17.61,4.69,5.12,,,,,,-0.4299999999999997
2023-10-03,19.78,4.81,5.15,,,,,,-0.34000000000000075
2023-10-04,18.58,4.73,5.05,,,,,,-0.3199999999999994
2023-10-05,18.49,4.72,5.03,,,,,,-0.3100000000000005
2023-10-06,17.45,4.78,5.08,,,,,,-0.2999999999999998
2023-10-09,17.7,,,,,,,,
2023-10-10,17.03,4.66,4.96,,,,,,-0.2999999999999998
2023-10-11,16.09,4.58,4.99,,,,,,-0.41000000000000014
2023-10-12,16.69,4.7,5.06,,,,,,-0.35999999999999943
2023-10-13,19.32,4.63,5.04,,,,,,-0.41000000000000014
2023-10-16,17.21,4.71,5.09,,,,,,-0.3799999999999999
2023-10-17,17.88,4.83,5.19,,,,,,-0.3600000000000003
2023-10-18,19.22,4.91,5.19,,,,,,-0.28000000000000025
2023-10-19,21.4,4.98,5.14,,,,,,-0.15999999999999925
2023-10-20,21.71,4.93,5.07,,,,,,-0.14000000000000057
2023-10-23,20.37,4.86,5.05,,,,,,-0.1899999999999995
2023-10-24,18.97,4.83,5.02,,,,,,-0.1899999999999995
2023-10-25,20.19,4.95,5.08,,,,,,-0.1299999999999999
2023-10-26,20.68,4.86,5.02,,,,,,-0.15999999999999925
2023-10-27,21.27,4.84,4.99,,,,,,-0.15000000000000036
2023-10-30,19.75,4.88,5.03,,,,,,-0.15000000000000036
2023-10-31,18.14,4.88,5.07,,,,,,-0.1900000000000004
2023-11-01,16.87,4.77,4.95,5.33,308.148,0.031333462745911866,3.7,0.0,-0.1800000000000006
2023-11-02,15.66,4.67,4.98,,,,,,-0.3100000000000005
2023-11-03,14.91,4.57,4.83,,,,,,-0.2599999999999998
2023-11-06,14.89,4.67,4.93,,,,,,-0.2599999999999998
2023-11-07,14.81,4.58,4.91,,,,,,-0.33000000000000007
2023-11-08,14.45,4.49,4.93,,,,,,-0.4399999999999995
2023-11-09,15.29,4.62,5.03,,,,,,-0.41000000000000014
2023-11-10,14.17,4.61,5.04,,,,,,-0.4299999999999997
2023-11-13,14.76,4.63,5.02,,,,,,-0.3899999999999997
2023-11-14,14.16,4.44,4.8,,,,,,-0.35999999999999943
2023-11-15,14.18,4.53,4.9,,,,,,-0.3700000000000001
2023-11-16,14.32,4.45,4.83,,,,,,-0.3799999999999999
2023-11-17,13.8,4.44,4.88,,,,,,-0.4399999999999995
2023-11-20,13.41,4.42,4.89,,,,,,-0.46999999999999975
2023-11-21,13.35,4.41,4.86,,,,,,-0.4500000000000002
2023-11-22,12.85,4.42,4.89,,,,,,-0.46999999999999975
2023-11-23,12.8,,,,,,,,
2023-11-24,12.46,4.47,4.92,,,,,,-0.4500000000000002
2023-11-27,12.69,4.39,4.84,,,,,,-0.4500000000000002
2023-11-28,12.69,4.34,4.73,,,,,,-0.39000000000000057
2023-11-29,12.98,4.27,4.64,,,,,,-0.3700000000000001
2023-11-30,12.92,4.37,4.73,,,,,,-0.3600000000000003
2023-12-01,12.63,4.22,4.56,5.33,308.741,0.033159099427102934,3.8,0.0,-0.33999999999999986
2023-12-04,13.08,4.28,4.64,,,,,,-0.35999999999999943
2023-12-05,12.85,4.18,4.57,,,,,,-0.39000000000000057
2023-12-06,12.97,4.12,4.6,,,,,,-0.47999999999999954
2023-12-07,13.06,4.14,4.58,,,,,,-0.4400000000000004
2023-12-08,12.35,4.23,4.71,,,,,,-0.47999999999999954
2023-12-11,12.63,4.23,4.71,,,,,,-0.47999999999999954
2023-12-12,12.07,4.2,4.73,,,,,,-0.5300000000000002
2023-12-13,12.19,4.04,4.46,,,,,,-0.41999999999999993
2023-12-14,12.48,3.92,4.37,,,,,,-0.4500000000000002
2023-12-15,12.28,3.91,4.44,,,,,,-0.5300000000000002
2023-12-18,12.56,3.95,4.43,,,,,,-0.47999999999999954
2023-12-19,12.53,3.93,4.41,,,,,,-0.48
2023-12-20,13.67,3.86,4.34,,,,,,-0.48
2023-12-21,13.65,3.89,4.33,,,,,,-0.43999999999999995
2023-12-22,13.03,3.9,4.31,,,,,,-0.4099999999999997
2023-12-25,,,,,,,,,
2023-12-26,12.99,3.89,4.26,,,,,,-0.36999999999999966
2023-12-27,12.43,3.79,4.2,,,,,,-0.41000000000000014
2023-12-28,12.47,3.84,4.26,,,,,,-0.41999999999999993
2023-12-29,12.45,3.88,4.23,,,,,,-0.35000000000000053
2024-01-01,,,,5.33,309.698,0.030883429864855705,3.7,0.0,
2024-01-02,13.2,3.95,4.33,,,,,,-0.3799999999999999
2024-01-03,14.04,3.91,4.33,,,,,,-0.41999999999999993
2024-01-04,14.13,3.99,4.38,,,,,,-0.3899999999999997
2024-01-05,13.35,4.05,4.4,,,,,,-0.35000000000000053
2024-01-08,13.08,4.01,4.36,,,,,,-0.35000000000000053
2024-01-09,12.76,4.02,4.36,,,,,,-0.34000000000000075
2024-01-10,12.69,4.04,4.37,,,,,,-0.33000000000000007
2024-01-11,12.44,3.98,4.26,,,,,,-0.2799999999999998
2024-01-12,12.7,3.96,4.14,,,,,,-0.17999999999999972
2024-01-15,13.25,,,,,,,,
2024-01-16,13.84,4.07,4.22,,,,,,-0.14999999999999947
2024-01-17,14.79,4.1,4.34,,,,,,-0.2400000000000002
2024-01-18,14.13,4.14,4.34,,,,,,-0.20000000000000018
2024-01-19,13.3,4.15,4.39,,,,,,-0.23999999999999932
2024-01-22,13.19,4.11,4.37,,,,,,-0.2599999999999998
2024-01-23,12.55,4.14,4.31,,,,,,-0.16999999999999993
2024-01-24,13.14,4.18,4.34,,,,,,-0.16000000000000014
2024-01-25,13.45,4.14,4.28,,,,,,-0.14000000000000057
2024-01-26,13.26,4.15,4.34,,,,,,-0.1899999999999995
2024-01-29,13.6,4.08,4.29,,,,,,-0.20999999999999996
2024-01-30,13.31,4.06,4.36,,,,,,-0.3000000000000007
2024-01-31,14.35,3.99,4.27,,,,,,-0.27999999999999936
2024-02-01,13.88,3.87,4.2,5.33,310.967,0.03157074141648697,3.9,0.0,-0.33000000000000007
2024-02-02,13.85,4.03,4.36,,,,,,-0.33000000000000007
2024-02-05,13.67,4.17,4.46,,,,,,-0.29000000000000004
2024-02-06,13.06,4.09,4.39,,,,,,-0.2999999999999998
2024-02-07,12.83,4.09,4.41,,,,,,-0.3200000000000003
2024-02-08,12.79,4.15,4.46,,,,,,-0.3099999999999996
2024-02-09,12.93,4.17,4.48,,,,,,-0.3100000000000005
2024-02-12,13.93,4.17,4.46,,,,,,-0.29000000000000004
2024-02-13,15.85,4.31,4.64,,,,,,-0.33000000000000007
2024-02-14,14.38,4.27,4.56,,,,,,-0.29000000000000004
2024-02-15,14.01,4.24,4.56,,,,,,-0.3199999999999994
2024-02-16,14.24,4.3,4.64,,,,,,-0.33999999999999986
2024-02-19,14.71,,,,,,,,
2024-02-20,15.42,4.27,4.59,,,,,,-0.3200000000000003
2024-02-21,15.34,4.32,4.64,,,,,,-0.3199999999999994
2024-02-22,14.54,4.33,4.69,,,,,,-0.3600000000000003
2024-02-23,13.75,4.26,4.67,,,,,,-0.41000000000000014
2024-02-26,13.74,4.28,4.69,,,,,,-0.41000000000000014
2024-02-27,13.43,4.31,4.7,,,,,,-0.39000000000000057
2024-02-28,13.84,4.27,4.64,,,,,,-0.3700000000000001
2024-02-29,13.4,4.25,4.64,,,,,,-0.3899999999999997
2024-03-01,13.11,4.19,4.54,5.33,312.345,0.034868349120836584,3.9,0.0,-0.34999999999999964
2024-03-04,13.49,4.22,4.61,,,,,,-0.39000000000000057
2024-03-05,14.46,4.13,4.54,,,,,,-0.41000000000000014
2024-03-06,14.5,4.11,4.55,,,,,,-0.4399999999999995
2024-03-07,14.44,4.09,4.5,,,,,,-0.41000000000000014
2024-03-08,14.74,4.09,4.48,,,,,,-0.39000000000000057
2024-03-11,15.22,4.1,4.51,,,,,,-0.41000000000000014
2024-03-12,13.84,4.16,4.58,,,,,,-0.41999999999999993
2024-03-13,13.75,4.19,4.61,,,,,,-0.41999999999999993
2024-03-14,14.4,4.29,4.68,,,,,,-0.3899999999999997
2024-03-15,14.41,4.31,4.72,,,,,,-0.41000000000000014
2024-03-18,14.33,4.34,4.73,,,,,,-0.39000000000000057
2024-03-19,13.82,4.3,4.68,,,,,,-0.3799999999999999
2024-03-20,13.04,4.27,4.59,,,,,,-0.3200000000000003
2024-03-21,12.92,4.27,4.62,,,,,,-0.35000000000000053
2024-03-22,13.06,4.22,4.59,,,,,,-0.3700000000000001
2024-03-25,13.19,4.25,4.54,,,,,,-0.29000000000000004
2024-03-26,13.24,4.24,4.56,,,,,,-0.3199999999999994
2024-03-27,12.78,4.2,4.54,,,,,,-0.33999999999999986
2024-03-28,13.01,4.2,4.59,,,,,,-0.3899999999999997
2024-03-29,,,,,,,,,
2024-04-01,13.65,4.33,4.72,5.33,313.023,0.033607951262196734,3.9,0.0,-0.3899999999999997
2024-04-02,14.61,4.36,4.7,,,,,,-0.33999999999999986
2024-04-03,14.33,4.36,4.68,,,,,,-0.3199999999999994
2024-04-04,16.35,4.31,4.65,,,,,,-0.34000000000000075
2024-04-05,16.03,4.39,4.73,,,,,,-0.34000000000000075
2024-04-08,15.19,4.42,4.78,,,,,,-0.3600000000000003
2024-04-09,14.98,4.36,4.74,,,,,,-0.3799999999999999
2024-04-10,15.8,4.55,4.97,,,,,,-0.41999999999999993
2024-04-11,14.91,4.56,4.93,,,,,,-0.3700000000000001
2024-04-12,17.31,4.5,4.88,,,,,,-0.3799999999999999
2024-04-15,19.23,4.63,4.93,,,,,,-0.2999999999999998
2024-04-16,18.4,4.67,4.97,,,,,,-0.2999999999999998
2024-04-17,18.21,4.59,4.93,,,,,,-0.33999999999999986
2024-04-18,18.0,4.64,4.98,,,,,,-0.34000000000000075
2024-04-19,18.71,4.62,4.97,,,,,,-0.34999999999999964
2024-04-22,16.94,4.62,4.97,,,,,,-0.34999999999999964
2024-04-23,15.69,4.61,4.86,,,,,,-0.25
2024-04-24,15.97,4.65,4.89,,,,,,-0.23999999999999932
2024-04-25,15.37,4.7,4.96,,,,,,-0.2599999999999998
2024-04-26,15.03,4.67,4.96,,,,,,-0.29000000000000004
2024-04-29,14.67,4.63,4.97,,,,,,-0.33999999999999986
2024-04-30,15.65,4.69,5.04,,,,,,-0.34999999999999964
2024-05-01,15.39,4.63,4.96,5.33,313.175,0.03244278584003113,3.9,0.0,-0.33000000000000007
2024-05-02,14.68,4.58,4.87,,,,,,-0.29000000000000004
2024-05-03,13.49,4.5,4.81,,,,,,-0.3099999999999996
2024-05-06,13.49,4.49,4.82,,,,,,-0.33000000000000007
2024-05-07,13.23,4.47,4.82,,,,,,-0.35000000000000053
2024-05-08,13.0,4.48,4.84,,,,,,-0.35999999999999943
2024-05-09,12.69,4.45,4.8,,,,,,-0.34999999999999964
2024-05-10,12.55,4.5,4.87,,,,,,-0.3700000000000001
2024-05-13,13.6,4.48,4.85,,,,,,-0.3699999999999992
2024-05-14,13.42,4.45,4.81,,,,,,-0.35999999999999943
2024-05-15,12.45,4.36,4.73,,,,,,-0.3700000000000001
2024-05-16,12.42,4.38,4.78,,,,,,-0.40000000000000036
2024-05-17,11.99,4.42,4.83,,,,,,-0.41000000000000014
2024-05-20,12.15,4.44,4.82,,,,,,-0.3799999999999999
2024-05-21,11.86,4.41,4.82,,,,,,-0.41000000000000014
2024-05-22,12.29,4.43,4.86,,,,,,-0.4300000000000006
2024-05-23,12.77,4.47,4.91,,,,,,-0.4400000000000004
2024-05-24,11.93,4.46,4.93,,,,,,-0.46999999999999975
2024-05-27,12.36,,,,,,,,
2024-05-28,12.92,4.54,4.94,,,,,,-0.40000000000000036
2024-05-29,14.28,4.61,4.96,,,,,,-0.34999999999999964
2024-05-30,14.47,4.55,4.92,,,,,,-0.3700000000000001
2024-05-31,12.92,4.51,4.89,,,,,,-0.3799999999999999
2024-06-01,,,,5.33,313.044,0.029702579486470926,4.1,0.0,
2024-06-03,13.11,4.41,4.82,,,,,,-0.41000000000000014
2024-06-04,13.16,4.33,4.77,,,,,,-0.4399999999999995
2024-06-05,12.63,4.29,4.72,,,,,,-0.4299999999999997
2024-06-06,12.58,4.28,4.72,,,,,,-0.4399999999999995
2024-06-07,12.22,4.43,4.87,,,,,,-0.4400000000000004
2024-06-10,12.74,4.47,4.87,,,,,,-0.40000000000000036
2024-06-11,12.85,4.39,4.81,,,,,,-0.41999999999999993
2024-06-12,12.04,4.31,4.75,,,,,,-0.4400000000000004
2024-06-13,11.94,4.24,4.68,,,,,,-0.4399999999999995
2024-06-14,12.66,4.2,4.67,,,,,,-0.46999999999999975
2024-06-17,12.75,4.28,4.75,,,,,,-0.46999999999999975
2024-06-18,12.3,4.22,4.69,,,,,,-0.47000000000000064
2024-06-19,12.48,,,,,,,,
2024-06-20,13.28,4.25,4.7,,,,,,-0.4500000000000002
2024-06-21,13.2,4.25,4.7,,,,,,-0.4500000000000002
2024-06-24,13.33,4.25,4.71,,,,,,-0.45999999999999996
2024-06-25,12.84,4.23,4.65,,,,,,-0.41999999999999993
2024-06-26,12.55,4.32,4.71,,,,,,-0.3899999999999997
2024-06-27,12.24,4.29,4.7,,,,,,-0.41000000000000014
2024-06-28,12.44,4.36,4.71,,,,,,-0.34999999999999964
2024-07-01,12.22,4.48,4.77,5.33,313.569,0.029414757935583014,4.2,0.0,-0.28999999999999915
2024-07-02,12.03,4.43,4.74,,,,,,-0.3100000000000005
2024-07-03,12.09,4.36,4.71,,,,,,-0.34999999999999964
2024-07-04,12.26,,,,,,,,
2024-07-05,12.48,4.28,4.6,,,,,,-0.3199999999999994
2024-07-08,12.37,4.28,4.62,,,,,,-0.33999999999999986
2024-07-09,12.51,4.3,4.62,,,,,,-0.3200000000000003
2024-07-10,12.85,4.28,4.62,,,,,,-0.33999999999999986
2024-07-11,12.92,4.2,4.5,,,,,,-0.2999999999999998
2024-07-12,12.46,4.18,4.45,,,,,,-0.27000000000000046
2024-07-15,13.12,4.23,4.44,,,,,,-0.20999999999999996
2024-07-16,13.19,4.17,4.43,,,,,,-0.2599999999999998
2024-07-17,14.48,4.16,4.42,,,,,,-0.2599999999999998
2024-07-18,15.93,4.2,4.46,,,,,,-0.2599999999999998
2024-07-19,16.52,4.25,4.49,,,,,,-0.2400000000000002
2024-07-22,14.91,4.26,4.5,,,,,,-0.2400000000000002
2024-07-23,14.72,4.25,4.4,,,,,,-0.15000000000000036
2024-07-24,18.04,4.28,4.37,,,,,,-0.08999999999999986
2024-07-25,18.46,4.27,4.41,,,,,,-0.14000000000000057
2024-07-26,16.39,4.2,4.36,,,,,,-0.16000000000000014
2024-07-29,16.6,4.17,4.36,,,,,,-0.1900000000000004
2024-07-30,17.69,4.15,4.35,,,,,,-0.1999999999999993
2024-07-31,16.36,4.09,4.29,,,,,,-0.20000000000000018
2024-08-01,18.59,3.99,4.16,5.33,314.062,0.02607144490692037,4.2,0.0,-0.16999999999999993
2024-08-02,23.39,3.8,3.88,,,,,,-0.08000000000000007
2024-08-05,38.57,3.78,3.89,,,,,,-0.11000000000000032
2024-08-06,27.71,3.9,3.99,,,,,,-0.0900000000000003
2024-08-07,27.85,3.96,4.0,,,,,,-0.040000000000000036
2024-08-08,23.79,3.99,4.04,,,,,,-0.04999999999999982
2024-08-09,20.37,3.94,4.05,,,,,,-0.10999999999999988
2024-08-12,20.71,3.9,4.01,,,,,,-0.10999999999999988
2024-08-13,18.12,3.85,3.93,,,,,,-0.08000000000000007
2024-08-14,16.19,3.83,3.94,,,,,,-0.10999999999999988
2024-08-15,15.23,3.92,4.08,,,,,,-0.16000000000000014
2024-08-16,14.8,3.89,4.06,,,,,,-0.16999999999999948
2024-08-19,14.65,3.86,4.06,,,,,,-0.19999999999999973
2024-08-20,15.88,3.82,3.99,,,,,,-0.17000000000000037
2024-08-21,16.27,3.79,3.92,,,,,,-0.1299999999999999
2024-08-22,17.55,3.86,3.99,,,,,,-0.13000000000000034
2024-08-23,15.86,3.81,3.9,,,,,,-0.08999999999999986
2024-08-26,16.15,3.82,3.91,,,,,,-0.0900000000000003
2024-08-27,15.43,3.83,3.83,,,,,,0.0
2024-08-28,17.11,3.84,3.83,,,,,,0.009999999999999787
2024-08-29,15.65,3.87,3.87,,,,,,0.0
2024-08-30,15.0,3.91,3.91,,,,,,0.0
2024-09-01,,,,5.13,314.732,0.024264830315416708,4.1,0.0,
2024-09-02,15.55,,,,,,,,
2024-09-03,20.72,3.84,3.88,,,,,,-0.040000000000000036
2024-09-04,21.32,3.77,3.76,,,,,,0.010000000000000231
2024-09-05,19.9,3.73,3.75,,,,,,-0.020000000000000018
2024-09-06,22.38,3.72,3.66,,,,,,0.06000000000000005
2024-09-09,19.45,3.7,3.68,,,,,,0.020000000000000018
2024-09-10,19.08,3.65,3.59,,,,,,0.06000000000000005
2024-09-11,17.69,3.65,3.62,,,,,,0.029999999999999805
2024-09-12,17.07,3.68,3.64,,,,,,0.040000000000000036
2024-09-13,16.56,3.66,3.57,,,,,,0.0900000000000003
2024-09-16,17.14,3.63,3.56,,,,,,0.06999999999999984
2024-09-17,17.61,3.65,3.59,,,,,,0.06000000000000005
2024-09-18,18.23,3.7,3.61,,,,,,0.0900000000000003
2024-09-19,16.33,3.73,3.59,,,,,,0.14000000000000012
2024-09-20,16.15,3.73,3.55,,,,,,0.18000000000000016
2024-09-23,15.89,3.75,3.57,,,,,,0.18000000000000016
2024-09-24,15.39,3.74,3.49,,,,,,0.25
2024-09-25,15.41,3.79,3.53,,,,,,0.26000000000000023
2024-09-26,15.37,3.79,3.6,,,,,,0.18999999999999995
2024-09-27,16.96,3.75,3.55,,,,,,0.20000000000000018
2024-09-30,16.73,3.81,3.66,,,,,,0.1499999999999999
2024-10-01,19.26,3.74,3.61,4.83,315.631,0.02578844053871343,4.1,0.0,0.13000000000000034
2024-10-02,18.9,3.79,3.63,,,,,,0.16000000000000014
2024-10-03,20.49,3.85,3.7,,,,,,0.1499999999999999
2024-10-04,19.21,3.98,3.93,,,,,,0.04999999999999982
2024-10-07,22.64,4.03,3.99,,,,,,0.040000000000000036
2024-10-08,21.42,4.04,3.98,,,,,,0.06000000000000005
2024-10-09,20.86,4.06,3.99,,,,,,0.0699999999999994
2024-10-10,20.93,4.09,3.98,,,,,,0.10999999999999988
2024-10-11,20.46,4.08,3.95,,,,,,0.1299999999999999
2024-10-14,19.7,,,,,,,,
2024-10-15,20.64,4.03,3.95,,,,,,0.08000000000000007
2024-10-16,19.58,4.02,3.93,,,,,,0.08999999999999941
2024-10-17,19.11,4.09,3.96,,,,,,0.1299999999999999
2024-10-18,18.03,4.08,3.95,,,,,,0.1299999999999999
2024-10-21,18.37,4.19,4.02,,,,,,0.17000000000000082
2024-10-22,18.2,4.2,4.03,,,,,,0.16999999999999993
2024-10-23,19.24,4.24,4.07,,,,,,0.16999999999999993
2024-10-24,19.08,4.21,4.07,,,,,,0.13999999999999968
2024-10-25,20.33,4.25,4.11,,,,,,0.13999999999999968
2024-10-28,19.8,4.28,4.12,,,,,,0.16000000000000014
2024-10-29,19.34,4.28,4.11,,,,,,0.16999999999999993
2024-10-30,20.35,4.29,4.15,,,,,,0.13999999999999968
2024-10-31,23.16,4.28,4.16,,,,,,0.1200000000000001
2024-11-01,21.88,4.37,4.21,4.64,316.528,0.02719472461284833,4.2,0.0,0.16000000000000014
2024-11-04,21.98,4.31,4.17,,,,,,0.13999999999999968
2024-11-05,20.49,4.26,4.19,,,,,,0.0699999999999994
2024-11-06,16.27,4.42,4.27,,,,,,0.15000000000000036
2024-11-07,15.2,4.31,4.21,,,,,,0.09999999999999964
2024-11-08,14.94,4.3,4.26,,,,,,0.040000000000000036
2024-11-11,14.97,,,,,,,,
2024-11-12,14.71,4.43,4.34,,,,,,0.08999999999999986
2024-11-13,14.02,4.44,4.27,,,,,,0.17000000000000082
2024-11-14,14.31,4.43,4.34,,,,,,0.08999999999999986
2024-11-15,16.14,4.43,4.31,,,,,,0.1200000000000001
2024-11-18,15.58,4.42,4.29,,,,,,0.1299999999999999
2024-11-19,16.35,4.39,4.27,,,,,,0.1200000000000001
2024-11-20,17.16,4.41,4.31,,,,,,0.10000000000000053
2024-11-21,16.87,4.43,4.34,,,,,,0.08999999999999986
2024-11-22,15.24,4.41,4.37,,,,,,0.040000000000000036
2024-11-25,14.6,4.27,4.21,,,,,,0.05999999999999961
2024-11-26,14.1,4.3,4.21,,,,,,0.08999999999999986
2024-11-27,14.1,4.25,4.19,,,,,,0.05999999999999961
2024-11-28,13.9,,,,,,,,
2024-11-29,13.51,4.18,4.13,,,,,,0.04999999999999982
2024-12-01,,,,4.48,317.604,0.028706909675099812,4.1,0.0,
2024-12-02,13.34,4.19,4.17,,,,,,0.020000000000000462
2024-12-03,13.3,4.23,4.17,,,,,,0.0600000000000005
2024-12-04,13.45,4.19,4.13,,,,,,0.0600000000000005
2024-12-05,13.54,4.17,4.15,,,,,,0.019999999999999574
2024-12-06,12.77,4.15,4.1,,,,,,0.05000000000000071
2024-12-09,14.19,4.2,4.13,,,,,,0.07000000000000028
2024-12-10,14.18,4.22,4.15,,,,,,0.0699999999999994
2024-12-11,13.58,4.26,4.15,,,,,,0.10999999999999943
2024-12-12,13.92,4.32,4.18,,,,,,0.14000000000000057
2024-12-13,13.81,4.4,4.25,,,,,,0.15000000000000036
2024-12-16,14.69,4.39,4.25,,,,,,0.13999999999999968
2024-12-17,15.87,4.4,4.25,,,,,,0.15000000000000036
2024-12-18,27.62,4.5,4.35,,,,,,0.15000000000000036
2024-12-19,24.09,4.57,4.32,,,,,,0.25
2024-12-20,18.36,4.52,4.3,,,,,,0.21999999999999975
2024-12-23,16.78,4.59,4.3,,,,,,0.29000000000000004
2024-12-24,14.27,4.59,4.29,,,,,,0.2999999999999998
2024-12-25,,,,,,,,,
2024-12-26,14.73,4.58,4.3,,,,,,0.28000000000000025
2024-12-27,15.95,4.62,4.31,,,,,,0.3100000000000005
2024-12-30,17.4,4.55,4.24,,,,,,0.3099999999999996
2024-12-31,17.35,4.58,4.25,,,,,,0.33000000000000007
2025-01-01,,,,4.33,318.961,0.029909783078999608,4.0,0.0,
2025-01-02,17.93,4.57,4.25,,,,,,0.3200000000000003
2025-01-03,16.13,4.6,4.28,,,,,,0.3199999999999994
2025-01-06,16.04,4.62,4.28,,,,,,0.33999999999999986
2025-01-07,17.82,4.67,4.3,,,,,,0.3700000000000001
2025-01-08,17.7,4.67,4.28,,,,,,0.3899999999999997
2025-01-09,18.07,4.68,4.27,,,,,,0.41000000000000014
2025-01-10,19.54,4.77,4.4,,,,,,0.3699999999999992
2025-01-13,19.19,4.79,4.4,,,,,,0.3899999999999997
2025-01-14,18.71,4.78,4.37,,,,,,0.41000000000000014
2025-01-15,16.12,4.66,4.27,,,,,,0.39000000000000057
2025-01-16,16.6,4.61,4.23,,,,,,0.3799999999999999
2025-01-17,15.97,4.61,4.27,,,,,,0.34000000000000075
2025-01-20,15.81,,,,,,,,
2025-01-21,15.06,4.57,4.29,,,,,,0.28000000000000025
2025-01-22,15.1,4.6,4.29,,,,,,0.3099999999999996
2025-01-23,15.02,4.65,4.29,,,,,,0.3600000000000003
2025-01-24,14.85,4.63,4.27,,,,,,0.3600000000000003
2025-01-27,17.9,4.53,4.17,,,,,,0.3600000000000003
2025-01-28,16.41,4.55,4.19,,,,,,0.35999999999999943
2025-01-29,16.56,4.55,4.21,,,,,,0.33999999999999986
2025-01-30,15.84,4.52,4.18,,,,,,0.33999999999999986
2025-01-31,16.43,4.58,4.22,,,,,,0.3600000000000003
2025-02-01,,,,4.33,319.679,0.028015834477613355,4.2,0.0,
2025-02-03,18.62,4.54,4.26,,,,,,0.28000000000000025
2025-02-04,17.21,4.52,4.21,,,,,,0.3099999999999996
2025-02-05,15.77,4.43,4.17,,,,,,0.2599999999999998
2025-02-06,15.5,4.45,4.21,,,,,,0.2400000000000002
2025-02-07,16.54,4.49,4.29,,,,,,0.20000000000000018
2025-02-10,15.81,4.51,4.28,,,,,,0.22999999999999954
2025-02-11,16.02,4.54,4.29,,,,,,0.25
2025-02-12,15.89,4.62,4.36,,,,,,0.2599999999999998
2025-02-13,15.1,4.52,4.31,,,,,,0.20999999999999996
2025-02-14,14.77,4.47,4.26,,,,,,0.20999999999999996
2025-02-17,15.37,,,,,,,,
2025-02-18,15.35,4.55,4.29,,,,,,0.2599999999999998
2025-02-19,15.27,4.53,4.28,,,,,,0.25
2025-02-20,15.66,4.5,4.28,,,,,,0.21999999999999975
2025-02-21,18.21,4.42,4.19,,,,,,0.22999999999999954
2025-02-24,18.98,4.4,4.13,,,,,,0.27000000000000046
2025-02-25,19.43,4.3,4.07,,,,,,0.22999999999999954
2025-02-26,19.1,4.25,4.05,,,,,,0.20000000000000018
2025-02-27,21.13,4.29,4.07,,,,,,0.21999999999999975
2025-02-28,19.63,4.24,3.99,,,,,,0.25
2025-03-01,,,,4.33,319.785,0.02381981462805549,4.2,0.0,
2025-03-03,22.78,4.16,3.96,,,,,,0.20000000000000018
2025-03-04,23.51,4.22,3.96,,,,,,0.2599999999999998
2025-03-05,21.93,4.28,3.99,,,,,,0.29000000000000004
2025-03-06,24.87,4.29,3.96,,,,,,0.33000000000000007
2025-03-07,23.37,4.32,3.99,,,,,,0.33000000000000007
2025-03-10,27.86,4.22,3.89,,,,,,0.3299999999999996
2025-03-11,26.92,4.28,3.94,,,,,,0.3400000000000003
2025-03-12,24.23,4.32,4.01,,,,,,0.3100000000000005
2025-03-13,24.66,4.27,3.94,,,,,,0.3299999999999996
2025-03-14,21.77,4.31,4.02,,,,,,0.29000000000000004
2025-03-17,20.51,4.31,4.06,,,,,,0.25
2025-03-18,21.7,4.29,4.04,,,,,,0.25
2025-03-19,19.9,4.25,3.99,,,,,,0.2599999999999998
2025-03-20,19.8,4.24,3.95,,,,,,0.29000000000000004
2025-03-21,19.28,4.25,3.94,,,,,,0.31000000000000005
2025-03-24,17.48,4.34,4.04,,,,,,0.2999999999999998
2025-03-25,17.15,4.31,3.96,,,,,,0.34999999999999964
2025-03-26,18.33,4.35,3.98,,,,,,0.36999999999999966
2025-03-27,18.69,4.38,3.97,,,,,,0.4099999999999997
2025-03-28,21.65,4.27,3.89,,,,,,0.37999999999999945
2025-03-31,22.28,4.23,3.89,,,,,,0.3400000000000003
2025-04-01,21.77,4.17,3.87,4.33,320.302,0.0232538823025783,4.2,0.0,0.2999999999999998
2025-04-02,21.51,4.2,3.91,,,,,,0.29000000000000004
2025-04-03,30.02,4.06,3.71,,,,,,0.34999999999999964
2025-04-04,45.31,4.01,3.68,,,,,,0.3299999999999996
2025-04-07,46.98,4.15,3.73,,,,,,0.4200000000000004
2025-04-08,52.33,4.26,3.71,,,,,,0.5499999999999998
2025-04-09,33.62,4.34,3.91,,,,,,0.4299999999999997
2025-04-10,40.72,4.4,3.84,,,,,,0.5600000000000005
2025-04-11,37.56,4.48,3.96,,,,,,0.5200000000000005
2025-04-14,30.89,4.38,3.84,,,,,,0.54
2025-04-15,30.12,4.35,3.84,,,,,,0.5099999999999998
2025-04-16,32.64,4.29,3.77,,,,,,0.52
2025-04-17,29.65,4.34,3.81,,,,,,0.5299999999999998
2025-04-18,,,,,,,,,
2025-04-21,33.82,4.42,3.75,,,,,,0.6699999999999999
2025-04-22,30.57,4.41,3.76,,,,,,0.6500000000000004
2025-04-23,28.45,4.4,3.81,,,,,,0.5900000000000003
2025-04-24,26.47,4.32,3.77,,,,,,0.5500000000000003
2025-04-25,24.84,4.29,3.74,,,,,,0.5499999999999998
2025-04-28,25.15,4.23,3.67,,,,,,0.5600000000000005
2025-04-29,24.17,4.19,3.65,,,,,,0.5400000000000005
2025-04-30,24.7,4.17,3.6,,,,,,0.5699999999999998
2025-05-01,24.6,4.25,3.7,4.33,320.62,0.023772651073680873,4.3,0.0,0.5499999999999998
2025-05-02,22.68,4.33,3.83,,,,,,0.5
2025-05-05,23.64,4.36,3.83,,,,,,0.5300000000000002
2025-05-06,24.76,4.3,3.78,,,,,,0.52
2025-05-07,23.55,4.26,3.78,,,,,,0.48
2025-05-08,22.48,4.37,3.9,,,,,,0.4700000000000002
2025-05-09,21.9,4.37,3.88,,,,,,0.4900000000000002
2025-05-12,18.39,4.45,3.98,,,,,,0.4700000000000002
2025-05-13,18.22,4.49,4.02,,,,,,0.47000000000000064
2025-05-14,18.62,4.53,4.05,,,,,,0.4800000000000004
2025-05-15,17.83,4.45,3.96,,,,,,0.4900000000000002
2025-05-16,17.24,4.43,3.98,,,,,,0.44999999999999973
2025-05-19,18.14,4.46,3.97,,,,,,0.48999999999999977
2025-05-20,18.09,4.48,3.97,,,,,,0.5100000000000002
2025-05-21,20.87,4.58,4.0,,,,,,0.5800000000000001
2025-05-22,20.28,4.54,4.0,,,,,,0.54
2025-05-23,22.29,4.51,4.0,,,,,,0.5099999999999998
2025-05-26,20.57,,,,,,,,
2025-05-27,18.96,4.43,3.92,,,,,,0.5099999999999998
2025-05-28,19.31,4.47,3.96,,,,,,0.5099999999999998
2025-05-29,19.18,4.43,3.92,,,,,,0.5099999999999998
2025-05-30,18.57,4.41,3.89,,,,,,0.52
2025-06-01,,,,4.33,321.435,0.02680453865910226,4.1,0.0,
2025-06-02,18.36,4.46,3.94,,,,,,0.52
2025-06-03,17.69,4.46,3.96,,,,,,0.5
2025-06-04,17.61,4.37,3.87,,,,,,0.5
2025-06-05,18.48,4.4,3.92,,,,,,0.4800000000000004
2025-06-06,16.77,4.51,4.04,,,,,,0.46999999999999975
2025-06-09,17.16,4.49,4.01,,,,,,0.4800000000000004
2025-06-10,16.95,4.47,4.01,,,,,,0.45999999999999996
2025-06-11,17.26,4.41,3.94,,,,,,0.4700000000000002
2025-06-12,18.02,4.36,3.9,,,,,,0.4600000000000004
2025-06-13,20.82,4.41,3.96,,,,,,0.4500000000000002
2025-06-16,19.11,4.46,3.97,,,,,,0.48999999999999977
2025-06-17,21.6,4.39,3.94,,,,,,0.44999999999999973
2025-06-18,20.14,4.38,3.94,,,,,,0.43999999999999995
2025-06-19,22.17,,,,,,,,
2025-06-20,20.62,4.38,3.9,,,,,,0.48
2025-06-23,19.83,4.34,3.84,,,,,,0.5
2025-06-24,17.48,4.3,3.75,,,,,,0.5499999999999998
2025-06-25,16.76,4.29,3.74,,,,,,0.5499999999999998
2025-06-26,16.59,4.26,3.7,,,,,,0.5599999999999996
2025-06-27,16.32,4.29,3.73,,,,,,0.56
2025-06-30,16.73,4.24,3.72,,,,,,0.52
2025-07-01,16.83,4.26,3.78,4.33,322.169,0.02742618052167134,4.3,0.0,0.48
2025-07-02,16.64,4.3,3.78,,,,,,0.52
2025-07-03,16.38,4.35,3.88,,,,,,0.46999999999999975
2025-07-04,17.48,,,,,,,,
2025-07-07,17.79,4.4,3.9,,,,,,0.5000000000000004
2025-07-08,16.81,4.42,3.9,,,,,,0.52
2025-07-09,15.94,4.34,3.86,,,,,,0.48
2025-07-10,15.78,4.35,3.86,,,,,,0.48999999999999977
2025-07-11,16.4,4.43,3.9,,,,,,0.5299999999999998
2025-07-14,17.2,4.43,3.9,,,,,,0.5299999999999998
2025-07-15,17.38,4.5,3.95,,,,,,0.5499999999999998
2025-07-16,17.16,4.46,3.88,,,,,,0.5800000000000001
2025-07-17,16.52,4.47,3.91,,,,,,0.5599999999999996
2025-07-18,16.41,4.44,3.88,,,,,,0.5600000000000005
2025-07-21,16.65,4.38,3.85,,,,,,0.5299999999999998
2025-07-22,16.5,4.35,3.83,,,,,,0.5199999999999996
2025-07-23,15.37,4.4,3.88,,,,,,0.5200000000000005
2025-07-24,15.39,4.43,3.91,,,,,,0.5199999999999996
2025-07-25,14.93,4.4,3.91,,,,,,0.4900000000000002
2025-07-28,15.03,4.42,3.91,,,,,,0.5099999999999998
2025-07-29,15.98,4.34,3.86,,,,,,0.48
2025-07-30,15.48,4.38,3.94,,,,,,0.43999999999999995
2025-07-31,16.72,4.37,3.94,,,,,,0.43000000000000016
2025-08-01,20.38,4.23,3.69,4.33,323.291,0.029385917430316155,4.3,0.0,0.5400000000000005
2025-08-04,17.52,4.22,3.69,,,,,,0.5299999999999998
2025-08-05,17.85,4.22,3.72,,,,,,0.49999999999999956
2025-08-06,16.77,4.22,3.69,,,,,,0.5299999999999998
2025-08-07,16.57,4.23,3.72,,,,,,0.5100000000000002
2025-08-08,15.15,4.27,3.76,,,,,,0.5099999999999998
2025-08-11,16.25,4.27,3.76,,,,,,0.5099999999999998
2025-08-12,14.73,4.29,3.72,,,,,,0.5699999999999998
2025-08-13,14.49,4.24,3.67,,,,,,0.5700000000000003
2025-08-14,14.83,4.29,3.74,,,,,,0.5499999999999998
2025-08-15,15.09,4.33,3.75,,,,,,0.5800000000000001
2025-08-18,14.99,4.34,3.77,,,,,,0.5699999999999998
2025-08-19,15.57,4.3,3.75,,,,,,0.5499999999999998
2025-08-20,15.69,4.29,3.74,,,,,,0.5499999999999998
2025-08-21,16.6,4.33,3.79,,,,,,0.54
2025-08-22,14.22,4.26,3.68,,,,,,0.5799999999999996
2025-08-25,14.79,4.28,3.73,,,,,,0.5500000000000003
2025-08-26,14.62,4.26,3.61,,,,,,0.6499999999999999
2025-08-27,14.85,4.24,3.59,,,,,,0.6500000000000004
2025-08-28,14.43,4.22,3.62,,,,,,0.5999999999999996
2025-08-29,15.36,4.23,3.59,,,,,,0.6400000000000006
2025-09-01,16.12,,,4.22,324.245,0.030225715847133294,4.4,0.0,
2025-09-02,17.17,4.28,3.66,,,,,,0.6200000000000001
2025-09-03,16.35,4.22,3.61,,,,,,0.6099999999999999
2025-09-04,15.3,4.17,3.59,,,,,,0.5800000000000001
2025-09-05,15.18,4.1,3.51,,,,,,0.5899999999999999
2025-09-08,15.11,4.05,3.49,,,,,,0.5599999999999996
2025-09-09,15.04,4.08,3.54,,,,,,0.54
2025-09-10,15.35,4.04,3.54,,,,,,0.5
2025-09-11,14.71,4.01,3.52,,,,,,0.48999999999999977
2025-09-12,14.76,4.06,3.56,,,,,,0.49999999999999956
2025-09-15,15.69,4.05,3.54,,,,,,0.5099999999999998
2025-09-16,16.36,4.04,3.51,,,,,,0.5300000000000002
2025-09-17,15.72,4.06,3.52,,,,,,0.5399999999999996
2025-09-18,15.7,4.11,3.57,,,,,,0.5400000000000005
2025-09-19,15.45,4.14,3.57,,,,,,0.5699999999999998
2025-09-22,16.1,4.15,3.61,,,,,,0.5400000000000005
2025-09-23,16.64,4.12,3.53,,,,,,0.5900000000000003
2025-09-24,16.18,4.16,3.57,,,,,,0.5900000000000003
2025-09-25,16.74,4.18,3.64,,,,,,0.5399999999999996
2025-09-26,15.29,4.2,3.63,,,,,,0.5700000000000003
2025-09-29,16.12,4.15,3.63,,,,,,0.5200000000000005
2025-09-30,16.28,4.16,3.6,,,,,,0.56
2025-10-01,16.29,4.12,3.55,4.09,,,,0.0,0.5700000000000003
2025-10-02,16.63,4.1,3.55,,,,,,0.5499999999999998
2025-10-03,16.65,4.13,3.58,,,,,,0.5499999999999998
2025-10-06,16.37,4.18,3.6,,,,,,0.5799999999999996
2025-10-07,17.24,4.14,3.57,,,,,,0.5699999999999998
2025-10-08,16.3,4.13,3.58,,,,,,0.5499999999999998
2025-10-09,16.43,4.14,3.6,,,,,,0.5399999999999996
2025-10-10,21.66,4.05,3.52,,,,,,0.5299999999999998
2025-10-13,19.03,,,,,,,,
2025-10-14,20.81,4.03,3.48,,,,,,0.5500000000000003
2025-10-15,20.64,4.05,3.5,,,,,,0.5499999999999998
2025-10-16,25.31,3.99,3.41,,,,,,0.5800000000000001
2025-10-17,20.78,4.02,3.46,,,,,,0.5599999999999996
2025-10-20,18.23,4.0,3.46,,,,,,0.54
2025-10-21,17.87,3.98,3.45,,,,,,0.5299999999999998
2025-10-22,18.6,3.97,3.45,,,,,,0.52
2025-10-23,17.3,4.01,3.48,,,,,,0.5299999999999998
2025-10-24,16.37,4.02,3.48,,,,,,0.5399999999999996
2025-10-27,15.79,4.01,3.48,,,,,,0.5299999999999998
2025-10-28,16.42,3.99,3.47,,,,,,0.52
2025-10-29,16.92,4.08,3.59,,,,,,0.4900000000000002
2025-10-30,16.91,4.11,3.61,,,,,,0.5000000000000004
2025-10-31,17.44,4.11,3.6,,,,,,0.5100000000000002
2025-11-01,,,,3.88,325.063,0.026964439164939513,4.5,0.0,
2025-11-03,17.17,4.13,3.6,,,,,,0.5299999999999998
2025-11-04,19.0,4.1,3.58,,,,,,0.5199999999999996
2025-11-05,18.01,4.17,3.63,,,,,,0.54
2025-11-06,19.5,4.11,3.57,,,,,,0.5400000000000005
2025-11-07,19.08,4.11,3.55,,,,,,0.5600000000000005
2025-11-10,17.6,4.13,3.58,,,,,,0.5499999999999998
2025-11-11,17.28,,,,,,,,
2025-11-12,17.51,4.08,3.56,,,,,,0.52
2025-11-13,20.0,4.11,3.58,,,,,,0.5300000000000002
2025-11-14,19.83,4.14,3.62,,,,,,0.5199999999999996
2025-11-17,22.38,4.13,3.6,,,,,,0.5299999999999998
2025-11-18,24.69,4.12,3.58,,,,,,0.54
2025-11-19,23.66,4.13,3.58,,,,,,0.5499999999999998
2025-11-20,26.42,4.1,3.55,,,,,,0.5499999999999998
2025-11-21,23.43,4.06,3.51,,,,,,0.5499999999999998
2025-11-24,20.52,4.04,3.46,,,,,,0.5800000000000001
2025-11-25,18.56,4.01,3.43,,,,,,0.5799999999999996
2025-11-26,17.19,4.0,3.45,,,,,,0.5499999999999998
2025-11-27,17.21,,,,,,,,
2025-11-28,16.35,4.02,3.47,,,,,,0.5499999999999994
2025-12-01,17.24,4.09,3.54,3.72,326.031,0.02653304114557753,4.4,0.0,0.5499999999999998
2025-12-02,16.59,4.09,3.51,,,,,,0.5800000000000001
2025-12-03,16.08,4.06,3.49,,,,,,0.5699999999999994
2025-12-04,15.78,4.11,3.52,,,,,,0.5900000000000003
2025-12-05,15.41,4.14,3.56,,,,,,0.5799999999999996
2025-12-08,16.66,4.17,3.57,,,,,,0.6000000000000001
2025-12-09,16.93,4.18,3.61,,,,,,0.5699999999999998
2025-12-10,15.77,4.13,3.54,,,,,,0.5899999999999999
2025-12-11,14.85,4.14,3.52,,,,,,0.6199999999999997
2025-12-12,15.74,4.19,3.52,,,,,,0.6700000000000004
2025-12-15,16.5,4.18,3.51,,,,,,0.6699999999999999
2025-12-16,16.48,4.15,3.48,,,,,,0.6700000000000004
2025-12-17,17.62,4.16,3.49,,,,,,0.6699999999999999
2025-12-18,16.87,4.12,3.46,,,,,,0.6600000000000001
2025-12-19,14.91,4.16,3.48,,,,,,0.6800000000000002
2025-12-22,14.08,4.17,3.44,,,,,,0.73
2025-12-23,14.0,4.18,3.48,,,,,,0.6999999999999997
2025-12-24,13.47,4.15,3.47,,,,,,0.6800000000000002
2025-12-25,,,,,,,,,
2025-12-26,13.6,4.14,3.46,,,,,,0.6799999999999997
2025-12-29,14.2,4.12,3.45,,,,,,0.6699999999999999
2025-12-30,14.33,4.14,3.45,,,,,,0.6899999999999995
2025-12-31,14.95,4.18,3.47,,,,,,0.7099999999999995
2026-01-01,,,,3.64,326.588,0.02391201432150014,4.3,0.0,
2026-01-02,14.51,4.19,3.47,,,,,,0.7200000000000002
2026-01-05,14.9,4.17,3.46,,,,,,0.71
2026-01-06,14.75,4.18,3.47,,,,,,0.7099999999999995
2026-01-07,15.38,4.15,3.47,,,,,,0.6800000000000002
2026-01-08,15.45,4.19,3.49,,,,,,0.7000000000000002
2026-01-09,14.49,4.18,3.54,,,,,,0.6399999999999997
2026-01-12,15.12,4.19,3.54,,,,,,0.6500000000000004
2026-01-13,15.98,4.18,3.53,,,,,,0.6499999999999999
2026-01-14,16.75,4.15,3.51,,,,,,0.6400000000000006
2026-01-15,15.84,4.17,3.56,,,,,,0.6099999999999999
2026-01-16,15.86,4.24,3.59,,,,,,0.6500000000000004
2026-01-19,18.84,,,,,,,,
2026-01-20,20.09,4.3,3.6,,,,,,0.6999999999999997
2026-01-21,16.9,4.26,3.6,,,,,,0.6599999999999997
2026-01-22,15.64,4.26,3.61,,,,,,0.6499999999999999
2026-01-23,16.09,4.24,3.6,,,,,,0.6400000000000001
2026-01-26,16.15,4.22,3.56,,,,,,0.6599999999999997
2026-01-27,16.35,4.24,3.53,,,,,,0.7100000000000004
2026-01-28,16.35,4.26,3.56,,,,,,0.6999999999999997
2026-01-29,16.88,4.24,3.53,,,,,,0.7100000000000004
2026-01-30,17.44,4.26,3.52,,,,,,0.7399999999999998
2026-02-01,,,,3.64,327.46,0.024340041103732224,4.4,0.0,
2026-02-02,16.34,4.29,3.57,,,,,,0.7200000000000002
2026-02-03,18.0,4.28,3.57,,,,,,0.7100000000000004
2026-02-04,18.64,4.29,3.57,,,,,,0.7200000000000002
2026-02-05,21.77,4.21,3.47,,,,,,0.7399999999999998
2026-02-06,17.76,4.22,3.5,,,,,,0.7199999999999998
2026-02-09,17.36,4.22,3.48,,,,,,0.7399999999999998
2026-02-10,17.79,4.16,3.45,,,,,,0.71
2026-02-11,17.65,4.18,3.52,,,,,,0.6599999999999997
2026-02-12,20.82,4.09,3.47,,,,,,0.6199999999999997
2026-02-13,20.6,4.04,3.4,,,,,,0.6400000000000001
2026-02-16,21.2,,,,,,,,
2026-02-17,20.29,4.05,3.43,,,,,,0.6199999999999997
2026-02-18,19.62,4.09,3.47,,,,,,0.6199999999999997
2026-02-19,20.23,4.08,3.47,,,,,,0.6099999999999999
2026-02-20,19.09,4.08,3.48,,,,,,0.6000000000000001
2026-02-23,21.01,4.03,3.43,,,,,,0.6000000000000001
2026-02-24,19.55,4.04,3.43,,,,,,0.6099999999999999
2026-02-25,17.93,4.05,3.45,,,,,,0.5999999999999996
2026-02-26,18.63,4.02,3.42,,,,,,0.5999999999999996
2026-02-27,19.86,3.97,3.38,,,,,,0.5900000000000003
2026-03-01,,,,3.64,330.293,0.032859577528651984,4.3,0.0,
2026-03-02,21.44,4.05,3.47,,,,,,0.5799999999999996
2026-03-03,23.57,4.06,3.51,,,,,,0.5499999999999998
2026-03-04,21.15,4.09,3.54,,,,,,0.5499999999999998
2026-03-05,23.75,4.13,3.57,,,,,,0.56
2026-03-06,29.49,4.15,3.56,,,,,,0.5900000000000003
2026-03-09,25.5,4.12,3.56,,,,,,0.56
2026-03-10,24.93,4.15,3.57,,,,,,0.5800000000000005
2026-03-11,24.23,4.21,3.64,,,,,,0.5699999999999998
2026-03-12,27.29,4.27,3.76,,,,,,0.5099999999999998
2026-03-13,27.19,4.28,3.73,,,,,,0.5500000000000003
2026-03-16,23.51,4.23,3.68,,,,,,0.5500000000000003
2026-03-17,22.37,4.2,3.68,,,,,,0.52
2026-03-18,25.09,4.26,3.76,,,,,,0.5
2026-03-19,24.06,4.25,3.79,,,,,,0.45999999999999996
2026-03-20,26.78,4.39,3.88,,,,,,0.5099999999999998
2026-03-23,26.15,4.34,3.83,,,,,,0.5099999999999998
2026-03-24,26.95,4.39,3.9,,,,,,0.48999999999999977
2026-03-25,25.33,4.33,3.84,,,,,,0.4900000000000002
2026-03-26,27.44,4.42,3.96,,,,,,0.45999999999999996
2026-03-27,31.05,4.44,3.88,,,,,,0.5600000000000005
2026-03-30,30.61,4.35,3.82,,,,,,0.5299999999999998
2026-03-31,25.25,4.3,3.79,,,,,,0.5099999999999998
2026-04-01,24.54,4.33,3.81,3.64,,,,0.0,0.52
2026-04-02,23.87,4.31,3.79,,,,,,0.5199999999999996
2026-04-03,,4.35,3.84,,,,,,0.5099999999999998
2026-04-06,24.17,4.34,3.84,,,,,,0.5
2026-04-07,25.78,4.33,3.81,,,,,,0.52
2026-04-08,21.04,4.29,3.79,,,,,,0.5
2026-04-09,19.49,4.29,3.78,,,,,,0.5100000000000002
2026-04-10,19.23,4.31,3.81,,,,,,0.49999999999999956
2026-04-13,19.12,4.3,3.78,,,,,,0.52
2026-04-14,18.36,4.26,3.76,,,,,,0.5
2026-04-15,18.17,4.29,3.76,,,,,,0.5300000000000002
2026-04-16,17.94,4.32,3.78,,,,,,0.5400000000000005
2026-04-17,17.48,4.26,3.71,,,,,,0.5499999999999998
2026-04-20,18.87,4.26,3.72,,,,,,0.5399999999999996
2026-04-21,19.5,4.3,3.78,,,,,,0.52
2026-04-22,18.92,4.3,3.79,,,,,,0.5099999999999998
2026-04-23,19.31,4.34,3.83,,,,,,0.5099999999999998
2026-04-24,18.71,4.31,3.78,,,,,,0.5299999999999998
2026-04-27,18.02,4.35,3.78,,,,,,0.5699999999999998
2026-04-28,17.83,4.36,3.84,,,,,,0.5200000000000005
2026-04-29,18.81,4.42,3.92,,,,,,0.5
2026-04-30,16.89,4.4,3.88,,,,,,0.5200000000000005
2026-05-01,16.99,,,,,,,,
